company_name,company_number_0,company_number_1,company_number_2,company_number_3,company_number_4,company_email_0,company_email_1,company_email_2,company_link_0,company_link_1,company_link_2,company_link_3,price_0,price_1,price_2,price_3,price_4,price_5,price_6,price_7,price_8,price_9,price_10,price_11
#nomad travel,+44 1902 943711,,,,,day2and8testing@nomadtravel.co.uk,,,www.nomadtravel.co.uk,,,,20.0,,,,,,,,,,,
*everything genetic ltd,+44 1270 623179,,,,,covidtestbookings@everythinggeneticltd.co.uk,,,covidtests.everythinggeneticltd.co.uk,,,,115.0,,,,,,,,,,,
+001 expert covid testing uk,+44 1925 691542,,,,,enquiries@expertcovidtestinguk.com,,,www.expertcovidtestinguk.com,,,,20.0,,,,,,,,,,,
+247 travel tests,+44 333 210 2247,,,,,info@247traveltests.com,,,www.247traveltests.com,,,,20.0,,,,,,,,,,,
+44 covid test,+44 20 3950 3394,,,,,hello@0044covidtest.com,,,0044covidtest.com,,,,20.0,99.0,,,,,,,,,,
.0000covid 19 private test ltd,+44 330 133 3844,,,,,info@covidtravelpcr.com,,,covidtravelpcr.com,,,,199.0,,,,,,,,,,,
.0001 ace-thetix,+44 20 7193 6318,,,,,covid@testingservices.online,,,www.testingservices.online,,,,155.0,,,,,,,,,,,
.001expert tms limited,+44 1925 691542,,,,,enquiries@expertcovidtestinguk.com,,,www.expertcovidtestinguk.com,,,,20.0,,,,,,,,,,,
.001my express testing,+44 161 672 5190,,,,,enquiries@myexpresstesting.co.uk,,,www.myexpresstesting.co.uk,,,,20.0,,,,,,,,,,,
.004 medical testing,+44 161 989 5333,,,,,info@4mdicaltesting.co.uk,info@4medicaltesting.co.uk,,4medicaltesting.co.uk,,,,99.0,40.0,,,,,,,,,,
.expert doctors,+44 1274 270270,,,,,support@expertdoctors.uk,,,www.expertdoctors.uk,,,,20.0,,,,,,,,,,,
.medical covid test,+44 161 527 7960,,,,,support@medicalcovidtest.com,,,www.medicalcovidtest.com,,,,24.0,,,,,,,,,,,
0 covid clear,,,,,,help@0covidclear.com,,,www.0covidclear.com,,,,178.0,20.0,,,,,,,,,,
0+blindspot global,+44 333 242 0580,,,,,info@blindspotglobal.com,,,www.blindspotglobal.com,,,,20.0,120.0,,,,,,,,,,
0+g16 covid testing,+44 20 3991 6493,,,,,arrivals@coronatest.co.uk,,,www.coronatest.co.uk,,,,20.0,,,,,,,,,,,
0-100 travel 19,,,,,,hello@travel19.co.uk,,,www.travel19.co.uk,,,,20.0,,,,,,,,,,,
00 harley medic international,+44 330 390 3666,,,,,info@harleymedic.co.uk,,,www.harleymedic.co.uk,,,,20.0,,,,,,,,,,,
000 book a travel test,+44 20 3811 8197,,,,,support@bookatraveltest.com,,,www.bookatraveltest.com,,,,159.99,,,,,,,,,,,
0000covid 19 private test ltd,+44 330 133 3844,,,,,info@covidtravelpcr.com,,,covidtravelpcr.com,,,,199.0,,,,,,,,,,,
0001ace-thetix,+44 20 7193 6318,,,,,covid@testingservices.online,,,testingservices.online,,,,140.0,175.0,50.0,,,,,,,,,
0001travelscreening,+44 1270 623179,,,,,covidtestbookings@everythinggeneticltd.co.uk,,,covidtests.everythinggeneticltd.co.uk,,,,20.0,,,,,,,,,,,
001 alpha express testing,+44 161 672 5190,,,,,enquiries@001alphaexpresstesting.co.uk,,,www.001alphaexpresstesting.co.uk,,,,124.99,20.0,,,,,,,,,,
001 covid test,+44 330 133 4285,,,,,contact@001covidtest.co.uk,,,001covidtest.co.uk,www.001covidtest.co.uk,,,155.0,169.0,140.0,100.0,60.0,45.0,120.0,130.0,39.0,,,
001 digital health group ltd t/a pharma diagnostics,+44 20 8432 3309,,,,,info@pharmadiagnostics.co.uk,info@pcrdirect.co.uk,,pcrdirect.co.uk,,,,198.0,20.0,184.0,,,,,,,,,
001 expert covid testing uk,+44 1925 691542,,,,,enquiries@expertcovidtestinguk.com,,,www.expertcovidtestinguk.com,,,,20.0,,,,,,,,,,,
001aexpresstesting,+44 161 672 5190,,,,,enquiries@myexpresstesting.co.uk,,,www.myexpresstesting.co.uk,,,,20.0,,,,,,,,,,,
001expert covid testing uk,+44 1925 691542,,,,,enquiries@expertcovidtestinguk.com,,,www.expertcovidtestinguk.com,,,,20.0,,,,,,,,,,,
004 medical testing,+44 161 989 5333,,,,,info@4medicaltesting.co.uk,info@medicaltesting.co.uk,,4medicaltesting.co.uk,,,,149.0,43.5,64.0,198.0,59.99,55.99,99.0,,,,,
0044 covid test,+44 20 3983 5043,+44 20 3950 3394,,,,hello@0044covidtest.com,,,0044covidtest.com,www.0044covidtest.com,,,105.0,80.0,60.0,99.0,25.0,20.0,,,,,,
0044healthtesting,+44 1228 112411,,,,,help@0044healthtesting.co.uk,mail@0044healthtesting.co.uk,,,0044healthtesting.co.uk,,,299.0,,,,,,,,,,,
004medical testing,+44 161 989 5333,,,,,info@4medicaltesting.co.uk,,,4medicaltesting.co.uk,,,,40.0,,,,,,,,,,,
00analysis1,+44 161 806 0420,,,,,help@00analysis1.co.uk,,,00analysis1.co.uk,,,,100.0,,,,,,,,,,,
00expert tms limited,+44 1925 691542,,,,,enquiries@expertcovidtestinguk.com,,,www.expertcovidtestinguk.com,,,,20.0,,,,,,,,,,,
01 ct24 solutions ltd,+44 20 4533 8934,,,,,info@ct24.co.uk,,,ct24.co.uk,,,,20.0,149.0,40.0,,,,,,,,,
01 harley street,+44 20 3886 1301,,,,,help@01harleystreet.co.uk,,,01harleystreet.co.uk,,,,249.0,23.0,,,,,,,,,,
01 health hub,+44 1604 930385,,,,,info@thehealthhub.com,,,www.1healthhub.co.uk,,,,20.0,,,,,,,,,,,
01harleystreet,+44 20 3886 1301,,,,,help@01harleystreet.co.uk,,,,01harleystreet.co.uk,,,20.0,99.0,,,,,,,,,,
01pcrtravel london,+44 20 3475 7050,,,,,info@pcrtravel.co.uk,,,pcrtravel.co.uk,,,,20.0,149.0,,,,,,,,,,
01st class testing,+44 20 3442 0280,,,,,info@1stclasstesting.co.uk,,,1stclasstesting.co.uk,,,,20.0,,,,,,,,,,,
04 medical testing,+44 161 989 5333,,,,,info@4medicaltesting.co.uk,,,4medicaltesting.co.uk,,,,199.0,,,,,,,,,,,
044 covid test,+44 20 3950 3394,,,,,hello@0044covidtest.com,,,0044covidtest.com,,,,99.0,,,,,,,,,,,
0ptimized body & mind,+44 333 012 4214,,,,,info@optimizedbodyandmind.co.uk,,,optimizedbodyandmind.co.uk,,,,20.0,,,,,,,,,,,
1  harley medic international,+44 330 390 3666,,,,,info@harleymedic.co.uk,,,www.harleymedic.co.uk,,,,20.0,99.0,,,,,,,,,,
1  nomad,+44 1902 943711,,,,,day2and8testing@nomadtravel.co.uk,,,www.nomadtravel.co.uk,,,,20.0,99.0,,,,,,,,,,
1 affordabletest.com,+44 20 3475 0940,,,,,travel@1affordabletest.com,,,1affordabletest.com,,,,34.99,,,,,,,,,,,
1 alpha express testing,+44 161 672 5190,,,,,enquiries@001alphaexpresstesting.co.uk,,,www.001alphaexpresstesting.co.uk,,,,20.0,,,,,,,,,,,
1 corporate covid tests,+44 20 3950 3394,,,,,1corporate@rightangled.co,,,www.1corporatecovidtests.com,,,,25.0,109.0,,,,,,,,,,
1 covclinics,+44 161 529 5488,,,,,info@covclinics.co.uk,,,www.1covclinics.co.uk,www.covclinics.co.uk,,,114.0,194.0,75.0,60.0,180.0,179.99,39.99,20.0,40.0,169.99,,
1 harley medic international,+44 330 390 3666,,,,,info@harleymedic.co.uk,,,www.harleymedic.co.uk,,,,20.0,,,,,,,,,,,
1 health hub,+44 1604 930385,,,,,info@thehealthhub.com,,,www.1healthhub.co.uk,,,,175.0,99.0,98.0,45.0,25.0,18.99,172.0,149.99,20.0,74.99,,
1 health hub ltd,+44 1604 930385,,,,,info@thehealthhub.com,,,www.1healthhub.co.uk,,,,175.0,39.0,,,,,,,,,,
1 nhl pharmacy,+44 7393 845321,,,,,esales@nhlpharmacy.co.uk,,,www.getavaccine.co.uk,,,,220.0,,,,,,,,,,,
1 pcrtravel london,+44 20 3475 7050,,,,,info@pcrtravel.co.uk,,,pcrtravel.co.uk,,,,20.0,,,,,,,,,,,
1 st class testing,+44 20 3442 0280,,,,,info@1stclasstesting.co.uk,,,1stclasstesting.co.uk,,,,20.0,,,,,,,,,,,
1 stop covid shop,+44 7862 268224,+44 20 3642 2141,+44 202778657,+44 201927381,+44 033282821,contact@1stopcovidshop.com,,,www.1stopcovidshop.com,1stopcovidshop.com,,,155.0,150.0,130.0,60.0,59.0,40.0,14.99,45.0,149.0,20.99,20.0,175.0
10 harley linknurse clinic london,+44 20 3950 8134,,,,,10harley@linknurse.co.uk,,,www.linknurse.co.uk,,,,160.0,,,,,,,,,,,
10 hs linknurse clinic london,+44 20 3950 8134,,,,,10harley@linknurse.co.uk,,,www.linknurse.co.uk,,,,160.0,320.0,,,,,,,,,,
100 covid clear,+44 330 133 3899,,,,,help@100covidclear.co.uk,,,100covidclear.co.uk,,,,239.0,198.0,95.0,49.0,40.0,30.0,28.0,4.95,178.0,20.0,,
101 covid travel clinic,+44 333 090 9494,,,,,info@covidtravelclinics.com,,,www.covidtravelclinics.com,,,,175.0,155.0,,,,,,,,,,
101 expert doctors,+44 1274 270270,,,,,support@expertdoctors.uk,,,www.expertdoctors.uk,,,,20.0,,,,,,,,,,,
101 testing,+44 20 3488 8434,,,,,info@101testing.co.uk,admin@101testing.co.uk,,101testing.co.uk,,,,132.0,118.0,98.0,75.0,25.0,128.0,,,,,,
1010labs,+44 113 466 0065,+44 121 822 8430,,,,covenquiries@1010labs.co.uk,,,www.1010labs.co.uk,,,,169.0,179.0,168.0,94.0,59.0,39.99,34.0,25.0,9.99,99.99,89.99,20.0
107 harley street,+44 20 7935 8627,,,,,covidtesting@107harleystreet.co.uk,,,107harleystreet.co.uk,,,,150.0,245.0,,,,,,,,,,
118 testing,+44 20 3128 2728,,,,,contact@118testing.com,,,118testing.com,,,,25.0,,,,,,,,,,,
118testing,+44 20 3642 2142,+44 751012816,,,,contact@118testing.com,,,118testing.com,,,,28.99,30.0,139.0,25.0,,,,,,,,
12-14 pharmacy,+44 7724 573336,,,,,1214pharmacyltd@gmail.com,,,www.theacornpharmacy.com,,,,210.0,,,,,,,,,,,
121 covicall,+44 7942 322777,+44 7942 349166,,,,info@121covicall.com,,,121covicall.com,,,,23.99,159.0,150.0,22.0,149.0,20.0,,,,,,
121 pure testing,+44 121 293 0414,,,,,hello@puretesting.co.uk,,,puretesting.co.uk,,,,199.0,,,,,,,,,,,
123 clinics,+44 121 817 0999,,,,,info@123clinics.co.uk,,,123clinics.co.uk,,,,118.99,149.0,,,,,,,,,,
123 covid labs,+44 113 521 7944,,,,,support@123labs.co.uk,,,,www.123labs.co.uk,,,20.0,150.0,169.0,,,,,,,,,
123clinics,+44 121 817 0999,,,,,mail@123clinics.co.uk,info@123clinics.co.uk,,123clinics.co.uk,,,,59.0,40.0,12.45,149.0,20.0,149.99,,,,,,
123covidtests,+44 20 3148 2505,,,,,support@123tests.co.uk,,,www.123tests.co.uk,,,,20.0,,,,,,,,,,,
123tests.co.uk,+44 20 3148 2505,,,,,support@123tests.co.uk,,,,123tests.co.uk,,,55.0,36.0,150.0,27.0,,,,,,,,
15 minute covid test,+44 20 3369 0075,,,,,info@15minutecovidtest.co.uk,,,www.15minutecovidtest.co.uk,,,,210.0,169.0,,,,,,,,,,
1affordabletest,+44 20 3475 0940,,,,,travel@1affordabletest.com,,,1affordabletest.com,,,,20.0,,,,,,,,,,,
1affordabletest.com,+44 20 3475 0940,,,,,travel@1affordabletest.com,,,1affordabletest.com,,,,179.0,34.99,20.0,,,,,,,,,
1corporate covid tests,+44 20 3950 3394,,,,,1corporate@rightangled.co,,,www.1corporatecovidtests.com,,,,125.0,105.0,84.0,109.0,,,,,,,,
1rapid clinics,+44 20 3137 5047,,,,,info@1rapidclinics.co.uk,,,rapidclinics.co.uk,1rapidclinics.co.uk,,,155.0,134.0,130.0,126.0,125.0,,,,,,,
1st class testing,+44 7552 251725,+44 20 3442 0280,,,,info@1stclasstesting.co.uk,,,1stclasstesting.co.uk,,,,160.0,98.0,109.0,,,,,,,,,
1st class testing ltd,+44 20 3442 0280,,,,,info@1stclasstesting.co.uk,,,1stclasstesting.co.uk,,,,20.0,109.0,,,,,,,,,,
1west end medical practice uk,+44 20 3137 5062,,,,,info@1westendmedicalpracticeuk.com,,,1westendmedicalpracticeuk.com,,,,124.0,,,,,,,,,,,
1west end medical practice uk ltd,+44 20 3137 5062,,,,,info@1westendmedicalpracticeuk.com,,,1westendmedicalpracticeuk.com,,,,124.0,,,,,,,,,,,
1westendmedicalpracticeuk,+44 20 3137 5062,,,,,info@1westendmedicalpracticeuk.com,,,,1westendmedicalpracticeuk.com,,,124.0,24.0,,,,,,,,,,
20/30 labs,+44 1604 265119,,,,,2and8@2030lab.com,,,www.2030lab.com,,,,198.0,199.0,157.0,,,,,,,,,
247 travel tests,+44 333 210 2247,,,,,info@247traveltests.com,,,www.247traveltests.com,,,,150.0,86.0,25.0,20.0,,,,,,,,
247hometesting,+44 20397683534,+44 20 3976 8353,+44 203976835,,,info@247hometesting.com,,,247hometesting.com,,,,150.0,129.0,25.0,39.99,,,,,,,,
247hometesting.com,+44 20 3976 8353,,,,,info@247hometesting.com,,,247hometesting.com,,,,39.99,,,,,,,,,,,
258 postal racoo screening ltd,+44 800 254 5201,+44 1793 677480,,,,258postaltesting@racoo.co.uk,info@racoo.co.uk,,www.258postal.com,www.racoorapidtesting.com,,,165.0,245.0,,,,,,,,,,
29 fleet street ltd,+44 20 8175 8891,,,,,testandrelease@fleetstreetclinic.com,,,fleetstreetclinic.com,,,,275.0,,,,,,,,,,,
29 fleet street ltd t/a fleet street clinic,+44 20 7353 5678,,,,,testandrelease@fleetstreetclinic.com,,,fleetstreetclinic.com,,,,275.0,,,,,,,,,,,
3a covid testing limited,+44 20 3371 1008,,,,,info@3acovidtesting.com,,,3acovidtesting.com,,,,135.0,145.0,,,,,,,,,,
3six health,+44 330 133 4208,,,,,support@3sixhealth.co.uk,,,3sixtesting.co.uk,,,,198.0,179.0,,,,,,,,,,
4 medical testing,+44 161 989 5333,,,,,info@4medicaltesting.co.uk,,,4medicaltesting.co.uk,,,,189.0,198.0,,,,,,,,,,
@001 alpha express testing,+44 161 672 5190,,,,,enquiries@001alphaexpresstesting.co.uk,,,www.001alphaexpresstesting.co.uk,,,,20.0,,,,,,,,,,,
@01a my express testing,+44 161 672 5190,,,,,enquiries@myexpresstesting.co.uk,,,www.myexpresstesting.co.uk,,,,20.0,,,,,,,,,,,
@corona tests,+44 121 820 5555,,,,,info@coronatests.com,,,www.coronatests.com,,,,250.0,145.0,,,,,,,,,,
@covid19 health clinics limited,+44 20 3811 8545,,,,,info@covid19healthclinics.com,,,,,,,199.0,,,,,,,,,,,
@harley street nurses (t/a harley street nurses ltd),+44 20 7637 5511,,,,,covidtest@harleystreetnurses.com,,,www.harleystreetnurses.com,,,,111.0,,,,,,,,,,,
a hasu diagnostics,+44 333 772 6254,,,,,enquiry@hasudiagnostics.com,,,www.hasudiagnostics.com,,,,99.0,,,,,,,,,,,
a yct medlabs,+44 7930 011007,,,,,info@yourcovidtests.co.uk,,,yourcovidtests.co.uk,,,,128.0,,,,,,,,,,,
a1 covid testing,+44 1603 567257,,,,,info@a1covidtesting.com,,,www.a1covidtesting.com,,,,27.0,,,,,,,,,,,
a1 global testing limited,+44 20 7337 2427,+44 7459 740756,,,,admin@a1globaltesting.com,,,a1globaltesting.com,,,,164.99,148.99,133.99,,,,,,,,,
a1 track&travel,+44 16973 61948,+44 333 335 5910,,,,info@a1trackandtravel.co.uk,,,www.a1trackandtravel.co.uk,,,,95.0,195.0,,,,,,,,,,
abbeycovidscreening,+44 1270 623179,,,,,covidtestbookings@everythinggeneticltd.co.uk,,,0001abbeycovidscreening.com,,,,20.0,,,,,,,,,,,
abg covic ltd,+44 7434 885786,,,,,info@abgcovic.com,,,abgcovic.com,,,,142.0,118.0,,,,,,,,,,
abicare health,+44 161 518 2999,,,,,results@abicarehealth.co.uk,,,abicarehealth.co.uk,,,,64.0,56.0,45.0,128.0,20.0,,,,,,,
abicare health solutions,+44 161 518 2999,,,,,results@abicarehealth.co.uk,,,abicarehealth.co.uk,,,,20.0,150.0,30.0,,,,,,,,,
abicare health solutions ltd (riva health),+44 161 518 2999,,,,,results@abicarehealth.co.uk,,,abicarehealth.co.uk,,,,135.0,109.0,,,,,,,,,,
accendolab limited,+44 330 133 3612,,,,,info@accendolab.co.uk,traveltests@accendolab.co.uk,,www.accendolab.co.uk,,,,195.0,145.0,120.0,80.0,60.0,50.0,,,,,,
ace-thetix,+44 20 7193 6318,,,,,covid@testingservices.online,,,testingservices.online,,,,50.0,135.0,110.0,,,,,,,,,
acethetix,+44 20 7193 6318,,,,,covid@testingservices.online,,,www.testingservices.online,,,,120.0,,,,,,,,,,,
acethetix testing services,+44 20 7193 3618,,,,,covid@testingservices.online,,,www.testingservices.online,,,,125.0,,,,,,,,,,,
acorn occupational health ltd,+44 1260 27797,+44 1260 277797,,,,aburrows@acornoh.co.uk,covid@acornoh.co.uk,,www.acornoh.co.uk,,,,195.0,170.0,156.0,,,,,,,,,
advisa  medica,+44 20 8953 9989,,,,,doctor@doctorjlevy.com,,,www.covidtestingclinic.co.uk,,,,148.0,,,,,,,,,,,
advisa medica,+44 20 8953 9989,,,,,doctor@doctorjlevy.com,info@covidtestingclinic.co.uk,,www.covidtestingclinic.co.uk,covidtestingclinic.co.uk,,,188.0,220.0,148.0,,,,,,,,,
aeromedical consulting uk,+44 333 577 4944,,,,,covidtesting@aeromedicalconsulting.co.uk,,,www.aeromedicalconsulting.co.uk,testingatamcuk.com,,,149.0,139.0,,,,,,,,,,
aesthetika clinic,+44 1909 563000,,,,,info@aesthetika.co.uk,,,www.aesthetika.co.uk,,,,280.0,285.0,260.0,250.0,,,,,,,,
af aesthetics (enoura medical),+44 20 7183 6465,+44 20 7602 6745,,,,info@covidtesthub.co.uk,,,www.covidtesthub.co.uk,,,,210.0,159.0,,,,,,,,,,
affinity health,+44 1473 351029,,,,,support@affinityhealth.uk,,,www.affinityhealth.uk,,,,219.0,,,,,,,,,,,
afforable tfnow,+44 141 628 5667,,,,,day28@londontest.co,,,londontest.co.uk,,,,20.0,169.0,,,,,,,,,,
agg coventry ltd ta vantage chemist,+44 24 7622 2985,,,,,vantagechemist@btconnect.com,,,www.vantagechemistcoventry.com,,,,175.0,170.0,,,,,,,,,,
agilis health,+44 1592 269570,,,,,help@agilishealth.co.uk,,,agilishealth.co.uk,,,,234.0,,,,,,,,,,,
ais covid testing ltd,+44 7942 322777,,,,,info@aiscovid.com,,,aiscovid.com,www.aiscovid.com,,,147.0,118.0,75.0,59.0,48.0,68.0,150.0,149.0,,,,
al-shadhilli ltd,+44 121 439 8062,,,,,shifapharmacist@gmail.com,,,www.shifa-pharmacy.co.uk,,,,155.0,,,,,,,,,,,
alexandru livinschi (t/a bai long ltd),+44 7902 198555,+44 20 7520 9236,,,,office@covid19getatest.co.uk,,,covid19getatest.co.uk,,,,198.0,180.0,164.0,,,,,,,,,
alexandru livinschi (t/a gat c-19),+44 20 7520 9236,,,,,office@covid19getatest.co.uk,,,covid19getatest.co.uk,,,,164.0,,,,,,,,,,,
all healthcare,+44 330 223 6783,,,,,info@allhealthcare.co.uk,,,allhealthcare.co.uk,,,,147.0,127.0,49.0,36.0,24.0,,,,,,,
alphabiolabs,+44 1925 255450,+44 0441925255450,,,,covid@alphabiolabs.com,,,www.alphabiolabs.co.uk,,,,120.0,55.0,110.0,65.0,130.0,,,,,,,
alphamedicol ltd,+44 330 223 6808,,,,,info@alphamedicol.co.uk,,,alphamedicol.co.uk,,,,180.0,,,,,,,,,,,
alphamedicol ltd.,+44 330 223 6808,,,,,info@alphamedicol.co.uk,,,alphamedicol.co.uk,,,,180.0,,,,,,,,,,,
ambulance services 24 ltd,+44 1264 310303,,,,,info@ambulanceservices24.co.uk,,,www.ambulanceservices24.co.uk,,,,260.0,,,,,,,,,,,
ambutech pre-hospital care,+44 161 505 1959,,,,,covid@ambutech.co.uk,,,ambutech.co.uk,,,,200.0,,,,,,,,,,,
amin pharmacy,+44 20 8570 9144,,,,,aminpharmacy@outlook.com,,,www.aminpharmacyhounslow.co.uk,,,,175.0,150.0,,,,,,,,,,
an sf screening and vaccination service,+44 113 873 0242,,,,,info@sfvaccinations.co.uk,,,www.sfvaccinations.co.uk,,,,250.0,,,,,,,,,,,
analysis1,+44 161 806 0420,,,,,help@00analysis1.co.uk,,,analysis1.co.uk,,,,100.0,,,,,,,,,,,
andres pharmacy,+44 20 8904 9059,,,,,andrespharm261@hotmail.com,,,pharmaelite.co.uk,,,,170.0,85.0,50.0,,,,,,,,,
anglia dna services,+44 1603 320777,,,,,ttp@angliadna.co.uk,,,covidfit2fly.com,,,,169.0,120.0,100.0,90.0,40.0,23.99,,,,,,
anglo belgravia,+44 7724 201894,,,,,covid@bg-london.com,,,www.bg-london.com,,,,180.0,,,,,,,,,,,
apollo testing,+44 121 828 4023,,,,,support@apollotesting.com,,,www.apollotesting.com,,,,138.0,145.0,89.0,128.0,115.0,124.0,,,,,,
arrival diagnostics,+44 7565 251834,,,,,hello@arrivaldiagnostics.co.uk,,,www.arrivaldiagnostics.co.uk,,,,120.0,,,,,,,,,,,
arrival test centre,+44 075101828,,,,,contact@arrivaltestcenter.com,,,arrivaltestcenter.com,,,,20.0,175.0,,,,,,,,,,
arrival testing,+44 20 3870 2362,,,,,bookings@arrivaltesting.com,,,www.arrivaltesting.com,,,,64.0,,,,,,,,,,,
arriving uk,+44 330 024 9176,,,,,info@arrivinguk.com,,,,www.arrivinguk.com,,,159.0,169.0,,,,,,,,,,
arrivinguk,+44 330 024 9176,,,,,info@arrivinguk.com,,,arrivinguk.com,,,,20.0,169.0,,,,,,,,,,
ask chemist,+44 1205 352778,,,,,enquiries@askchemist.co.uk,,,askchemist.co.uk,,,,198.0,159.0,,,,,,,,,,
assured screening,+44 800 135 7095,,,,,enquiries@assuredscreening.com,,,www.assuredscreening.com,,,,159.0,,,,,,,,,,,
assured screening.com,+44 7764 899076,,,,,enquiries@assuredscreening.com,,,,,,,59.0,109.0,,,,,,,,,,
assuredscreening.com,+44 800 135 7095,,,,,enquiries@assuredscreening.com,,,www.assuredscreening.com,,,,159.0,,,,,,,,,,,
atlas medical services ltd,+44 20 8798 2520,,,,,covidtesting@atlasmed.co.uk,,,atlasmed.co.uk,,,,155.0,115.0,,,,,,,,,,
atropa blood clinic,+44 1482 351209,,,,,fit2fly@atropabloodclinic.co.uk,,,,,,,180.0,,,,,,,,,,,
atruchecks,+44 20 3500 2019,,,,,help@atruchecks.com,,,covid19tests.atruchecks.com,,,,149.0,92.0,39.0,,,,,,,,,
audley pharmacy,+44 20 7493 6133,,,,,covid@audleypharmacy.london,,,audley-remedys.uk,,,,170.0,160.0,,,,,,,,,,
avante health ltd,+44 333 006 9610,,,,,support@avantehealth.co.uk,,,www.avantetestcentre.co.uk,,,,198.0,,,,,,,,,,,
avante health private gp,+44 333 006 9610,+44 7971 810448,,,,support@avantehealth.co.uk,,,www.avantetestcentre.co.uk,,,,198.0,150.0,,,,,,,,,,
avery labs,+44 1422 416117,,,,,info@averylabs.co.uk,,,www.averylabs.co.uk,,,,120.0,,,,,,,,,,,
avicenna health,+44 20 8712 5565,,,,,covid@avicenna-health.com,,,www.avicenna-health.com,,,,210.0,180.0,,,,,,,,,,
bansals pharmacy,+44 1702 587500,,,,,pharmacy.bansal@nhs.net,,,www.bansalspharmacy.co.uk,,,,230.0,,,,,,,,,,,
bansals pharmacy (southend on sea),+44 1702 587500,,,,,bansalspharmacyservices@gmail.com,,,bansalspharmacy.co.uk,,,,199.0,230.0,,,,,,,,,,
"bansals pharmacy (southend on sea),",+44 1702 587500,,,,,bansalspharmacyservices@gmail.com,,,bansalspharmacy.co.uk,,,,99.0,,,,,,,,,,,
barkerhouse pharmacy,+44 1282 612140,,,,,barkerhouse.pharmacy@nhs.net,,,barkerhousepharmacy.co.uk,,,,190.0,,,,,,,,,,,
baseline medicine,+44 7540 256296,,,,,info@baselinemedicine.co.uk,,,www.baselinemedicine.co.uk,,,,189.0,129.0,,,,,,,,,,
bestway national chemists t/a well pharmacy ltd,+44 1782 597313,,,,,hello@well.co.uk,,,www.well.co.uk,,,,130.0,,,,,,,,,,,
better2know,+44 20 7099 0955,,,,,info@better2know.com,,,www.better2know.co.uk,,,,209.0,119.0,,,,,,,,,,
biograd diagnostic laboratories,+44 151 482 9695,,,,,clinical@biograd.co.uk,,,www.biograd.co.uk,,,,198.0,,,,,,,,,,,
biograd diagnostics,+44 151 482 9695,+44 345 565 1725,,,,clinical@biograd.co.uk,,,www.biograddiagnostics.co.uk,,,,60.0,100.0,25.0,50.0,,,,,,,,
biogroup laboratory,+44 20 3885 0078,+44 20 4542 7774,,,,traveltestpackage@biogroup-laboratory.co.uk,,,biogroup-laboratory.co.uk,,,,150.0,175.0,,,,,,,,,,
biolab london ltd,+44 7776 526772,,,,,customer.service@biolablondon.co.uk,,,,,,,150.0,,,,,,,,,,,
biotherapy services,+44 20 7112 4964,,,,,info@rapidcovidtesting.org.uk,,,www.rapidcovidtesting.com,www.rapidcovidtesting.org.uk,,,160.0,,,,,,,,,,,
black and banton,+44 191 487 1040,,,,,covidteam@blackandbanton.co.uk,,,www.blackandbanton.co.uk,,,,230.0,,,,,,,,,,,
blackburn travel clinic,+44 1254 54988,,,,,blackburntravelclinic@gmail.com,info@blackburntravelclinic.co.uk,,blackburntravelclinic.co.uk,,,,190.0,180.0,150.0,,,,,,,,,
blindspot global,+44 333 242 0580,,,,,info@blindspotglobal.com,,,blindspotglobal.com,www.blindspotglobal.com,,,120.0,60.0,25.0,20.0,,,,,,,,
blindspot global ltd,+44 333 242 0580,,,,,info@blindspotglobal.com,,,blindspotglobal.com,,,,160.0,120.0,,,,,,,,,,
blue horizon medicals,+44 800 999 1110,,,,,covid@bluehorizonmedicals.co.uk,assistance@bluehorizonmedicals.co.uk,,bluehorizonbloodtests.co.uk,www.bluehorizonbloodtests.co.uk,,,195.0,179.0,,,,,,,,,,
book a travel test,+44 20 3811 8197,,,,,support@bookatraveltest.com,,,,,,,139.0,,,,,,,,,,,
boots uk,+44 345 121 2837,,,,,boots.customercare_team@boots.co.uk,,,www.boots.com,,,,160.0,145.0,136.0,,,,,,,,,
bristol travel clinic,+44 800 772 3575,,,,,info@bristoltravelclinic.co.uk,,,www.bristoltravelclinic.co.uk,,,,125.0,,,,,,,,,,,
brunswick hygiene,+44 800 689 1481,+44 20 4541 6392,,,,info@brunswickhygiene.com,,,www.brunswickhygiene.com,brunswickhygiene.com,,,178.0,89.0,,,,,,,,,,
brunswick hygiene ltd,+44 800 689 1481,+44 1273 121528,,,,info@brunswickhygiene.com,,,www.brunswickhygiene.com,brunswickhygiene.com,,,120.0,115.0,89.0,,,,,,,,,
bupa occupational health ltd,+44 161 497 0661,,,,,mycovidtest@bupa.com,,,www.bupa.co.uk,,,,149.0,,,,,,,,,,,
bupa occupational health ltd.,+44 161 497 0661,,,,,mycovidtest@bupa.com,,,www.bupa.co.uk,,,,149.0,,,,,,,,,,,
c & h esher limited (t/a central pharmacy),+44 1372 464007,,,,,covidtestbookings@candhesher.com,,,www.centralpharmacyesher.com,,,,195.0,,,,,,,,,,,
c & h esher ltd,+44 1372 46007,,,,,covidtestbookings@candhesher.com,,,www.centralpharmacyesher.com,,,,205.0,,,,,,,,,,,
"c & h esher ltd t/a central pharmacy, esher",+44 1372 464007,,,,,covidtestbookings@candhesher.com,,,www.centralpharmacyesher.com,,,,205.0,,,,,,,,,,,
c-19 direct uk lab alliance by cambrige clinical laboratories & nonocus,+44 20 3002 6070,,,,,info@c-19direct.com,,,c-19direct.com,,,,119.95,,,,,,,,,,,
"c-19 direct uk lab alliance by cambrige clinical laboratories & nonocus, using c-19 direct uk lab alliance by cambrige clinical laboratories & nonocus",+44 20 3002 6070,,,,,info@c-19direct.com,,,c-19direct.com,,,,114.95,,,,,,,,,,,
c19 testing,+44 20 3920 9012,,,,,support@c19testing.co.uk,,,www.c19testing.co.uk,,,,190.0,145.0,180.0,169.0,,,,,,,,
calder pharmacy & medspa clinic,+44 20 7034 0156,,,,,info@medspa.co.uk,,,www.medspa.co.uk,,,,250.0,,,,,,,,,,,
calder pharmacy & medspa clinic notting hill,+44 20 7034 0156,,,,,info@medspa.co.uk,,,,,,,180.0,,,,,,,,,,,
calder pharmacy & medspa clinic of notting hill,+44 20 7034 0156,,,,,info@medspa.co.uk,,,www.medspa.co.uk,,,,250.0,180.0,99.0,,,,,,,,,
caliber medical services,+44 7842 451207,,,,,martin@calibermedicalservices.co.uk,,,www.calibermedicalservices.co.uk,,,,100.0,,,,,,,,,,,
candarin medical,+44 7906 873581,,,,,sophia@candarinuk.com,sophia@candarinuk. com,,candarinmedical.com,,,,200.0,169.0,,,,,,,,,,
caxton pharmacy,+44 20 8460 0377,,,,,info@caxtonpharmacy.com,,,www.caxtonpharmacy.com,,,,240.0,180.0,,,,,,,,,,
centennial medical care,+44 20 3327 7777,,,,,info@centennialmedical.co.uk,,,centennialmedical.co.uk,www.centennialmedical.co.uk,,,210.0,149.0,,,,,,,,,,
chase lodge hospital,+44 20 8358 7100,,,,,info@chaselodgehospital.com,,,www.chaselodgehospital.com,,,,249.0,,,,,,,,,,,
chb medical,+44 1242 698371,,,,,info@chbmedical.com,,,www.chbmedical.co.uk,,,,190.0,,,,,,,,,,,
chb medical ltd,+44 1242 698371,,,,,info@chbmedical.com,,,www.chbmedical.co.uk,,,,190.0,140.0,,,,,,,,,,
check my body health,+44 1604 930250,,,,,covidteam@checkmybodyhealth.com,,,checkmybodyhealth.co.uk,checkmybodyhealth.com,,,170.0,96.0,160.0,,,,,,,,,
chelsea medical,+44 20 7589 2353,,,,,cm@chelsealondondoctor.com,,,www.chelsealondondoctor.com,,,,350.0,,,,,,,,,,,
chelsea pharmacy medical clinic,+44 20 7589 8776,,,,,contact@cpmedicalclinic.com,,,cpmedicalclinic.com,,,,240.0,250.0,,,,,,,,,,
"cheltenham, west midlands & worcester travel clinics",,,,,,covidtest@raylane.co.uk,,,raylanetravelclinics.co.uk,,,,159.0,,,,,,,,,,,
"cheltenham, worcester & west midlands travel clinics",+44 330133412,+44 330 133 4124,,,,covidtest@raylane.co.uk,,,raylanetravelclinics.co.uk,,,,159.0,,,,,,,,,,,
"cheltenham, worcester and west midlands travel clinics",+44 330133412,,,,,covidtest@raylane.co.uk,,,raylanetravelclinics.co.uk,,,,189.0,,,,,,,,,,,
chhp and ceritific,+44 20 3989 8008,,,,,support.chhp@certific.co,,,certific.chhp.com,,,,139.0,,,,,,,,,,,
chronomics,+44 20 4519 7400,,,,,support@chronomics.com,,,www.chronomics.com,,,,175.0,170.0,,,,,,,,,,
cht,+44 20 3319 6469,,,,,contact@covidhometest.co,,,www.covidhometest.co,,,,349.0,299.0,,,,,,,,,,
church pharmacy,+44 333 577 4575,,,,,clinic@thechurchpharmacy.com,,,thechurchpharmacy.com,,,,180.0,,,,,,,,,,,
church pharmacy weybridge,+44 333 577 4575,,,,,orders@churchpharmacyclinic.co.uk,,,churchpharmacyclinic.co.uk,,,,180.0,,,,,,,,,,,
churchill's pharmacy,+44 20 8994 0229,,,,,covid@churchillspharmacy.co.uk,,,befittofly.com,,,,79.0,,,,,,,,,,,
cignpost diagnostics,+44 20 3384 0000,,,,,info@expresstest.co.uk,,,www.expresstest.co.uk,,,,129.0,,,,,,,,,,,
circular 1 health ltd,+44 800 799 9751,,,,,customerservice@circular1.com,,,circular1.com,,,,198.0,,,,,,,,,,,
citydoc medical,+44 20 3794 6697,,,,,support@citydoc.org.uk,,,www.citydoc.org.uk,,,,160.0,,,,,,,,,,,
citydoc medical limited,+44 20 3794 6697,+44 20 3325 0174,+44 1688 320318,,,support@citydoc.org.uk,,,www.citydoc.org.uk,,,,130.0,160.0,134.0,144.99,,,,,,,,
ck doctors covid travel clinics,+44 333 090 9494,,,,,support@covidtravelclinics.com,,,www.covidtravelclinics.com,,,,30.0,125.0,40.0,23.5,,,,,,,,
claret diagnostics ltd,+44 333 577 0939,,+44 7812 765833,,,customerservices@claretdiagnostics.com,customerservices@claretdiagnostics.coms.com,,www.privatecovidtests.co.uk,,,,169.0,149.0,136.0,,,,,,,,,
clear diagnostics,,,,,,customerservice@cleardiagnostics.co.uk,,,www.cleardiagnostics.co.uk,,,,165.0,,,,,,,,,,,
clear diagnostics ltd,+44 7424 637888,,,,,info@cleardiagnostics.co.uk,,,www.cleardiagnostics.co.uk,,,,215.0,165.0,,,,,,,,,,
clinicare uk,+44 7796 855535,,,,,info@clinicare-uk.com,,,clinicare-uk.com,,,,210.0,170.0,,,,,,,,,,
clnq,+44 1565 362001,,,,,hello@clnq.com,,,www.clnq.com,,,,195.0,,,,,,,,,,,
coker chest clinic,+44 7923 385054,+44 20 7118 5600,,,,info@chestclinic.co.uk,,,www.chestclinic.co.uk,,,,310.0,155.0,160.0,,,,,,,,,
collingwood health,+44 1753 781654,,,,,testing@collingwoodhealth.com,,,collingwoodhealth.com,,,,189.0,169.0,,,,,,,,,,
collinson,+44 1444 444140,,,,,consumerhelp@collinsongroup.com,,,www.collinsongroup.com,,,,165.0,138.0,,,,,,,,,,
complete covid tests,+44 771012817,,,,,contact@completecovidtests.com,,,completecovidtests.com,,,,20.0,,,,,,,,,,,
concepto clinic,+44 20 3371 8814,,,,,support@conceptoclinic.co.uk,,,conceptoclinic.co.uk,,,,159.0,129.0,,,,,,,,,,
concierge medical,+44 1451 600900,,,,,covid@conciergemedical.co.uk,,,conciergemedical.co.uk,,,,210.0,,,,,,,,,,,
concierge medical practice,+44 14510600900,,,,,covid@conciergemedical.co.uk,,,www.conciergemedical.co.uk,,,,160.0,,,,,,,,,,,
confirm testing,+44 20 3870 3623,,,,,info@confirmtesting.com,,,www.confirmtesting.com,,,,180.0,175.0,114.0,60.0,35.0,20.0,79.0,,,,,
confirm testing limited,+44 20 3870 3623,,,,,info@confirmtesting.com,,,www.confirmtesting.com,,,,20.0,119.0,,,,,,,,,,
consultant clinic,+44 161 399 0402,,,,,info@consultantclinic.org,,,consultantclinic.org,,,,175.0,155.0,135.0,130.0,125.0,119.0,,,,,,
coop pharmacy,+44 1902 357660,,,,,bilston.pharmacyhub@midcounties.coop,,,www.cooppharmacy.coop,,,,107.0,115.2,,,,,,,,,,
corona test centre,+44 20 3983 7869,,,,,hello@coronatestcentre.com,,,www.coronatestcentre.com,,,,229.0,199.0,,,,,,,,,,
corona testing,+44 20 3642 2141,,,,,contact@corona-testing.com,,,www.corona-testing.com,,,,149.0,165.0,,,,,,,,,,
corona-testing,+44 20 0262 6321,,,,,contact@corona-testing.com,,,www.corona-testing.com,,,,20.0,,,,,,,,,,,
coronafocus by oncologica uk,+44 1223 785327,,,,,test@covidprotected.co.uk,,,covid19.oncologica.com,,,,150.0,,,,,,,,,,,
coronafocus by oncologica uk ltd (t/a oncologica uk ltd),+44 1223 785327,,,,,test@covidprotected.co.uk,,,covid19.oncologica.com,,,,150.0,120.0,105.0,,,,,,,,,
corporate covid tests,+44 20 3950 3394,,,,,info@1corporatecovidtests.com,,,www.1corporatecovidtests.com,,,,225.0,,,,,,,,,,,
cosmebeaute,+44 20 7935 1127,,,,,info@cosmebeaute.co.uk,,,,,,,298.0,,,,,,,,,,,
courtfield private practice,+44 20 7373 3541,,,,,covidtesting@courtfieldpp.co.uk,,,www.courtfieldpp.co.uk,,,,270.0,,,,,,,,,,,
cov19 care,+44 330 555 0005,,,,,info@cov19care.co.uk,,,www.cov19care.co.uk,,,,195.0,,,,,,,,,,,
cov19care ltd,+44 330 555 0005,,,,,info@cov19care.co.uk,,,www.cov19care.co.uk,,,,195.0,149.0,,,,,,,,,,
covguard,+44 20 4513 4000,,,,,info@covguard.com,,,www.covguard.com,,,,194.0,174.0,180.0,,,,,,,,,
covguard premium,+44 20 4513 4000,,,,,info@covguard.com,,,www.covguard.com,,,,134.0,,,,,,,,,,,
covid 19 private test ltd,+44 330 133 3844,,,,,info@covidtravelpcr.com,,,covidtravelpcr.com,,,,199.0,154.99,,,,,,,,,,
covid clear clinic,+44 7511 441999,,,,,enquiries@covidclearclinic.com,,,www.covidclearclinic.com,,,,169.0,,,,,,,,,,,
"covid fit to fly tes t/a nash travel, tourism and transport services ltd.",+44 7795 388789,,,,,info@covidfittoflytest.co.uk,,,www.covidfittoflytest.co.uk,,,,184.99,,,,,,,,,,,
covid mobile health services/remote trauma ld,+44 20 8546 3230,,,,,admin@cmhs-lab.com,,,,,,,199.0,,,,,,,,,,,
covid smart limited,+44 800 702 2145,,,,,hello@covidsmart.co.uk,,,www.covidsmart.co.uk,covidsmart.co.uk,,,169.0,,,,,,,,,,,
covid test,+44 330 133 4285,,,,,contact@001covidtest.co.uk,,,001covidtest.co.uk,,,,20.0,130.0,,,,,,,,,,
covid test centre,+44 1224 608702,,,,,support@covidtestcentre.net,,,www.covidtestcentre.net,,,,138.0,21.0,,,,,,,,,,
covid test hub,+44 20 7183 6465,,,,,info@covidtesthub.co.uk,,,,,,,159.0,,,,,,,,,,,
covid test pick and drop,+44 20 3371 8814,,,,,support@conceptoclinic.co.uk,,,covidtestpickanddrop.com,,,,99.0,,,,,,,,,,,
covid test today,,,,,,info@covid-test-today.com,,,,,,,140.0,,,,,,,,,,,
covid testing laboraratories,+44 333 335 0227,,,,,orders@covidtestinglaboratories.com,,,covidtestinglaboratories.com,,,,110.0,,,,,,,,,,,
covid testing laboratories,+44 333 242 0889,+44 333 335 0227,,,,orders@covidtestinglaboratories.com,orders@covidtesinglaboratories.com,,www.covidtestinglaboratories.com,www.ctls.co.uk,covidtestinglaboratories.com,,199.0,198.0,149.0,110.0,,,,,,,,
covid testing laboratories ltd,+44 333 242 0889,,,,,orders@covidtestinglaboratories.com,,,www.ctls.co.uk,,,,135.0,,,,,,,,,,,
covid travel clinics,+44 333 090 9494,,,,,info@covidtravelclinics.com,,,www.covidtravelclinics.com,,,,90.0,51.0,,,,,,,,,,
covid-19 travel clinic,+44 7731 398122,+44 205235632,,,,contact@covid19travelclinic.com,,,www.covid19travelclinic.com,covid19travelclinic.com,,,20.0,20.5,149.0,,,,,,,,,
covid19 checking,+44 330 133 1516,,,,,info@covid19checking.co.uk,,,covid19checking.co.uk,,,,175.0,135.98,,,,,,,,,,
covid19 health clinics limited,+44 121 794 7458,+44 20 3811 8545,,,,info@covid19healthclinics.com,,,,,,,199.0,,,,,,,,,,,
covidfly,+44 7973 507048,+44 7876 148666,,,,enquiries@covidfly.co.uk,,,www.covidfly.co.uk,,,,150.0,75.0,40.0,89.0,,,,,,,,
covido,+44 7572 188497,,,,,sales@covido.co.uk,,,www.covido.co.uk,,,,190.0,160.0,,,,,,,,,,
covitests,+44 800 009 6401,,,,,day2and8@covitests.co.uk,,,www.covitests.co.uk,,,,175.0,,,,,,,,,,,
coyne medical,+44 20 7731 3077,,,,,contact@coynemedical.com,,,coynemedical.com,,,,249.0,,,,,,,,,,,
coyne medical ltd,+44 20 7731 3077,,,,,contact@coynemedical.com,,,coynemedical.com,,,,209.0,,,,,,,,,,,
cq doctor,+44 333 404 9512,,,,,tests@cqdoctor.uk,help@cqdoctor.co.uk,,www.cqdoctor.co.uk,cqdoctor.co.uk,,,170.0,169.0,149.0,,,,,,,,,
crown laboratories ltd,+44 20 7193 3740,+44 7904 962101,,,,info@crownlabs-uk.com,,,www.crownlabs-uk.com,pysertesting.com,,,55.0,125.0,,,,,,,,,,
cryo express,+44 1254 56770,,,,,info@cryoexpresshq.com,,,www.cryoexpresshq.com,,,,199.0,,,,,,,,,,,
ct24 solutions ltd,+44 20 4533 8934,,,,,info@ct24.co.uk,,,ct24.co.uk,,,,190.0,115.0,85.0,20.0,,,,,,,,
ctm (nhs t&t),+44 20 7429 9983,,,,,covid.testkit@travelctm.com,,,quarantinehotelbookings.ctmportal.co.uk,,,,170.0,136.0,,,,,,,,,,
d&a screening ltd,+44 7724 459384,+44 116 442 2712,,,,support@dnascreening.uk,info@dnascreening.uk,,dnascreening.uk,www.dnascreening.uk,,,149.0,159.0,,,,,,,,,,
dajani pharmacy,+44 20 7589 8263,,,,,clinic@dajanipharmacy.com,,,www.dajanipharmacy.com,,,,200.0,,,,,,,,,,,
dante labs,+44 808 196 5659,,,,,contact@dantelabs.com,,,dantelabs.co.uk,www.dantelabs.co.uk,,,116.0,84.0,,,,,,,,,,
daya pharmacy,+44 20 8573 3084,,,,,dayapharm750@hotmail.com,,,pharmaelite.co.uk,,,,170.0,85.0,50.0,,,,,,,,,
dears pharmacy & travel clinic,+44 1383 723571,,,,,info@dearspharmacy.co.uk,,,dearspharmacy.co.uk,,,,195.0,,,,,,,,,,,
dgc health ltd,+44 7990 466916,,,,,admin@dgchealth.com,,,wwwdgchealth.com,www.dgchealth.com,,,200.0,165.0,,,,,,,,,,
digital health group ltd t/a pharma diagnostics,+44 20 8432 3309,,,,,info@pharmadiagnostics.co.uk,support@pcrdirect.co.uk,,pcrdirect.co.uk,,,,24.0,198.0,20.0,,,,,,,,,
dna workplace,+44 20 3943 5777,,,,,travel@dnaworkplace.com,,,www.dnaworkplace.com,,,,175.0,135.0,120.0,60.0,96.5,,,,,,,
dochq.co.uk,+44 330 088 0645,,,,,covidtesthelp@dochq.co.uk,,,dochq.co.uk,,,,205.0,,,,,,,,,,,
doctap,+44 20 7183 3254,,,,,covid19@doctap.co.uk,support@doctap.co.uk,,doctap.co.uk,,,,228.0,148.0,,,,,,,,,,
doctap ltd,+44 20 7183 3254,,,,,covid19@doctap.co.uk,,,doctap.co.uk,,,,228.0,218.0,188.0,,,,,,,,,
doctor driver assessment ltd,+44 800 001 6784,,,,,sales@doctordriverassessment.com,,,www.doctordriverassessment.com,,,,195.0,189.0,94.5,54.5,34.99,82.5,,,,,,
doctorcall limited,+44 344 257 0345,,,,,admin@doctorcall.co.uk,,,doctorcall.co.uk,,,,175.0,,,,,,,,,,,
doctors clinic group,+44 20 3993 4657,,,,,info@londondoctorsclinic.co.uk,,,www.londondoctorsclinic.co.uk,,,,219.0,198.0,,,,,,,,,,
doctors covid travel clinics,+44 333 090 9494,,,,,support@covidtravelclinics.com,,,www.covidtravelclinics.com,,,,20.0,125.0,35.0,,,,,,,,,
dorset private gp,+44 1202 583920,,,,,info@dpgpcovidtesting.co.uk,,,www.dpgpcovidtesting.co.uk,,,,240.0,220.0,198.0,,,,,,,,,
dr mo private clinic,+44 7749 723669,,,,,hello@drmoprivateclinic.co.uk,,,www.drmoprivateclinic.co.uk,,,,378.0,,,,,,,,,,,
dr mo private clinic norwich,+44 7749 723669,,,,,hello@drmoprivateclinic.co.uk,,,,,,,198.0,,,,,,,,,,,
dr shilpa dave private gp teddington,+44 20 3303 0326,,,,,covidtest@privategp.org,,,www.privategp.org,,,,250.0,,,,,,,,,,,
dr tim lebens,+44 20 7483 5148,,,,,info@drlebens.com,,,www.drlebens.com,,,,290.0,273.33,,,,,,,,,,
dr wayne cottrell,+44 20 3197 9100,,,,,contact@drwaynecottrell.com,,,,,,,198.0,,,,,,,,,,,
"dr wayne cottrell, private gp canary wharf",+44 20 3197 9100,,,,,contact@drwaynecottrell.com,,,www.drwaynecottrell.com,,,,230.0,198.0,,,,,,,,,,
dr. shilpa dave private gp teddington,+44 20 3303 0326,,,,,covidtest@privategp.org,,,www.privategp.org,,,,250.0,,,,,,,,,,,
dr. wayne cotrell & co.,+44 20 3197 9100,,,,,contact@drwaynecottrell.com,,,www.drwaynecottrell.com,,,,200.0,,,,,,,,,,,
duality health,+44 28 3083 3666,,,,,mail@dualityhealth.co.uk,,,www.dualityhealth.co.uk,,,,220.0,,,,,,,,,,,
east midlands laser and cosmetic clinic ltd,+44 7425 629538,,,,,eastmidlandslaser@btconnect.com,covidtesting@eastmidlandslaserclinic.co.uk,,emlcc.as.me,,,,230.0,190.0,,,,,,,,,,
easter pharmacy,+44 20 3488 8900,,,,,customerservices@myeasters.com,,,www.myeasters.com,,,,210.0,180.0,,,,,,,,,,
easy testing,+44 7519 426288,,,,,easytestingltd@gmail.com,,,www.easytests.co.uk,,,,199.0,195.0,,,,,,,,,,
easy testing ltd,+44 7519 426288,,,,,easytestingltd@gmail.com,,,www.easytests.co.uk,,,,195.0,150.0,,,,,,,,,,
edgbaston private medical practice,+44 121 454 9535,,,,,info@epmpractice.co.uk,,,www.epmpractice.co.uk,,,,199.0,,,,,,,,,,,
edgcare private community family doctors,+44 20 3818 9240,,,,,reception@edgcare.net,,,www.privatedoctorsnorthlondon.co.uk,,,,200.0,,,,,,,,,,,
effect doctors,+44 20 7305 7608,,,,,info@effectdoctors.com,,,effectdoctors.com,,,,198.0,175.0,,,,,,,,,,
elements medical,+44 1302 343432,,,,,covid-19travel@elements.org.uk,,,elements.org.uk,,,,198.0,150.0,130.0,,,,,,,,,
elite safety clinic,+44 7908 847341,,,,,info@elitesafetyclinic.com,,,,elitesafetyclinic.com,,,249.99,,,,,,,,,,,
em analytical ltd,+44 1625 813576,,,,,covid@emanalytical.co.uk,,,www.emanalytical.co.uk,,,,149.0,,,,,,,,,,,
empire medicines ltd t/a empire pharmacy,+44 161 258 6149,,,,,covid@empirepharmacy.co.uk,,,empirepharmacy.co.uk,,,,180.0,,,,,,,,,,,
enoura medical (af aesthetics),+44 20 7183 6465,+44 115 824 8444,,,,info@covidtesthub.co.uk,,,www.covidtesthub.co.uk,,,,159.0,,,,,,,,,,,
epistem,+44 161 541 2301,,,,,covid19@epistem.co.uk,,,,,,,149.0,,,,,,,,,,,
est-health wellness clinic,+44 141 230 5781,,,,,covid19@est-ethics.com,,,www.est-health.com,,,,185.0,139.0,,,,,,,,,,
eurofins,+44 1925 980595,,,,,covid19administration@eurofins.co.uk,,,www.eurofins.co.uk,,,,98.9,60.0,40.0,,,,,,,,,
eurofins forensic services,+44 1925 248802,,,,,covid19administration@eurofins.co.uk,,,www.eurofins.co.uk,,,,98.9,600.0,,,,,,,,,,
eurofins forensic services ltd,+44 1925 980595,,,,,covid19administration@eurofins.co.uk,,,www.eurofins.co.uk,,,,98.9,,,,,,,,,,,
everwell chinese medical centre ltd,+44 20 7434 1697,,,,,info@everwell.co.uk,,,www.everwell.co.uk,,,,159.0,,,,,,,,,,,
everything genetic,+44 1270 623179,,,,,info@everythinggeneticltd.co.uk,,,everythinggeneticltd.co.uk,,,,149.0,,,,,,,,,,,
everything genetic limited,+44 1270 623179,,,,,covidtestbookings@everythinggeneticltd.co.uk,covidsystembookings@everythinggeneticltd.co.uk,,covidtests.everythinggeneticltd.co.uk,,,,20.0,115.0,40.0,,,,,,,,,
everything genetic ltd,+44 1270 623179,,,,,covidtestbookings@everythinggeneticltd.co.uk,,,everythinggeneticltd.co.uk,covidtests.everythinggeneticltd.co.uk,,,119.0,99.0,87.99,115.0,,,,,,,,
everythinggeneticlimited,+44 1270 623179,,,,,covidtestbookings@everythinggeneticltd.co.uk,,,covidtests.everythinggeneticltd.co.uk,,,,20.0,,,,,,,,,,,
evolve medical,+44 113 873 0361,,,,,evolvecovid@outlook.com,,,www.evolvemedical.co.uk,,,,175.0,,,,,,,,,,,
excalibur diagnostics ltd,+44 20 3002 4824,,,,,enquiries@excaliburhealth.co.uk,,,testing.excaliburhealth.co.uk,,,,145.0,,,,,,,,,,,
expert covid testing uk,+44 1925 691542,,,,,enquiries@expertcovidtestinguk.com,,,www.expertcovidtestinguk.com,,,,20.0,,,,,,,,,,,
expert doctors,+44 1274 270270,,,,,admin@expertdoctors.uk,support@expertdoctors.uk,,www.expertdoctors.uk,,,,59.99,70.0,32.0,24.0,9.99,117.99,27.99,20.0,120.0,35.0,,
expert medicals,+44 1274 905667,,,,,covid@expert-medicals.co.uk,,,www.expert-medicals.co.uk,,,,160.0,85.0,60.0,13.99,70.0,,,,,,,
expert tms limited,+44 1925 691542,,,,,enquiries@expertcovidtestinguk.com,,,www.expertcovidtestinguk.com,,,,148.0,112.0,49.99,42.49,24.99,4.99,119.99,20.0,,,,
express testing,+44 161 672 5190,,,,,enquiries@myexpresstesting.co.uk,,,www.myexpresstesting.co.uk,,,,124.99,,,,,,,,,,,
expresstest by cignpost diagnostics,+44 20 3384 0000,,,,,info@expresstest.co.uk,,,www.expresstest.co.uk,,,,189.0,129.0,,,,,,,,,,
fakir chemist,+44 121 314 0789,,,,,info@fakirchemist.co.uk,,,www.fakirchemist.co.uk,,,,155.0,,,,,,,,,,,
family medics,+44 7483 172128,,,,,family.medics@srfoundation.co.uk,customerservice@srfoundation.co.uk,,srfoundation.co.uk,www.srfoundation.co.uk,,,199.0,159.0,,,,,,,,,,
first medical consultants,+44 1782 213214,,,,,info@firstmc.co.uk,,,www.firstmc.co.uk,,,,220.0,199.0,185.0,,,,,,,,,
fit to fly uk,+44 1708 981993,,,,,customercare@fittoflyuk.com,,,fittoflyuk.com,www.fittoflyuk.com,,,150.0,165.0,45.0,,,,,,,,,
fit2fly test ltd,+44 1625 813572,,,,,hello@fit2flytest.com,,,www.fit2flytest.com,,,,149.0,,,,,,,,,,,
fit2fly24/7 ltd,+44 330 133 3856,,,,,customerservices@fit2fly247.co.uk,,,www.fit2fly247.co.uk,,,,169.98,120.0,,,,,,,,,,
fitnessgenes,+44 1869 255770,,,,,support@fitnessgenes.com,,,coronavirus.fitnessgenes.com,,,,169.0,159.0,149.0,,,,,,,,,
flow living medi-care services,+44 20 8781 6935,+44 208786935,,,,covidappointments@flowmedicareservices.co.uk,,,www.flowmedicareservices.co.uk,,,,190.0,170.0,,,,,,,,,,
flysurance,,+44 333 090 3165,,,,info@flysurance.co.uk,,,www.flysurance.co.uk,,,,156.0,136.0,,,,,,,,,,
forensic genomics innovation hub ltd,+44 23 8011 8981,,,,,lab@fgih.co.uk,,,www.fgih.co.uk,,,,159.0,,,,,,,,,,,
fusion pharmacy,+44 116 367 7280,,,,,info@fusion-pharmacy.co.uk,,,fusion-pharmacy.co.uk,,,,195.0,,,,,,,,,,,
fusion radiology,+44 1582 249216,,,,,info@fusion-radiology.com,,,www.fusion-radiology.com,,,,196.0,,,,,,,,,,,
fusion radiology ltd,+44 1582 249216,,,,,info@fusion-radiology.com,,,www.fusion-radiology.com,,,,180.0,160.0,150.0,,,,,,,,,
future health technologies,+44 115 907 8610,,,,,covidsales@fhbb.com,,,futurehealthbiobank.com,,,,195.0,,,,,,,,,,,
future health technologies limited,+44 115 907 8610,,,,,covidsales@fhbb.com,,,futurehealthbiobank.com,,,,99.0,19.0,50.0,,,,,,,,,
future healthcare ltd,+44 23 9400 3825,,,,,testing@futurehealthcare.uk,,,www.futurehealthcare.uk,,,,186.0,,,,,,,,,,,
g16 covid testing,+44 20 3991 6494,+44 20 3991 6493,+44 20 3991 6463,,,info@coronatest.co.uk,arrivals@coronatest.co.uk,,www.coronatest.co.uk,,,,195.0,219.0,23.99,20.0,99.0,,,,,,,
genesis support (t/a fit to fly uk),+44 1708 981993,,,,,customercare@fittoflyuk.com,,,www.fittoflyuk.com,,,,185.0,,,,,,,,,,,
ghosh medical group,+44 333 200 3338,,,,,info@ghoshmedicalgroup.com,,,www.ghoshmedicalgroup.com,www.drarunghosh.co.uk,,,250.0,99.0,,,,,,,,,,
global covid19 testing,+44 7484 712747,,,,,ussie@globalcovidtestme.co.uk,,,globalcovid19testme.co.uk,,,,179.0,,,,,,,,,,,
global express travel health clinic,+44 7368 307175,,,,,infogethc@gmail.com,,,www.globalexpresstravelclinic.com,global-express-travel-health-clinic.selectandbook.com,,,210.0,,,,,,,,,,,
global express travel health clinic ltd,+44 7368 307175,,,,,infogethc@gmail.com,,,global-express-travel-health-clinic.selectandbook.com,,,,185.0,,,,,,,,,,,
global health travel clinic,+44 1932 943002,,,,,info@globalhealthtravelclinic.co.uk,,,www.globalhealthtravelclinic.co.uk,,,,200.0,,,,,,,,,,,
global health travel clinic - longcross surrey,+44 1932 943002,,,,,info@globalhealthtravelclinic.co.uk,,,www.globalhealthtravelclinic.co.uk,,,,200.0,,,,,,,,,,,
good egg medical,+44 20 8125 7003,,,,,swab@goodeggmedical.co.uk,,,goodeggmedical.co.uk,,,,200.0,189.0,170.0,95.0,,,,,,,,
good egg medical limited,+44 20 8125 7003,,,,,swab@goodeggmedical.co.uk,,,,,,,145.0,,,,,,,,,,,
goodbody clinic,+44 1225 444144,,,,,clinic@goodbodywellness.co.uk,,,www.goodbodyclinic.com,,,,215.0,,,,,,,,,,,
gpdq,+44 20 3805 1781,,,,,support@gpdq.co.uk,,,www.gpdq.co.uk,,,,198.0,,,,,,,,,,,
gpdq ltd,+44 20 3805 1781,,,,,support@gpdq.co.uk,,,www.gpdq.co.uk,,,,198.0,,,,,,,,,,,
guildhall pharmacy,+44 1303 259414,,,,,info@guildhallpharmacy.co.uk,,,,,,,135.0,,,,,,,,,,,
hale clinic harley street,+44 20 7631 0156,,,,,info@haleclinic.com,,,www.haleclinic.com,,,,260.0,130.0,95.0,49.0,199.0,38.0,125.0,,,,,
halo verify,+44 330904586,+44 330 390 4586,,,,info@haloverify.com,,,www.haloverify.com,,,,178.0,159.0,,,,,,,,,,
hampshire travel clinic,+44 1243 958686,,,,,info@hampshiretravelclinic.co.uk,,,hampshiretravelclinic.co.uk,,,,220.0,,,,,,,,,,,
"hampstead heath pharmacy, travel health & vaccination clinic",+44 20 7435 7075,,,,,info@hhpharmacy.co.uk,,,hhpharmacy.co.uk,,,,220.0,,,,,,,,,,,
harley medic international,+44 330 390 3666,,,,,info@harleymedic.co.uk,,,harleymedic.co.uk,www.harleymedic.co.uk,,,99.0,29.0,,,,,,,,,,
harley street dr,+44 20 3633 5765,,,,,concierge@harleystreetdr.com,,,www.harleystreetdr.com,,,,225.0,,,,,,,,,,,
harley street nurses,+44 20 7637 5511,,,,,covidtest@harleystreetnurses.com,,,www.harleystreetnurses.com,,,,210.0,,,,,,,,,,,
harley street nurses ltd,+44 20 7637 5511,,,,,covidtest@harleystreetnurses.com,,,www.harleystreetnurses.com,,,,111.0,,,,,,,,,,,
harleys pharmacy,+44 20 7589 8788,,,,,harleys.pharmacy1@nhs.net,,,www.nhs.uk,,,,210.0,,,,,,,,,,,
harleystreet,+44 20 3886 1301,,,,,help@01harleystreet.co.uk,,,01harleystreet.co.uk,,,,20.0,,,,,,,,,,,
harper institute ltd,+44 20 3150 3044,,,,,covid@iofpm.com,,,www.instituteofpreventativemedicine.com,,,,125.0,,,,,,,,,,,
harper medical ltd,+44 20 3150 3044,,,,,covid@iofpm.com,,,www.instituteofpreventativemedicine.com,,,,380.0,,,,,,,,,,,
harveyrhys clinic,+44 330 124 6530,,,,,testing@covidoc.co.uk,,,covidoc.co.uk,,,,150.0,,,,,,,,,,,
hawkes health,+44 800 193 6222,,,,,covidtest@hawkeshealth.com,,,www.hawkeshealth.com ,www.hawkeshealth.com,,,210.0,180.0,,,,,,,,,,
heald green pharmacy,+44 161 498 9743,,,,,info@hgpharmacy.co.uk,,,smtravelclinic.co.uk,,,,150.0,,,,,,,,,,,
healthclic,+44 20 3370 4034,,,,,covid@healthclic.co.uk,,,healthclic.co.uk,,,,345.0,270.0,,,,,,,,,,
healthium clinics,+44 1491 756015,,,,,info@healthiumclinics.com,,,healthiumclinics.com,,,,134.0,129.0,112.0,86.0,24.0,108.0,,,,,,
healthwork,+44 161 831 9701,,,,,testing@healthworkltd.com,,,healthworkltd.com,,,,220.0,,,,,,,,,,,
healthwork ltd,+44 161 831 9701,,,,,testing@healthworkltd.com,,,healthworkltd.com,,,,220.0,,,,,,,,,,,
healthyaa clinic,+44 116 467 0722,,,,,book@healthyaa.co.uk,,,healthyaa.co.uk,,,,159.0,148.0,,,,,,,,,,
heart lung centre,+44 20 7034 3301,,,,,enquiries@heartlungcentre.com,,,heartlungcentre.com,,,,250.0,,,,,,,,,,,
heathrow medical services,+44 20 8528 2633,,,,,covidtests@heathrowmedical.com,,,www.heathrowmedical.com,,,,175.0,160.0,,,,,,,,,,
heathrow medical services llp,+44 20 8528 2633,,,,,covidtests@heathrowmedical.com,,,www.heathrowmedical.com,,,,154.0,,,,,,,,,,,
helix services limited also t/a travel test assured,+44 113 871 5185,,,,,info@traveltestassured.com,,,www.traveltestassured.com,,,,170.0,160.0,,,,,,,,,,
herts,+44 776833371,,,,,h.smart@mdnalifesciences.com,,,www.nph-group.co.uk,,,,95.0,,,,,,,,,,,
hhh diagnostics,+44 161 806 0420,,,,,info@hhhdiagnostics.co.uk,,,hhhdiagnostics.co.uk,,,,59.0,41.99,38.99,12.49,139.99,22.0,20.0,129.99,,,,
home2lab,+44 20 7117 2458,,,,,info@home2lab.co.uk,,,home2lab.co.uk,,,,200.0,220.0,,,,,,,,,,
https://private-testing-providers.london.cloudapps.digital/refresh-cache?id=750482,+44 117 313 5203,,,,,hello@occupationalhealthbristol.co.uk,,,www.occupationalhealthbristol.co.uk,,,,225.0,,,,,,,,,,,
i-gen testing,+44 333 577 1106,,,,,info@igentesting.co.uk,,,www.igentesting.co.uk,,,,189.0,,,,,,,,,,,
i-gen testing limited,+44 333 577 1106,,,,,info@igentesting.co.uk,,,www.igentesting.co.uk,,,,205.0,154.0,98.0,29.0,20.0,,,,,,,
ihomecare,+44 20 3719 9784,,,,,info@ihomecare.co,,,www.ihomecare.co,,,,130.0,,,,,,,,,,,
ingleton pharmacy,+44 15242 41154,,,,,ingleton.pharmacy@nhs.net,,,www.ingletonpharmacy.com,,,,220.0,,,,,,,,,,,
insta care solutions limited,+44 7366 118247,,,,,info@instacaresoluions.co.uk,,,www.instacaresolutions.co.uk,,,,125.0,,,,,,,,,,,
iq  doctor,+44 7830 348783,,,,,help@iqdoctor.co.uk,,,www.iqdoctor.co.uk,,,,80.0,,,,,,,,,,,
iq doctor,+44 121 753 4928,,,,,help@iqdoctor.co.uk,,,www.iqdoctor.co.uk,,,,159.0,,,,,,,,,,,
iqdoctor,+44 121 753 4928,,,,,help@iqdoctor.co.uk,,,www.iqdoctor.co.uk,,,,120.0,89.0,84.0,,,,,,,,,
isac labs ltd,+44 20 7985 1203,,,,,info@isaclabs.co.uk,,,isaclabs.co.uk,,,,150.0,,,,,,,,,,,
jace medical,+44 7561 180683,,,,,testing@medchecks.ie,,,jacemedical.co.uk,,,,179.0,119.0,,,,,,,,,,
jdoc medical limited,+44 20 3656 5657,,,,,covid19@jdoc365.co.uk,,,,jdoc365.co.uk,,,75.0,144.0,,,,,,,,,,
jdoc medical limited ( t/a jdoc365),+44 20 3656 5657,,,,,covid19@jdoc365.co.uk,,,jdoc365.co.uk,,,,145.0,,,,,,,,,,,
jdoc medical limited (t/a jdoc365),+44 20 3656 5657,,,,,covid19@jdoc365.co.uk,,,www.jdoc365.co.uk,,,,175.0,,,,,,,,,,,
jdoc medical linited (t/a jdoc365),+44 20 3656 5657,,,,,covid19@jdoc365.co.uk,,,,,,,175.0,,,,,,,,,,,
john bell & croyden,+44 20 7935 5555,,,,,pharmacy@johnbellcroyden.co.uk,,,johnbellcroyden.co.uk,,,,185.0,,,,,,,,,,,
js biomedical ltd,+44 20 3927 2772,,,,,admin@jsbiomedical.com,,,www.jsbiomedical.com,,,,150.0,175.0,,,,,,,,,,
just health,+44 1282 936900,,,,,info@justhealth.co.uk,,,www.just-health.co.uk,,,,195.0,,,,,,,,,,,
katalyst laboratories,+44 20 3755 2182,+44 20 7880 1804,,,,testing@wearekatalyst.com,,,katalystlaboratories.com,katalysthealth.uk,,,100.0,,,,,,,,,,,
kings medical centre,+44 20 7723 7258,,,,,info@kingsmedicalcentre.london,,,kingsmedicalcentre.london,,,,225.0,154.0,,,,,,,,,,
klarity,+44 20 3239 9818,,,,,hello@getklarity.shop,,,klarity.health,,,,155.92,,,,,,,,,,,
klinical enterprises ltd t/a national covid testing,+44 116 304 6220,,,,,support@nationalcovidtesting.co.uk,,,nationalcovidtesting.co.uk,,,,99.0,,,,,,,,,,,
knightsbridge pharmacy,+44 20 3581 3383,,,,,hello@knightsbridge-pharmacy.com,,,www.knightsbridge-pharmacy.com,,,,300.0,,,,,,,,,,,
kurix health,+44 808 196 5787,,,,,hello@kurixhealth.co.uk,,,,www.kurixhealth.co.uk ,,,84.0,,,,,,,,,,,
kyl healthcare services limited t/as the honeybee private nurse clinic,+44 7500 771425,,,,,info@kylhealthcareservices.com,,,kylhealthcareservices.co.uk,,,,185.0,,,,,,,,,,,
la perla clinic,+44 1628 488499,,,,,laperlareception@gmail.com,,,laperlaclinic.co.uk,,,,120.0,,,,,,,,,,,
labmedexpert,+44 7460 818350,,,,,day2andday8@labmedexpert.co.uk,,,labmedexpert.com,,,,165.0,98.0,,,,,,,,,,
labmedexpert limited,+44 7460 818350,,+44 1902 936051,,,day2andday8@labmedexpert.co.uk,,,labmedexpert.com,patient.labmedexpert.co.uk,,,115.0,85.0,130.0,,,,,,,,,
laser and light,+44 1509 266882,,,,,info@thelaserandlightclinic.co.uk,,,www.thelaserandlightclinic.co.uk,,,,95.0,,,,,,,,,,,
leeds covid testing,+44 113 534 7252,,,,,contact@leedscovidtesting.com,,,www.leedscovidtesting.com,,,,198.0,,,,,,,,,,,
leeds covid testing ltd,+44 113 534 7252,,,,,contact@leedscovidtesting.com,,,www.leedscovidtesting.com,,,,198.0,,,,,,,,,,,
leigh broadway pharmacy (elm road),+44 1702 474414,,,,,leighpharmacy.elm@gmail.com,,,www.bansalspharmacy.co.uk,bansalspharmacy.co.uk,,,230.0,198.0,,,,,,,,,,
lifecrest ltd trading as (lifecrest medical laboratory),+44 1603 928868,,,,,admin@lifecrest.co.uk,,,lifecrest.co.uk,,,,105.0,,,,,,,,,,,
linbury doctors,+44 333 050 7338,,,,,covid@linburydoctors.co.uk,,,www.linburydoctors.co.uk,,,,210.0,,,,,,,,,,,
live covid testing,+44 330 223 5697,,,,,info@livecovidtesting.co.uk,,,livecovidtesting.co.uk,,,,155.0,141.0,135.0,116.0,100.0,59.0,57.0,47.0,125.0,55.0,119.0,45.0
local pcr,+44 121 827 2723,+44 121 392 7342,,,,info@localpcr.com,,,www.localpcr.com,,,,210.0,195.0,,,,,,,,,,
locaton medical services ltd,+44 330 321 7357,,,,,covidtesting@locationmedical.com,,,locationmedical.com,,,,110.0,330.0,,,,,,,,,,
london corona test centre,+44 1895 671717,,,,,tests@londoncoronatestcentre.com,,,www.londoncoronatestcentre.com,,,,175.0,165.0,125.0,105.0,,,,,,,,
london covid testing,+44 20 3488 8463,,,,,contact@londoncovidtesting.com,info@londoncovidtesting.com,,www.londoncovidtesting.com,,,,199.0,99.0,,,,,,,,,,
london elite health,+44 20 7486 0701,,,,,info@londonelitehealth.com,,,covid.londonelitehealth.com,,,,210.0,,,,,,,,,,,
london medical concierge,+44 20 7305 5590,,,,,experts@londonmedicalconcierge.com,,,londonmedicalconcierge.com,,,,358.0,,,,,,,,,,,
london medical laboratory,+44 20 7183 3718,,,,,info@londonmedicallaboratory.co.uk,,,www.privatecoronavirustests.com,,,,189.0,,,,,,,,,,,
london medical laboratory / private coronavirus tests,+44 20 7183 3718,,,,,info@londonmedicallaboratory.co.uk,,,www.privatecoronavirustests.com,,,,189.0,169.0,109.0,,,,,,,,,
london nutrition doctor,+44 7533 660637,,,,,pa@londonnutritiondoctor.com,,,access.londonnutritiondoctor.com,,,,230.0,,,,,,,,,,,
london screening centre,+44 20 7935 3626,,,,,asadrudin@yahoo.co.uk,,,londonscreeningcentre.com,,,,125.0,250.0,,,,,,,,,,
london screening street,+44 20 7935 3626,,,,,asadrudin@yahoo.co.uk,,,londonscreeningcentre.cm,,,,195.0,,,,,,,,,,,
london vaccination clinic,+44 7990 755804,,,,,enquiries@360health.co.uk,katy.peters@360health.co.uk,,www.londonvaccinationclinic.co.uk,shop.londonvaccinationclinic.co.uk,,,185.0,,,,,,,,,,,
longridge travel health clinic,+44 1772 439054,,,,,info@longridgetravelhealthclinic.com,,,www.longridgetravelhealthclinic.com,,,,210.0,180.0,,,,,,,,,,
lord's pharmacy,+44 20 7586 9668,,,,,info@lordspharmacy.net,,,www.lordspharmacy.net,,,,210.0,205.0,,,,,,,,,,
lyca health,+44 20 7132 1440,,,,,enquiries@lycahealth.com,,,lycahealth.com,,,,220.0,,,,,,,,,,,
mare st clinic,+44 20 3488 7351,,,,,info@marestclinic.co.uk,,,www.marestclinic.co.uk,,,,189.0,159.0,,,,,,,,,,
masta,+44 330 100 4200,,,,,enquiries@masta.org,,,www.masta-travel-health.com,,,,199.0,185.0,,,,,,,,,,
masters (uk) limited t/a nechells pharmacy and masters pharmacy,+44 121 314 3142,,,,,info@nechellspharmacy.co.uk,,,www.nechellspharmacy.co.uk,,,,155.0,,,,,,,,,,,
masters pharmacy,+44 121 270 6556,,,,,info@masterspharmacy.co.uk,,,pharmacyledclinic.co.uk,,,,155.0,,,,,,,,,,,
mayfair doctors,+44 20 7499 1581,,,,,covidtest@mayfairdoctors.com,,,www.mayfairdoctors.com,,,,230.0,250.0,,,,,,,,,,
mayfair pharmacy,+44 20 7629 7999,,,,,mayfairhealthltd@gmail.com,,,londonpcr.com,,,,280.0,,,,,,,,,,,
mayfield clinic,+44 1865 423425,,,,,info@mayfieldclinic.co.uk,,,www.mayfieldclinic.co.uk,,,,249.0,,,,,,,,,,,
mdna life sciences,+44 776833371,,,,,h.smart@mdnalifesciences.com,,,www.nph-group.co.uk,,,,95.0,190.0,,,,,,,,,,
mdna life sciences (uk) ltd,+44 7768 333371,,,,,h.smart@mdnalifesciences.com,,,www.nph-group.co.uk,,,,95.0,190.0,,,,,,,,,,
mdx healthcare ltd t/a medix,+44 1438 940654,,,,,covid@mdxhealthcare.com,,,mdxhealthcare.com,,,,210.0,,,,,,,,,,,
me360 healthcare limited t/a me360 testing services,+44 7983 443737,,,,,me360testingservice@gmail.com,,,www.me360testingservice.com,,,,135.0,149.0,119.0,,,,,,,,,
me360 healthcare ltd t/a me360 testing services,+44 7983 443737,,,,,me360testingservice@gmail.com,,,www.me360testingservice.com,,,,159.0,,,,,,,,,,,
me360 testing services,+44 7983 443737,,,,,me360testingservice@gmail.com,,,www.me360testingservice.com,,,,180.0,,,,,,,,,,,
med24 limited,+44 20 3987 4200,,,,,covid-19@med24.clinic,,,www.med24.clinic,,,,225.0,180.0,,,,,,,,,,
medchecks,+44 7791 142675,,,,,testing@medchecks.ie,,,medchecks.co.uk,,,,179.0,,,,,,,,,,,
medi-park clinic,+44 20 8341 3185,+44 1869 255770,,,,info@mediparkclinic.uk,support@fitnessgenes.com,booking@mediparkclinic.uk,www.mediparkclinic.uk,coronavirus.fitnessgenes.com,,,150.0,180.0,220.0,159.0,200.0,,,,,,,
medi-swift,+44 7889 135743,,,,,admin@medi-swift.co.uk,,,www.manchestercovidtesting.co.uk,,,,210.0,,,,,,,,,,,
medic 1 direct,+44 845 004 4999,,,,,covid19@medic1.co.uk,,,www.medic1.co.uk,,,,298.0,,,,,,,,,,,
medic testing,+44 20 3936 4356,,,,,info@medictesting.com,,,www.medictesting.com,,,,245.0,,,,,,,,,,,
medical,+44 7843 988660,,,,,info@samedaycoronavirustests.com,,,samedaycoronavirustests.com,,,,250.0,,,,,,,,,,,
medical and rescue,+44 1784 637999,,,,,enquiries@medicalandrescue.co.uk,enquires@medicalandrescue.co.uk,,www.medicalandrescue.co.uk,,,,260.0,,,,,,,,,,,
medical and rescue - london and lhr,+44 1784 637999,,,,,enquiries@medicalandrescue.co.uk,,,www.medicalandrescue.co.uk,,,,260.0,,,,,,,,,,,
medical covid test,+44 161 527 7960,,,,,support@medicalcovidtest.com,,,www.medicalcovidtest.com,,,,150.0,24.0,20.0,75.0,,,,,,,,
medical diagnosis,+44 20 8830 0503,,,,,info@medical-diagnosis.co.uk,,,www.medical-diagnosis.net,,,,149.0,138.0,,,,,,,,,,
medical logistics,+44 7843 988660,,,,,info@samedaycoronavirustests.com,,,samedaycoronavirustests.com,,,,250.0,,,,,,,,,,,
medical logistics / samedaycoronavirustests.com,+44 7843 988660,,,,,info@samedaycoronavirustests.com,,,samedaycoronavirustests.com,,,,250.0,,,,,,,,,,,
medical testing,+44 161 989 5333,,,,,info@4medicaltesting.co.uk,,,4medicaltesting.co.uk,,,,40.0,,,,,,,,,,,
medicines online,+44 20 3637 0384,,,,,cs@medicinesonline.org.uk,,,medicinesonline.org.uk,,,,124.0,,,,,,,,,,,
medicines online ltd,+44 20 3637 0384,,,,,cs@medicinesonline.org.uk,,,medicinesonline.org.uk,,,,145.0,124.0,119.0,99.0,44.0,84.0,24.99,20.0,69.0,,,
medicspot,+44 20 3637 8398,+44 1753 863775,,,,tests@medicspot.co.uk,customerservices@fgsaunderspharmacy.co.uk,,www.medicspot.co.uk,fgsaunderspharmacy.co.uk,,,219.0,,,,,,,,,,,
medinow,+44 20 3488 6537,,,,,info@medinow.co.uk,,,medinow.co.uk,,,,225.0,,,,,,,,,,,
mediscan diagnostic services,+44 161 820 1123,,,,,lab@mediscanservices.co.uk,,,www.mediscanservices.co.uk,,,,175.0,,,,,,,,,,,
medplus test,+44 7888 040407,,,,,booking@medplustest.uk,,,medplustest.uk,,,,189.0,110.0,,,,,,,,,,
medwyn occupational health,+44 1306 873942,,,,,covid19@medwynoh.co.uk,,,medwynoh.co.uk,,,,169.0,,,,,,,,,,,
mhf medical concierge,+44 20 7060 1136,,,,,info@mhfcovidtesting.co.uk,,,mhfcovidtesting.co.uk,,,,139.0,120.0,,,,,,,,,,
midland covid testing,+44 333 366 0837,,,,,info@midlandcovidtesting.co.uk,,,midlandcovidtesting.co.uk,,,,249.0,,,,,,,,,,,
midland covid testing limited,,,,,,support@mlandtestingkit.uk,,,mlandtestingkit.uk,,,,181.5,,,,,,,,,,,
midland health,+44 333 772 1999,,,,,hello@midlandhealth.co.uk,,,midlandhealth.co.uk,,,,179.0,145.0,,,,,,,,,,
midlands ultrasound and medical services,+44 121 704 2669,,,,,administrator@mums.me.uk,,,www.mums.me.uk,,,,180.0,150.0,,,,,,,,,,
mildcare ltd,+44 20 7538 0817,,,,,covid.mildcare@gmail.com,,,lincolnpharmacy.co.uk,,,,229.0,,,,,,,,,,,
minton treharne & davies laboratories,+44 29 2054 0000,,,,,c19support@minton.group,,,shop.minton.group,,,,190.0,,,,,,,,,,,
minton treharne & davies laboratories limited,+44 29 2054 0000,,+44 20 3002 6070,,,c19support@minton.group,info@c-19direct.com,,shop.minton.group,,,,190.0,140.0,114.95,,,,,,,,,
mk18 private medical practice,+44 1280 460118,,,,,admin@mk18medical.com,,,www.mk18medical.com,,,,390.0,,,,,,,,,,,
mlp,+44 20 8126 5156,,,,,info@londontest.co.uk,,,www.mylondonpharmacy.co.uk,,,,19.99,160.0,,,,,,,,,,
mobihealth international,+44 333 224 6080,,,,,covid19@mobihealthinternational.com,,,mobihealthconsultcovid19.mobihealthinternational.com,,,,185.0,85.0,,,,,,,,,,
moore medical practice,+44 20 7349 1490,,,,,info@mooremedicalpractice.co.uk,,,www.mooremedicalpractice.co.uk,,,,250.0,,,,,,,,,,,
msh medical,+44 800 029 1694,,,,,covidtesting@mshmedical.co.uk,,,,,,,150.0,,,,,,,,,,,
msi clinics,+44 20 4522 9103,,,,,info@msiclinics.com,,,www.msiclinics.com,,,,290.0,,,,,,,,,,,
msi clinics limited,+44 20 4522 9103,,,,,info@msiclinics.com,,,www.msiclinics.com,,,,290.0,229.0,,,,,,,,,,
my express testing,+44 161 672 5190,,,,,enquiries@myexpresstesting.co.uk,,,www.myexpresstesting.co.uk,,,,118.0,,,,,,,,,,,
my express testing uk,+44 161 672 5190,,,,,enquiries@myexpresstesting.co.uk,,,www.myexpresstesting.co.uk,,,,20.0,,,,,,,,,,,
my local travel clinic,+44 121 314 5022,,,,,info@mylocaltravelclinic.co.uk,,,www.mylocaltravelclinic.co.uk,,,,155.0,,,,,,,,,,,
my london pharmacy,+44 20 4525 4599,+44 20 8126 5156,,,,info@mylondonpharmacy.co.uk,,,www.mylondonpharmacy.co.uk,,,,34.99,,,,,,,,,,,
my private chemist,+44 20 3987 9202,,,,,info@myprivatechemist.com,,,www.myprivatechemist.com,myprivatechemist.com,,,170.0,120.0,195.0,,,,,,,,,
myhealthcare clinic,+44 20 7129 8639,+44 20 7129 7908,,,,coronatesting@myhealthcareclinic.com,,,myhealthcareclinic.com,,,,210.0,135.0,,,,,,,,,,
myhealthchecked,+44 20 3365 2067,,,,,care@myhealthchecked.com,,,myhealthchecked.com,,,,170.0,150.0,136.0,,,,,,,,,
national covid testing (klinical enterprises ltd),+44 116 304 6220,,,,,support@nationalcovidtesting.co.uk,,,,nationalcovidtesting.co.uk,,,178.2,150.0,,,,,,,,,,
nationwide pathology,+44 1858 571322,,,,,covid@nationwidepathology.co.uk,,,nwp-online.co.uk,,,,155.0,,,,,,,,,,,
nationwide pathology limited,+44 1858 571322,,,,,covid@nationwidepathology.co.uk,,,nwp-online.co.uk,,,,115.0,111.0,85.0,,,,,,,,,
nechells pharmacy and masters pharmacy,+44 121 314 3142,,,,,info@nechellspharmacy.co.uk,,,www.nechellspharmacy.co.uk,,,,155.0,,,,,,,,,,,
new street pharmacy,+44 7940 916597,,,,,info@thetravelvaccineroom.co.uk,,,,thetravelvaccineroom.co.uk,,,199.0,180.0,,,,,,,,,,
new street pharmacy t/a the travel vaccine room,+44 7940 916597,,,,,info@thetravelvaccineroom.co.uk,,,thetravelvaccineroom.co.uk,,,,180.0,,,,,,,,,,,
newcastle premier health,+44 191 605 3140,,,,,testing@nph-group.co.uk,,,www.nph-group.co.uk,,,,190.0,,,,,,,,,,,
nhl pharmacy,+44 1772 70483,+44 1772 700483,,,,esales@nhlpharmacy.co.uk,,,getavaccine.co.uk,,,,220.0,190.0,,,,,,,,,,
nivha laboratory services ltd,+44 330 223 6419,,,,,covid@nivha.net,,,nivhacovid.net,,,,140.0,,,,,,,,,,,
"nivha laboratory services ltd, randox",+44 330 223 6419,,,,,covid19@nivha.net,,,,,,,130.0,,,,,,,,,,,
nivha laboratory services ltd.,+44 330 223 6419,,,,,covid@nivha.net,covid19@nivha.net,,nivhacovid.net,,,,140.0,130.0,,,,,,,,,,
nl clinic,+44 7882 750772,+44 208880957,,,,info@nlclinic.co.uk,,,www.nlclinic.co.uk,,,,170.0,129.0,,,,,,,,,,
nomad,+44 1902 943711,,,,,day2and8testing@nomadtravel.co.uk,,,www.nomadtravel.co.uk,,,,20.0,99.0,,,,,,,,,,
nomad travel,+44 1341 555061,+44 1902 943711,,,,orders@nomadtravel.co.uk,day2and8testing@nomadtravel.co.uk,,www.nomadtravel.co.uk,,,,180.0,99.0,25.0,,,,,,,,,
north and north west london covid tests,+44 7809 164171,+44 20 3191 6699,,,,nanwlcovidtesting@gmail.com,,,www.covidtestslondon.com,,,,195.0,185.0,,,,,,,,,,
north devon travel clinic,+44 1272 373346,+44 1271 373346,,,,covidtest@northdevontravelclinic.co.uk,,,www.northdevontravelclinic.co.uk,,,,195.0,320.0,220.0,190.0,,,,,,,,
northend clinic,+44 151 728 3155,,,,,enquiries@northendclinic.co.uk,,,northendclinic.co.uk,,,,199.0,160.0,145.0,,,,,,,,,
northway clinic,+44 20 3405 0860,,,,,info@northwayclinic.co.uk,,,northwayclinic.co.uk,,,,170.0,,,,,,,,,,,
nottinghamshire,+44 7425 629538,,,,,covidtesting@eastmidlandslaserclinic.co.uk,,,emlcc.as.me,,,,190.0,,,,,,,,,,,
now test,+44 20 3488 7870,,,,,support@nowteest.com,support@nowtest.com,,www.nowtest.com,,,,156.0,90.0,,,,,,,,,,
nph group,+44 191 605 3140,,,,,testing@nph-group.co.uk,,,www.nph-group.co.uk,,,,175.0,,,,,,,,,,,
nutraceuticals laboratory london limited,+44 20 8566 0608,,,,,info@nutraceuticalslondon.co.uk,,,nutraceuticalslondon.co.uk,,,,105.0,190.0,,,,,,,,,,
nx healthcare,+44 20 8168 7100,,,,,cservices@nxhealthcare.co.uk,,,www.nxhealthcare.co.uk,,,,180.0,59.0,99.0,,,,,,,,,
objective health ltd,+44 191 486 2425,,,,,info@objectivehealth.co.uk,,,www.objectivehealth.co.uk,,,,180.0,,,,,,,,,,,
occupational health bristol,+44 117 332 5097,+44 161 806 0420,+44 117 332 5739,+44 117 332 5993,,hello@occupationalhealthbristol.co.uk,info@hhhdiagnostics.co.uk,,www.occupationalhealthbristol.co.uk,hhhdiagnostics.co.uk,,,300.0,38.99,200.0,100.0,,,,,,,,
occupational health prime,+44 1908 915899,,,,,covidtesting@ohprime.co.uk,,,www.covid.ohprime.co.uk,,,,155.0,,,,,,,,,,,
olive health & travel clinic,+44 20 8550 2276,,,,,contact@olivehealthandtravel.co.uk,,,www.olivehealthandtravel.co.uk,booking.olivehealthandtravel.co.uk,,,210.0,,,,,,,,,,,
one scientic ltd,+44 117 938 2410,,,,,covidenquiries@onescientific.co.uk,,,onescientific.co.uk,,,,196.0,,,,,,,,,,,
one scientific ltd,+44 117 938 2410,,,,,covidenquiries@onescientific.co.uk,,,onescientific.co.uk,,,,196.0,159.0,,,,,,,,,,
one scientific ltd.,+44 117 938 2410,,,,,covidenquiries@onescientific.co.uk,,,onescientific.co.uk,,,,159.0,,,,,,,,,,,
one5 health,+44 20 3488 4415,,,,,care@one5.health,,,www.one5.health,,,,250.0,280.0,270.0,,,,,,,,,
optimized body &  mind,+44 333 012 4214,,,,,info@optimizedbodyandmind.co.uk,,,optimizedbodyandmind.co.uk,,,,159.0,,,,,,,,,,,
optimized body & mind,+44 333 012 4214,,,,,info@optimizedbodyandmind.co.uk,,,optimizedbodyandmind.co.uk,,,,159.0,160.0,90.0,45.0,25.0,50.0,30.0,85.0,20.0,,,
optipharm pharmacy,+44 20 8908 1960,,,,,covid@optipharm.co.uk,,,optipharmpharmacy.co.uk,,,,179.0,159.0,129.0,,,,,,,,,
orchard clinic / orchard blood,+44 20 3198 3100,,,,,pa@orchard-clinic.co.uk,,,,orchardblood.co.uk,,,160.0,,,,,,,,,,,
oscartech uk,+44 20 3633 8413,,,,,testing@oscartech-uk.com,,,www.oscartech-uk.com,,,,155.0,139.0,,,,,,,,,,
outcome diagnostics,+44 20 3637 6873,,,,,contact@outcome-diagnostics.co.uk,,,tests.medicspot.co.uk,,,,169.0,,,,,,,,,,,
outcome diagnostics (outcomedx),+44 20 3148 2505,,,,,support@123tests.co.uk,contact@outcome-diagnostics.co.uk,,123tests.co.uk,www.outcomedx.com,,,55.0,45.0,160.0,18.0,119.0,,,,,,,
outcome diagnostics t/a 123 tests,+44 20 3148 2505,,,,,support@123tests.co.uk,,,123tests.co.uk,,,,55.0,,,,,,,,,,,
oxford covid tests,+44 7767 074768,,,,,info@oxfordcovidtests.com,,,oxfordcovidtests.com,,,,200.0,,,,,,,,,,,
pall mall medical (manchester) limited,+44 330 058 4455,,,,,admin@pallmallmedical.co.uk,,,www.pallmallmedical.co.uk,,,,159.0,,,,,,,,,,,
pcr labs,+44 20 3105 0545,,,,,info@pcrlabs.co.uk,,,pcrlabs.co.uk,,,,250.0,,,,,,,,,,,
pcrtravel ltd london,+44 20 3475 7050,,,,,support@pcrtravel.co.uk,info@pcrtravel.co.uk,,pcrtravel.co.uk,,,,23.95,119.0,21.0,149.0,,,,,,,,
pct healthcare,+44 115 951 2092,,,,,pharmacy.online@pcthealthcare.com,,,www.peakpharmacy.co.uk,,,,175.0,,,,,,,,,,,
"pct healthcare t/a peak pharmacy, manor pharmacy, cox-robinson pharmacy",+44 115 951 2092,,,,,pharmacy.online@pcthealthcare.com,,,www.peakpharmacy.co.uk,,,,175.0,150.0,,,,,,,,,,
pennfields pharmacy,+44 1902 341300,,,,,info@pennfieldspharmacy.co.uk,,,www.travel-vaccination.co.uk,,,,155.0,,,,,,,,,,,
peplobio,+44 1483 685190,,,,,info@peplobio.co.uk,,,www.peplobio.co.uk,,,,119.0,,,,,,,,,,,
pexpo diagnostic,+44 20 3575 1209,,,,,info@pexpo.co.uk,day2day8@pexpo.co.uk,,londontesting.co.uk,,,,150.0,40.0,,,,,,,,,,
pexpo diagnostics,+44 20 3575 1209,,,,,day2day8@pexpo.co.uk,,,londontesting.co.uk,,,,210.0,167.0,75.0,150.0,,,,,,,,
pharmacy led clinic,+44 7729 483366,,,,,info@masterspharmacy.co.uk,,,pharmacyledclinic.co.uk,,,,155.0,,,,,,,,,,,
pharmasuite,+44 7935 809834,,,,,info@pharmasuite.co.uk,,,www.pharmasuite.co.uk,pharmasuite.co.uk,,,170.0,,,,,,,,,,,
pharmesthetics ltd,+44 20 8050 4353,,,,,info@pharmesthetics.com,,,www.samedayclinic.co.uk,,,,175.0,,,,,,,,,,,
pharmesthetics ltd (t/a http://www.samedayclinic.co.uk),+44 20 8050 4353,,,,,info@pharmesthetics.com,,,www.samedayclinic.co.uk,,,,155.0,,,,,,,,,,,
physiofunction,+44 1327 842321,,,,,testing@physiofunction.co.uk,,,www.physiofunction.co.uk,,,,198.0,,,,,,,,,,,
physiowork therapy uk ltd,+44 1842 630014,,,,,contact@physiowork.co.uk,,,www.physiowork.co.uk,,,,199.0,,,,,,,,,,,
pillhub-feltham pharmacy,+44 20 8064 1815,,,,,help@pillhub.co.uk,,,pillhub.co.uk,,,,20.0,79.95,,,,,,,,,,
polaris medical services ltd,+44 1923 545814,,,,,covid-19@pmgoc.com,,,www.polarismedical.co.uk,,,,185.0,,,,,,,,,,,
premier clinic ltd,+44 1254 677341,,,,,info@premier-clinic.co.uk,,,www.premier-clinic.co.uk,,,,130.0,,,,,,,,,,,
private gp clinic,+44 1932 344004,,,,,covidtest@surreyberkshire.co.uk,,,www.privategpclinic.co.uk,,,,210.0,,,,,,,,,,,
private gp services uk ltd,+44 1245 234134,,,,,info@privategpservices.co.uk,,,privategpservices.co.uk,,,,99.0,,,,,,,,,,,
private gp teddington,+44 20 3303 0326,,,,,covidtest@privategp.org,,,www.privategp.org,,,,250.0,,,,,,,,,,,
private harley street clinic,+44 4439165990,+44 20 3916 5990,,,,info@privateharleystreetclinic.com,,,privateharleystreetclinic.com,,,,250.0,120.0,169.0,,,,,,,,,
private-testing-providers london cloudapps digital refresh,+44 117 313 5203,,,,,hello@occupationalhealthbristol.co.uk,,,www.occupationalhealthbristol.co.uk,,,,225.0,,,,,,,,,,,
project olive lindfield limited,+44 7967 535361,,,,,nicola@projectolive.org,,,projectolive.org,,,,110.0,220.0,,,,,,,,,,
project screen by prenetics,+44 300 303 2860,,,,,care@projectscreen.co.uk,,,www.projectscreen.co.uk,,,,164.0,154.0,,,,,,,,,,
protein technologies ltd / rapiditydx,+44 161 226 2366,,,,,covidtesting@protein-technologies.com,,,rapiditydx.com,,,,99.0,,,,,,,,,,,
protein technologies ltd t/a as rapiditydx,+44 161 226 2366,,,,,covidtesting@protein-technologies.com,,,rapiditydx.com,,,,185.0,,,,,,,,,,,
protein technologies t/a rapiditydx,,,,,,covidtesting@protein-technologies.com,,,rapiditydx.com,,,,99.0,,,,,,,,,,,
proviris solutions,+44 037738641,,,,,support@provirissolutions.com,,,provirissolutions.com,,,,118.0,139.98,,,,,,,,,,
pt diagnostics,,,,,,testing@ptdiagnostics.co.uk,,,,,,,175.0,,,,,,,,,,,
pulmonics,+44 7517 057681,,,,,contact@pulmonics.co.uk,,,pulmonics.co.uk,,,,200.0,160.0,,,,,,,,,,
pulteney pharmacy,+44 1225 466454,,,,,pulpharm@gmail.com,,,www.pulteneypharmacy.com,,,,169.0,,,,,,,,,,,
pureflo health ltd,+44 20 3475 3426,,,,,contact@pureflohealth.co.uk,,,pureflohealth.co.uk,,,,210.0,,,,,,,,,,,
pyramid pharmacy,+44 20 8317 1176,,,,,farah@pyramidpharmacy.co.uk,,,pyramidpharmacywoolwich.co.uk,,,,200.0,,,,,,,,,,,
pyramid pharmacy bermondsey,+44 20 7237 1659,,,,,southwark@pyramidpharmacy.co.uk,,,www.pcrtest2release.com,,,,220.0,,,,,,,,,,,
pyramid pharmacy woolwich,+44 20 8317 1176,,,,,woolwich@pyramidpharmacy.co.uk,,,pyramidpharmacywoolwich.co.uk,,,,199.0,,,,,,,,,,,
pyser testing,+44 20 7193 3740,,,,,sales@pysertesting.com,,,pysertesting.com,,,,234.0,125.0,,,,,,,,,,
queen anne street medical centre,+44 20 7034 3301,,,,,enquiries@heartlungcentre.com,enquiries@qasmc.com,,heartlungcentre.com,,,,250.0,198.0,,,,,,,,,,
quest medical,+44 141 648 7180,,,,,support@questmedical.co.uk,,,www.questmedical.co.uk,,,,20.0,,,,,,,,,,,
quick clinics,+44 20 8092 6507,,,,,bookings@quickclinics.co.uk,,,www.quickclinics.co.uk,,,,169.0,99.0,70.0,50.0,35.0,7.5,149.0,24.0,154.0,145.0,82.0,
quick meds,+44 121 628 5318,,,,,results@apothecare.co.uk,,,www.quickmeds.co.uk,,,,195.0,,,,,,,,,,,
quick meds using labmedexpert,+44 121 628 5318,,,,,results@apothecare.co.uk,,,www.quickmeds.co.uk,,,,195.0,,,,,,,,,,,
qured,+44 20 3966 6924,+44 333 016 4411,,,,support@qured.com,,,qured.com,webform.qured.com,,,198.0,150.0,138.0,,,,,,,,,
rainbow labs,+44 7442 795363,+44 7436 055025,,,,support@rainbowlabs.co.uk,support@rainbow.co.uk,,rainbowlabs.co.uk,www.rainbowlabs.co.uk,,,160.0,145.0,120.0,108.0,,,,,,,,
ramss,+44 345 200 2551,,,,,office@ramss.co.uk,,,www.ramss.co.uk,,,,200.0,,,,,,,,,,,
ramss limited,+44 345 200 2551,,,,,office@ramss.co.uk,,,www.ramss.co.uk,,,,240.0,216.0,,,,,,,,,,
randox health airport testing,+44 800 254 5201,,,,,covidcustomersupport@randox.com,covidsales@randox.com,,fly.randox.com,,,,86.0,,,,,,,,,,,
randox health liverpoolone,+44 800 254 5201,,,,,covidcustomersupport@randox.com,,,,lpl.randox.com,,,60.0,43.0,,,,,,,,,,
randox health london limited,+44 800 254 5201,,,,,covidcustomersupport@randoxhealth.com,,,fly.randox.com,,,,120.0,,,,,,,,,,,
randox laboratories,+44 28 9442 2413,,,,,covidcustomersupport@randox.com,,,www.randoxhealth.com,,,,120.0,,,,,,,,,,,
randox laboratories ltd,+44 28 9442 2413,,,,,covidsales@randox.com,covidcustomersupport@randox.com,,www.randoxhealth.com,,,,86.0,,,,,,,,,,,
rapid covid testing,+44 20 7112 4964,,,,,info@rapidcovidtesting.org.uk,,,www.rapidcovidtesting.org.uk,,,,160.0,,,,,,,,,,,
rapid health test,+44 1872 229740,,,,,contact@rapidhealthtest.com,info@rapidhealthtest.com,,rapidhealthtest.com,,,,199.0,179.0,,,,,,,,,,
rapid pcr,+44 7907 028192,,,,,rapidpcrtest@hotmail.com,,,www.rapidpcr.co.uk,rapidpcr.co.uk,,,178.0,,,,,,,,,,,
rapiditydx,+44 1602 262366,,,,,covidtesting@protein-technologies.com,,,www.rapiditydx.com,,,,185.0,,,,,,,,,,,
rb health and safety solutions ltd,+44 1424 205990,,,,,charlotte.collyer@rbhealthandsafety.co.uk,,,www.rbhealthandsafety.co.uk,,,,195.0,,,,,,,,,,,
rb healthcare ltd,+44 151 203 6535,+44 161 870 6546,,,,admin@clearchemist.co.uk,info@cheshiretravelclinic.co.uk,,www.clearchemist.co.uk,pharmadoctor.co.uk,,,195.0,220.0,,,,,,,,,,
reading fit to fly,+44 20 3875 5160,,,,,customerservice@readingfittofly.co.uk,,,www.readingfittofly.co.uk,,,,99.0,,,,,,,,,,,
reading fit to fly/oxford road clinics ltd,+44 20 3875 5160,,,,,customerservice@readingfittofly.co.uk,,,www.readingfittofly.co.uk,,,,119.0,,,,,,,,,,,
recovery4life,+44 333 344 5790,,,,,bookings@recovery4life.co.uk,,,www.recovery4life.co.uk,,,,145.0,,,,,,,,,,,
red 1 response,+44 330 229 0112,,,,,hello@red1response.com,,,covid.red1response.com,,,,155.99,178.0,,,,,,,,,,
remedi health,+44 1962 396695,,,,,support@remedihealth.co,,,remedihealth.co,,,,250.0,,,,,,,,,,,
remedys pharmacy,+44 20 7286 7255,,,,,covid@remedyspharmacy.london,,,audley-remedys.uk,,,,170.0,,,,,,,,,,,
remedys pharmacy w9,+44 20 7286 7255,,,,,covid@remedyspharmacy.london,,,,,,,190.0,,,,,,,,,,,
research consultancy and health ltd,+44 7904 697060,,,,,covid19test@rcandh.com,,,rcandh.com,,,,175.0,,,,,,,,,,,
reviv uk,+44 161 209 3754,,,,,ukdiagnostics@revivme.com,,,reviv-pcr.co.uk,,,,199.0,,,,,,,,,,,
rightangled,+44 20 3950 3394,,,,,info@rightangled.co,,,www.rightangled.co,,,,210.0,,,,,,,,,,,
rivahealth,+44 161 518 2999,,,,,info@rivahealth.co.uk,,,rivahealth.co.uk,,,,60.0,,,,,,,,,,,
roc health services,+44 1224 515254,,,,,covid19@rochealthservices.com,,,rochealthservices.com,,,,400.0,250.0,292.0,,,,,,,,,
roc private clinic,+44 1225 515254,+44 1224 515254,,,,covid19@rochealthservices.com,,,rocprivateclinic.com,,,,140.0,250.0,,,,,,,,,,
rosalyns medical and wellbeing clinic,+44 1924 654105,,,,,info@rosalynsmedical.com,,,rosalynsmedical.com,,,,198.0,,,,,,,,,,,
roshni clinic,+44 333 050 7138,,,,,info@roshniclinic.co.uk,,,www.roshniclinic.com,,,,175.0,,,,,,,,,,,
rt diagnostics,+44 1422 416242,,,,,info@rtdiagnostics.co.uk,,,www.rtdiagnostics.co.uk,,,,98.0,84.0,,,,,,,,,,
same day clinic,+44 20 8050 4353,,,,,info@pharmesthetics.com,,,www.samedayclinic.co.uk,,,,115.0,,,,,,,,,,,
samedaydoctor,+44 20 7531 7120,,,,,canarywharf@samedaydoctor.co.uk,,,questionnaire.heydoc.co.uk,,,,290.0,,,,,,,,,,,
samedaydoctor canary wharf,+44 20 7531 7120,,,,,canarywharf@samedaydoctor.co.uk,,,samedaydoctor.org,,,,290.0,,,,,,,,,,,
samedaydoctor city clinic,+44 20 3871 6015,,,,,city@samedaydoctor.co.uk,,,www.samedaydoctor.org,,,,290.0,200.0,,,,,,,,,,
samedaydoctor manchester,+44 161 827 7868,,,,,manchester@samedaydoctor.co.uk,,,questionnaire.heydoc.co.uk,,,,290.0,200.0,,,,,,,,,,
saunders pharmacy,+44 1753 863775,,,,,customerservices@fgsaunderspharmacy.co.uk,,,fgsaunderspharmacy.co.uk,,,,219.0,,,,,,,,,,,
scotnursing & medical services (snms),+44 141 255 1222,,,,,info@scotnursing.com,,,scotnursing.com,,,,160.0,,,,,,,,,,,
screen4,+44 1226 730052,,,,,covid19@screen4.org,,,screen4.org ,screen4.org,,,150.0,120.0,105.0,60.0,,,,,,,,
sevenoaks gp t/a the private gp clinic,+44 1732 835212,,,,,info@theprivategpclinic.co.uk,,,www.theprivategpclinic.co.uk,,,,240.0,,,,,,,,,,,
shakib&neale limitd (107 harley street),+44 20 7935 8627,,,,,covidtesting@107harleystreet.co.uk,,,harleystreetmaxillofacialclinic.com,,,,150.0,,,,,,,,,,,
shantys pharmacy,+44 20 7247 2140,,,,,info@shantyspharmacy.com,,,shantyspharmacy.com,,,,230.0,215.0,,,,,,,,,,
sirkka networks limited,+44 330 088 1263,,,,,day2day8@sirkkaltd.com,,,www.sirkkanetworks.com,www.sirkkaltd.com,,,135.0,128.0,,,,,,,,,,
site lt,+44 7398 230712,,,,,covid@sitelt.co.uk,,,www.sitelt.co.uk,sitelt.co.uk,,,180.0,120.0,130.0,,,,,,,,,
skc occupational health,+44 1235 606080,,,,,su@skcoccupationalhealth.org,,,suchantry.com,,,,250.0,,,,,,,,,,,
skc occupational health oxford,+44 1235 606080,,,,,su@skcoccupationalhealth.org,,,suchantry.com,,,,190.0,,,,,,,,,,,
sloane square medical,+44 20 7730 8835,,,,,manager@sloanesquaremedical.org,,,www.sloanesquaremedical.org,,,,325.0,275.0,,,,,,,,,,
sloane street testing,+44 20 3879 0019,,,,,testingcentre@sloanestreetsurgery.co.uk,,,www.sloanestreettesting.co.uk,,,,245.0,149.0,,,,,,,,,,
solice health ltd,+44 20 7459 4535,,,,,contact@solice.health,,,www.solice.health,,,,210.0,,,,,,,,,,,
solihull health check clinic,+44 121 745 7400,,,,,connect@shcc.co.uk,,,www.solihullhealthcheckclinic.co.uk,,,,210.0,,,,,,,,,,,
somdoc ltd / home2lab,+44 20 7117 2458,,,,,hello@home2lab.co.uk,,,home2lab.co.uk,,,,179.0,,,,,,,,,,,
sorcha biotech,+44 141 237 4110,,,,,judy@sorchabiotech.co,,,www.sorchabiotech.com,,,,130.0,,,,,,,,,,,
source bioscience,+44 115 973 9012,,,,,covid@sourcebioscience.com,,,coviduk.sourcebioscience.com,,,,120.0,,,,,,,,,,,
south west london covid 19 testing centre,+44 7930 192187,,,,,info@swltest.com,,,www.swltest.com,,,,230.0,199.0,,,,,,,,,,
south west london covid-19 centre,+44 7930 192187,,,,,info@swltest.com,,,www.swltest.com,,,,230.0,,,,,,,,,,,
southdowns private healthcare,+44 330 220 2000,,,,,info@southdownsprivatehealthcare.co.uk,,,www.southdownsprivatehealthcare.co.uk,,,,220.0,,,,,,,,,,,
sterling testing,+44 333 335 5373,,,,,bookings@sterlingtesting.co.uk,,,www.sterlingtesting.co.uk,,,,95.0,75.0,85.0,54.99,70.0,169.99,,,,,,
summerfield healthcare,+44 333 900 0010,,,,,covidtesting@summerfieldhealthcare.co.uk,,,www.summerfieldhealthcare.co.uk,,,,199.0,,,,,,,,,,,
sussex healthcare solutions ltd,+44 323325445,,,,,sussexhealthcare@outlook.com,,,,,,,120.0,,,,,,,,,,,
synlab,+44 7341 088222,+44 333 014 3760,,,,testtorelease@synlab.co.uk,,,humanmedicine.synlab.co.uk,,,,185.0,165.0,,,,,,,,,,
t consultants,+44 7952 911145,,,,,covidtestscentre@gmail.com,,,www.covidtestscentre.com,,,,165.0,,,,,,,,,,,
t consultants ltd,+44 7952 911145,,,,,covidtestscentre@gmail.com,,,www.covidtestscentre.com,covidtestscentre.com,,,150.0,140.0,135.0,,,,,,,,,
"t/a nash travel, tourism and transport services ltd",+44 7795 388789,,,,,info@covidfittoflytest.co.uk,,,www.covidfittoflytest.co.uk,,,,174.99,,,,,,,,,,,
tac healthcare group,+44 7845 005390,+44 333 014 3488,,,,dinesh.venkama@tachealthcare.com,c19@tachealthcare.com,,,www.tachealthcaregroup.com,,,188.0,,,,,,,,,,,
tamsel (uk) ltd,+44 20 3167 1228,,,,,info@tamsel.co.uk,,,tamsel.co.uk,,,,130.0,,,,,,,,,,,
test assurance group,+44 330 118 0008,,,,,testing@testassurancegroup.com,,,testassurancegroup.com,,,,165.0,,,,,,,,,,,
test for now,+44 141 628 5667,,,,,info@testfornow.co.uk,,,testfornow.co.uk,,,,169.0,,,,,,,,,,,
test for now ltd,+44 141 628 5667,,,,,info@testfornow.co.uk,,,testfornow.co.uk,,,,165.0,,,,,,,,,,,
test to you,+44 7872 172176,,,,,customercare@testtoyou.co.uk,,,testtoyou.co.uk,,,,250.0,280.0,,,,,,,,,,
testing for all,+44 20 3301 1100,,,,,travel@testingforall.org,,,www.testingforall.org,,,,105.0,99.0,95.0,89.0,,,,,,,,
testngo,+44 330 133 4454,,,,,info@testngo.co.uk,,,testngo.co.uk,,,,120.0,,,,,,,,,,,
the bridge clinic,+44 1753 664139,,,,,covid.check@outlook.com,,,please.use.email,bridge-clinic.com,,,120.0,80.0,,,,,,,,,,
the city & travel clinic,+44 20 7062 2385,,,,,admin@thecityandtravelclinic.com,,,,,,,159.99,,,,,,,,,,,
the clinic mk ltd,+44 1908 309290,,,,,info@theclinicmk.co.uk,,,www.theclinicmk.co.uk,,,,168.0,,,,,,,,,,,
the express clinic,+44 20 3893 2621,,,,,info@theexpressclinic.com,,,www.theexpressclinic.com,,,,200.0,,,,,,,,,,,
the guildhall practice,+44 121 441 2626,,,,,covidtest@theguildhallpractice.co.uk,,,theguildhallpractice.co.uk,,,,199.0,,,,,,,,,,,
the health clinic by ar,+44 1422 730022,,,,,covid@healthclinicbyar.co.uk,,,www.healthclinicbyar.co.uk,,,,179.0,140.0,,,,,,,,,,
the health clinic by ar limited,+44 1422 730022,,,,,covid@healthclinicbyar.co.uk,,,www.healthclinicbyar.co.uk,,,,90.0,119.0,,,,,,,,,,
the health suite,+44 116 241 0010,,,,,info@thehealthsuite.co.uk,,,thehealthsuite.co.uk,,,,199.0,165.0,110.0,99.0,148.0,,,,,,,
the hove practice,+44 1273 733830,,,,,reception@thehovepractice.co.uk,,,thehovepractice.co.uk,,,,275.0,270.0,,,,,,,,,,
the london general practice,+44 20 7935 1000,,,,,info@thelondongeneralpractice.com,,,www.thelondongeneralpractice.com,,,,260.0,,,,,,,,,,,
the mayfair gp,+44 7568 369455,,,,,info@themayfairgp.com,,,,,,,675.0,,,,,,,,,,,
the mayfair gp clinic,+44 7568 369455,,,,,info@themayfairgp.com,,,www.themayfairgp.com,,,,575.0,,,,,,,,,,,
the medic clinic,+44 1234 880079,,,,,info@medicclinic.co.uk,,,medicclinic.co.uk,,,,195.0,,,,,,,,,,,
the melton clinic,+44 1664 650550,,,,,info@themeltonclinic.co.uk,,,www.themeltonclinic.co.uk,,,,199.0,169.0,,,,,,,,,,
the montague clinic,+44 20 3637 7999,,,,,expresscovidtests@montagueclinic.com,,,montagueclinic.com,,,,200.0,165.0,99.0,20.0,,,,,,,,
the new foscote hospital,+44 1295 252281,,,,,covidtesting@foscote.hospital,,,thefoscotehospital.co.uk,,,,150.0,275.0,,,,,,,,,,
the palace gate practice limited,+44 20 7244 5806,,,,,covidtesting@palacegatepractice.com,,,www.palacegatepractice.com,,,,195.0,250.0,,,,,,,,,,
the pharmacy at mayfair and clinic,+44 7958 499522,,,,,pharmacyatmayfair@gmail.com,,,www.pharmacymayfair.co.uk,,,,250.0,,,,,,,,,,,
the regenerative clinic,+44 330 223 3332,+44 20 3637 5566,,,,diagnostics@theregenerativeclinic.co.uk,,,www.theregenerativeclinic.co.uk,,,,220.0,149.0,,,,,,,,,,
the travel health clinic,+44 7851 848773,,,,,cv19clinic@gmail.com,,,thetravelhealthclinic.co.uk,,,,165.0,159.99,155.0,,,,,,,,,
the travel vaccine room,+44 7940 916597,,,,,info@thetravelvaccineroom.co.uk,,,thetravelvaccineroom.co.uk,,,,149.99,,,,,,,,,,,
the walcote practice,+44 1962 828715,,,,,info@thewalcotepractice.co.uk,info@thewalcotepratice.co.uk,,thewalcotepractice.co.uk,,,,230.0,,,,,,,,,,,
the wellness people ltd,+44 7752 095822,,,,,roshni@thewellnesspeople.co,,,,,,,220.0,250.0,,,,,,,,,,
the whitehall clinic,+44 113 833 4900,,,,,hello@whitehallclinic.com,,,www.whitehallclinic.com,,,,300.0,,,,,,,,,,,
thechemistlive.co.uk,+44 161 543 6622,,,,,admin@thechemistlive.co.uk,,,thechemistlive.com,,,,180.0,,,,,,,,,,,
top health clinic,+44 20 8123 4510,,,,,info@tophealthclinic.co.uk,,,tophealthclinic.co.uk,,,,220.0,,,,,,,,,,,
totley pharmacy ltd,+44 114 236 1070,,,,,totleypharmacyrepeats@hotmail.co.uk,,,www.totleypharmacy.co.uk,,,,190.0,,,,,,,,,,,
tower bridge wellness pharmacy,+44 20 3771 9927,,,,,contact@thewellnesspharmacy.co.uk,,,www.thewellnesspharmacy.co.uk,,,,249.0,,,,,,,,,,,
tp healthcare services,+44 20 4542 4558,,,,,enquiries@tphealthcareservices.com,,,www.tphealthcareservices.com,,,,190.0,,,,,,,,,,,
tp healthcare services limited,+44 20 4542 4558,,,,,enquiries@tphealthcareservices.com,,,www.tphealthcareservices.com,,,,170.0,,,,,,,,,,,
tp healthcare services ltd,+44 20 4542 4558,,,,,enquiries@tphealthcareservices.com,,,www.tphealthcareservices.com,,,,165.0,135.0,,,,,,,,,,
travel 19,+44 330 175 2530,,,,,hello@travel19.co.uk,,,www.travel19.co.uk,,,,26.99,20.0,,,,,,,,,,
travel centre,+44 20 7720 8701,,,,,covidtests@travelcentreclapham.com,,,www.travelcentreclapham.com,,,,195.0,,,,,,,,,,,
travel centre clapham,+44 20 7720 8701,,,,,covidtests@travelcentreclapham.com,,,www.travelcentreclapham.com,,,,195.0,165.0,,,,,,,,,,
travel centre clapham ltd,+44 20 7720 8701,,,,,covidtests@travelcentreclapham.com,,,www.travelcentreclapham.com,,,,95.0,160.0,170.0,,,,,,,,,
travel klinix,+44 24 7601 6519,,,,,info@travelklinix.com,,,travelklinix.com,,,,230.0,,,,,,,,,,,
travel test centre ltd,+44 20 3488 8976,,,,,info@traveltestcentre.com,,,www.traveltestcentre.com,www.traveltestcentre.co.uk,,,149.0,,,,,,,,,,,
treated.com,+44 20 7043 0716,,,,,customercare@treated.com,,,www.treated.com,,,,119.0,238.0,,,,,,,,,,
trio pharmacy,+44 1932 225900,,,,,triopharmacy1@gmail.com,,,www.triopharmacy.co.uk,,,,190.0,,,,,,,,,,,
tuli health,+44 20 8067 6074,,,,,info@tuli.health,,,tuli.health,portal.tuli.health,,,210.0,165.0,,,,,,,,,,
uk covid test centre,+44 1224 608702,,,,,support@covidtestcentre.net,,,www.covidtestcentre.net,,,,20.0,,,,,,,,,,,
uk event medics,+44 1270 895177,,,,,info@ukeventmedics.net,,,www.ukeventmedicservices.co.uk,,,,195.0,,,,,,,,,,,
uk event medics limited,+44 1270 895177,,,,,info@ukeventmedics.net,,,www.ukeventmedicservices.co.uk,,,,190.0,150.0,,,,,,,,,,
uk event medics ltd,+44 1270 895177,,,,,info@ukeventmedics.net,,,www.ukeventmedics.net,,,,150.0,,,,,,,,,,,
uk health testing,+44 1604 800609,,,,,covid@ukhealthtesting.com,,,ukhealthtesting.com,,,,160.0,39.99,33.0,24.96,4.95,119.0,29.0,20.0,25.99,98.0,,
uk testing arrival centre,+44 571627277,,,,,contact@arrivaltestcenter.com,,,arrivaltestcenter.com,,,,20.0,,,,,,,,,,,
ukcovidtest,+44 29 2128 0591,,,,,info@ukcovidtest.co.uk,,,ukcovidtest.co.uk,,,,220.0,186.5,181.5,104.0,,,,,,,,
vaccination uk ltd,+44 1462 459595,,,,,admin@vaccinationuk.co.uk,,,travelvaccination.co.uk,,,,165.0,,,,,,,,,,,
vanite clinic,+44 121 687 0025,,,,,info@vaniteclinic.com,,,www.vaniteclinic.com,,,,210.0,130.0,,,,,,,,,,
visithealth limited,+44 20 3795 5811,,,,,hello@visithealth.co.uk,,,visithealth.london,,,,290.0,,,,,,,,,,,
vista pharmacy,+44 20 7625 7931,,,,,covid@vistapharmacy.uk,,,www.vistapharmacy.uk,,,,139.0,,,,,,,,,,,
vitacheck,+44 1992 500651,,,,,info@vitacheck.health,,,,,,,190.0,,,,,,,,,,,
vitalclinic,,,,,,info@vitalclinic.co.uk,,,vitalclinic.co.uk,,,,20.0,,,,,,,,,,,
vitox,+44 20 7268 4915,,,,,info@vitox.co.uk,,,vitox.co.uk,,,,250.0,,,,,,,,,,,
vivo clinic,+44 333 305 8486,,,,,pcrtest@vivoteam.co.uk,,,vivoclinic.com,,,,199.0,238.0,205.7,,,,,,,,,
vsm pharmacy,+44 1276 21002,,,,,digital@vsmpharmacy.co.uk,,,www.vsmpharmacy.co.uk,,,,199.0,159.0,,,,,,,,,,
well pharmacy (bestway national chemists ltd),+44 1782 597313,,,,,hello@well.co.uk,,,shop.well.co.uk,,,,220.0,185.0,,,,,,,,,,
well pharmacy (bestway national chemists),+44 1782 597313,,,,,hello@well.co.uk,,,shop.well.co.uk,,,,220.0,,,,,,,,,,,
west midlands,+44 121 439 8062,,,,,shifapharmacist@gmail.com,,,www.shifa-pharmacy.co.uk,,,,155.0,,,,,,,,,,,
weston road pharmacy,+44 1785 248888,,,,,info@westonroadpharmacy.co.uk,,,www.travel-vaccination.co.uk,,,,155.0,,,,,,,,,,,
westwood pharmacy,+44 161 213 0394,,,,,shelemur.rahman@nhs.net,,,www.vaccinesfortravels.co.uk,,,,269.0,,,,,,,,,,,
winchester gp,+44 1962 776010,,,,,reception@winchestergp.com,,,winchestergp.com,,,,250.0,,,,,,,,,,,
woodsetton pharmacy,+44 1902 887501,,,,,woodsettonpharmacy1@gmail.com,,,,,,,145.0,,,,,,,,,,,
world travel clinic,+44 1753 847663,+44 1753 867030,,,,hello@worldtravelclinic.co.uk,,,www.thepharmshop.com,,,,199.0,175.0,170.0,,,,,,,,,
worldwide travel health clinic,+44 1204 263040,,,,,info@worldwidetravelhealth.co.uk,,,www.worldwidetravelhealth.co.uk,,,,179.0,149.0,,,,,,,,,,
wren healthcare,+44 20 3974 6950,,,,,results@wrenhealthcare.co.uk,,,wrenhealthcare.co.uk,,,,210.0,,,,,,,,,,,
"www.covidfittoflytest.co.uk t/a nash travel, tourism and transport services ltd.",+44 7795 388789,,,,,info@covidfittoflytest.co.uk,,,www.covidfittoflytest.co.uk,,,,184.99,174.99,,,,,,,,,,
xana medtec,+44 161 974 6518,,,,,info@xanamedtec.com,,,www.xanamedtec.com,,,,210.0,116.0,195.0,178.0,,,,,,,,
xana medtec ltd,+44 161 974 6518,,,,,info@xanamedtec.com,,,www.xanamedtec.com,,,,156.0,,,,,,,,,,,
yakub chemist,+44 116 251 2959,,,,,info@yakubchemist.co.uk,,,www.yakubchemist.co.uk,,,,190.0,150.0,,,,,,,,,,
your doctor film and media,+44 330 088 2163,,,,,info@yourdoctorfm.com,,,yourdoctorfm.com,,,,175.0,250.0,,,,,,,,,,
your gp circle,+44 333 800 5202,,,,,hello@yourgpcircle.co.uk,,,yourgpcircle.co.uk,,,,170.0,,,,,,,,,,,
your health first,+44 845 163 0458,,,,,info@yourhealthfirstltd.com,,,your-health-first.webnode.co.uk,yourhealthfirstltd.com,,,175.0,150.0,,,,,,,,,,
your health first ltd,+44 845 163 0458,,,,,info@yourhealthfirstltd.com,,,your-health-first.webnode.co.uk,,yourhealthfirstltd.com,,130.0,145.0,60.0,95.0,,,,,,,,
your private health,+44 161 519 4448,,,,,info@yourprivatehealth.co.uk,,,yourprivatehealth.co.uk,,,,209.0,210.0,135.0,,,,,,,,,
yourhealthfirst clinic,+44 20 7225 3582,,,,,info@yourhealthfirst.uk,,,covid19.yourhealthfirst.uk,,,,189.0,210.0,,,,,,,,,,
ypchealth,+44 113 531 4947,,,,,info@ypchealth.co.uk,,,www.ypchealth.co.uk,,,,175.0,,,,,,,,,,,
zava,+44 20 3588 0292,,,,,covidtraveltesting@zavamed.com,,,zavamed.com,www.zavamed.com,,,138.0,,,,,,,,,,,
zen healthcare,+44 20 7225 1660,,,,,testing@zenhealthcare.co.uk,,,www.zenhealthcare.co.uk,,,,210.0,,,,,,,,,,,
zen healthcare (purecare ltd),+44 20 7225 1660,,,,,testing@zenhealthcare.co.uk,,,www.zenhealthcare.co.uk,,,,200.0,170.0,,,,,,,,,,
zoomdoc,+44 20 7993 2292,,,,,info@zoomdoc.com,,,zoomdoc.com,www.zoomdoc.com,,,210.0,198.0,,,,,,,,,,
zoomdoc health,+44 20 7993 2292,,,,,info@zoomdoc.com,,,www.zoomdoc.com,,,,198.0,178.0,138.0,,,,,,,,,
