,company_name,company_number_0,company_number_1,company_number_2,company_number_3,company_number_4,company_email_0,company_email_1,company_email_2,company_email_3,company_link_0,company_link_1,company_link_2,company_link_3
0,#nomad travel,+44 1902 943711,,,,,day2and8testing@nomadtravel.co.uk,,,,www.nomadtravel.co.uk,,,
1,*everything genetic ltd,+44 1270 623179,,,,,covidtestbookings@everythinggeneticltd.co.uk,,,,covidtests.everythinggeneticltd.co.uk,,,
2,+001 expert covid testing uk,+44 1925 691542,,,,,enquiries@expertcovidtestinguk.com,,,,www.expertcovidtestinguk.com,,,
3,+247 travel tests,+44 333 210 2247,,,,,info@247traveltests.com,,,,www.247traveltests.com,,,
4,+44 covid test,+44 20 3950 3394,,,,,hello@0044covidtest.com,,,,0044covidtest.com,,,
5,.0000covid 19 private test ltd,+44 330 133 3844,,,,,info@covidtravelpcr.com,,,,covidtravelpcr.com,,,
6,.0001 ace-thetix,+44 20 7193 6318,,,,,"
covid@testingservices.online
",,,,www.testingservices.online,,,
7,.001expert tms limited,+44 1925 691542,,,,,enquiries@expertcovidtestinguk.com,,,,www.expertcovidtestinguk.com,,,
8,.001my express testing,+44 161 672 5190,,,,,enquiries@myexpresstesting.co.uk,,,,www.myexpresstesting.co.uk,,,
9,.004 medical testing,+44 161 989 5333,,,,,info@4mdicaltesting.co.uk,info@4medicaltesting.co.uk,,,4medicaltesting.co.uk,,,
10,.expert doctors,+44 1274 270270,,,,,support@expertdoctors.uk,,,,www.expertdoctors.uk,,,
11,.medical covid test,+44 161 527 7960,,,,,support@medicalcovidtest.com,,,,www.medicalcovidtest.com,,,
12,0 covid clear,,,,,,help@0covidclear.com,,,,www.0covidclear.com,,,
13,0+blindspot global,+44 333 242 0580,,,,,info@blindspotglobal.com,,,,www.blindspotglobal.com,,,
14,0+g16 covid testing,+44 20 3991 6493,,,,,arrivals@coronatest.co.uk,,,,www.coronatest.co.uk,,,
15,0-100 travel 19,,,,,,hello@travel19.co.uk,,,,www.travel19.co.uk,,,
16,00 harley medic international,+44 330 390 3666,,,,,info@harleymedic.co.uk,,,,www.harleymedic.co.uk,,,
17,000 book a travel test,+44 20 3811 8197,,,,,"
support@bookatraveltest.com
",support@bookatraveltest.com,,,www.bookatraveltest.com,,,
18,0000covid 19 private test ltd,+44 330 133 3844,,,,,info@covidtravelpcr.com,,,,covidtravelpcr.com,,,
19,0001ace-thetix,+44 20 7193 6318,,,,,covid@testingservices.online,,,,testingservices.online,,,
20,0001travelscreening,+44 1270 623179,,,,,covidtestbookings@everythinggeneticltd.co.uk,,,,covidtests.everythinggeneticltd.co.uk,,,
21,001 alpha express testing,+44 161 672 5190,,,,,enquiries@001alphaexpresstesting.co.uk,,,,www.001alphaexpresstesting.co.uk,,,
22,001 covid test,+44 330 133 4285,,,,,contact@001covidtest.co.uk,"
contact@001covidtest.co.uk
",,,001covidtest.co.uk,www.001covidtest.co.uk,,
23,001 digital health group ltd t/a pharma diagnostics,+44 20 8432 3309,,,,,info@pcrdirect.co.uk,info@pharmadiagnostics.co.uk,,,pcrdirect.co.uk,,,
24,001 expert covid testing uk,+44 1925 691542,,,,,enquiries@expertcovidtestinguk.com,,,,www.expertcovidtestinguk.com,,,
25,001aexpresstesting,+44 161 672 5190,,,,,enquiries@myexpresstesting.co.uk,,,,www.myexpresstesting.co.uk,,,
26,001expert covid testing uk,+44 1925 691542,,,,,enquiries@expertcovidtestinguk.com,,,,www.expertcovidtestinguk.com,,,
27,004 medical testing,+44 161 989 5333,,,,,info@4medicaltesting.co.uk,info@medicaltesting.co.uk,,,4medicaltesting.co.uk,,,
28,0044 covid test,+44 20 3983 5043,+44 20 3950 3394,,,,hello@0044covidtest.com,"
hello@0044covidtest.com
",,,0044covidtest.com,www.0044covidtest.com,,
29,0044healthtesting,+44 1228 112411,,,,,mail@0044healthtesting.co.uk,help@0044healthtesting.co.uk,,,0044healthtesting.co.uk,,,
30,004medical testing,+44 161 989 5333,,,,,info@4medicaltesting.co.uk,,,,4medicaltesting.co.uk,,,
31,00analysis1,+44 161 806 0420,,,,,help@00analysis1.co.uk,,,,00analysis1.co.uk,,,
32,00expert tms limited,+44 1925 691542,,,,,enquiries@expertcovidtestinguk.com,,,,www.expertcovidtestinguk.com,,,
33,01 ct24 solutions ltd,+44 20 4533 8934,,,,,info@ct24.co.uk,,,,ct24.co.uk,,,
34,01 harley street,+44 20 3886 1301,,,,,help@01harleystreet.co.uk,,,,01harleystreet.co.uk,,,
35,01 health hub,+44 1604 930385,,,,,info@thehealthhub.com,,,,www.1healthhub.co.uk,,,
36,01harleystreet,+44 20 3886 1301,,,,,help@01harleystreet.co.uk,,,,01harleystreet.co.uk,,,
37,01pcrtravel london,+44 20 3475 7050,,,,,info@pcrtravel.co.uk,,,,pcrtravel.co.uk,,,
38,01st class testing,+44 20 3442 0280,,,,,info@1stclasstesting.co.uk,,,,1stclasstesting.co.uk,,,
39,04 medical testing,+44 161 989 5333,,,,,info@4medicaltesting.co.uk,,,,4medicaltesting.co.uk,,,
40,044 covid test,+44 20 3950 3394,,,,,hello@0044covidtest.com,,,,0044covidtest.com,,,
41,0ptimized body & mind,+44 333 012 4214,,,,,info@optimizedbodyandmind.co.uk,,,,optimizedbodyandmind.co.uk,,,
42,1  harley medic international,+44 330 390 3666,,,,,info@harleymedic.co.uk,,,,www.harleymedic.co.uk,,,
43,1  nomad,+44 1902 943711,,,,,day2and8testing@nomadtravel.co.uk,,,,www.nomadtravel.co.uk,,,
44,1 affordabletest.com,+44 20 3475 0940,,,,,travel@1affordabletest.com,,,,1affordabletest.com,,,
45,1 alpha express testing,+44 161 672 5190,,,,,enquiries@001alphaexpresstesting.co.uk,,,,www.001alphaexpresstesting.co.uk,,,
46,1 corporate covid tests,+44 20 3950 3394,,,,,1corporate@rightangled.co,,,,www.1corporatecovidtests.com,,,
47,1 covclinics,+44 161 529 5488,,,,,info@covclinics.co.uk,"
info@covclinics.co.uk
",,,www.covclinics.co.uk,www.1covclinics.co.uk,,
48,1 harley medic international,+44 330 390 3666,,,,,info@harleymedic.co.uk,,,,www.harleymedic.co.uk,,,
49,1 health hub,+44 1604 930385,,,,,info@thehealthhub.com,"
info@thehealthhub.com
",,,www.1healthhub.co.uk,,,
50,1 health hub ltd,+44 1604 930385,,,,,info@thehealthhub.com,,,,www.1healthhub.co.uk,,,
51,1 nhl pharmacy,+44 7393 845321,,,,,esales@nhlpharmacy.co.uk,,,,www.getavaccine.co.uk,,,
52,1 pcrtravel london,+44 20 3475 7050,,,,,info@pcrtravel.co.uk,,,,pcrtravel.co.uk,,,
53,1 st class testing,+44 20 3442 0280,,,,,info@1stclasstesting.co.uk,,,,1stclasstesting.co.uk,,,
54,1 stop covid shop,+44 033282821,+44 7862 268224,+44 20 3642 2141,+44 202778657,+44 201927381,contact@1stopcovidshop.com,"
contact@1stopcovidshop.com
",,,www.1stopcovidshop.com,1stopcovidshop.com,,
55,10 harley linknurse clinic london,+44 20 3950 8134,,,,,10harley@linknurse.co.uk,"
10harley@linknurse.co.uk
",,,www.linknurse.co.uk,,,
56,10 hs linknurse clinic london,+44 20 3950 8134,,,,,10harley@linknurse.co.uk,,,,www.linknurse.co.uk,,,
57,100 covid clear,+44 330 133 3899,,,,,help@100covidclear.co.uk,"
help@100covidclear.co.uk
",,,100covidclear.co.uk,,,
58,101 covid travel clinic,+44 333 090 9494,,,,,info@covidtravelclinics.com,"
info@covidtravelclinics.com
",,,www.covidtravelclinics.com,,,
59,101 expert doctors,+44 1274 270270,,,,,support@expertdoctors.uk,,,,www.expertdoctors.uk,,,
60,101 testing,+44 20 3488 8434,,,,,admin@101testing.co.uk,info@101testing.co.uk,"
info@101testing.co.uk
",,,101testing.co.uk,,
61,1010labs,+44 121 822 8430,+44 113 466 0065,,,,covenquiries@1010labs.co.uk,"
covenquiries@1010labs.co.uk
",,,www.1010labs.co.uk,,,
62,107 harley street,+44 20 7935 8627,,,,,covidtesting@107harleystreet.co.uk,,,,107harleystreet.co.uk,,,
63,118 testing,+44 20 3128 2728,,,,,contact@118testing.com,,,,118testing.com,,,
64,118testing,+44 20 3642 2142,+44 751012816,,,,contact@118testing.com,,,,118testing.com,,,
65,12-14 pharmacy,+44 7724 573336,,,,,1214pharmacyltd@gmail.com,"
1214pharmacyltd@gmail.com
",,,www.theacornpharmacy.com,,,
66,121 covicall,+44 7942 349166,+44 7942 322777,,,,info@121covicall.com,,,,121covicall.com,,,
67,121 pure testing,+44 121 293 0414,,,,,hello@puretesting.co.uk,"
hello@puretesting.co.uk
",,,puretesting.co.uk,,,
68,123 clinics,+44 121 817 0999,,,,,info@123clinics.co.uk,,,,123clinics.co.uk,,,
69,123 covid labs,+44 113 521 7944,,,,,support@123labs.co.uk,,,,www.123labs.co.uk,,,
70,123clinics,+44 121 817 0999,,,,,mail@123clinics.co.uk,info@123clinics.co.uk,,,123clinics.co.uk,,,
71,123covidtests,+44 20 3148 2505,,,,,support@123tests.co.uk,,,,www.123tests.co.uk,,,
72,123tests.co.uk,+44 20 3148 2505,,,,,support@123tests.co.uk,,,,,123tests.co.uk,,
73,15 minute covid test,+44 20 3369 0075,,,,,info@15minutecovidtest.co.uk,"
info@15minutecovidtest.co.uk
",,,www.15minutecovidtest.co.uk,,,
74,1affordabletest,+44 20 3475 0940,,,,,travel@1affordabletest.com,,,,1affordabletest.com,,,
75,1affordabletest.com,+44 20 3475 0940,,,,,travel@1affordabletest.com,,,,1affordabletest.com,,,
76,1corporate covid tests,+44 20 3950 3394,,,,,1corporate@rightangled.co,"
1corporate@rightangled.co
",,,www.1corporatecovidtests.com,,,
77,1rapid clinics,+44 20 3137 5047,,,,,info@1rapidclinics.co.uk,"
info@1rapidclinics.co.uk
",,,1rapidclinics.co.uk,rapidclinics.co.uk,,
78,1st class testing,+44 20 3442 0280,+44 7552 251725,,,,info@1stclasstesting.co.uk,,,,1stclasstesting.co.uk,,,
79,1st class testing ltd,+44 20 3442 0280,,,,,info@1stclasstesting.co.uk,,,,1stclasstesting.co.uk,,,
80,1west end medical practice uk,+44 20 3137 5062,,,,,info@1westendmedicalpracticeuk.com,,,,1westendmedicalpracticeuk.com,,,
81,1west end medical practice uk ltd,+44 20 3137 5062,,,,,info@1westendmedicalpracticeuk.com,,,,1westendmedicalpracticeuk.com,,,
82,1westendmedicalpracticeuk,+44 20 3137 5062,,,,,info@1westendmedicalpracticeuk.com,,,,1westendmedicalpracticeuk.com,,,
83,20/30 labs,+44 1604 265119,,,,,2and8@2030lab.com,"
2and8@2030lab.com
",,,www.2030lab.com,,,
84,247 travel tests,+44 333 210 2247,,,,,"
info@247traveltests.com
",info@247traveltests.com,,,www.247traveltests.com,,,
85,247hometesting,+44 20 3976 8353,+44 20397683534,+44 203976835,,,info@247hometesting.com,"
info@247hometesting.com
",,,247hometesting.com,,,
86,247hometesting.com,+44 20 3976 8353,,,,,info@247hometesting.com,,,,247hometesting.com,,,
87,258 postal racoo screening ltd,,+44 800 254 5201,+44 1793 677480,,,info@racoo.co.uk,258postaltesting@racoo.co.uk,"
258postaltesting@racoo.co.uk
",,www.racoorapidtesting.com,www.258postal.com,,
88,29 fleet street ltd,+44 20 8175 8891,,,,,testandrelease@fleetstreetclinic.com,,,,fleetstreetclinic.com,,,
89,29 fleet street ltd t/a fleet street clinic,,+44 20 7353 5678,,,,testandrelease@fleetstreetclinic.com,,,,fleetstreetclinic.com,,,
90,3a covid testing limited,+44 20 3371 1008,,,,,info@3acovidtesting.com,,,,3acovidtesting.com,,,
91,3six health,+44 330 133 4208,,,,,support@3sixhealth.co.uk,"
support@3sixhealth.co.uk
",,,3sixtesting.co.uk,,,
92,4 medical testing,+44 161 989 5333,,,,,"
info@4medicaltesting.co.uk
",info@4medicaltesting.co.uk,,,4medicaltesting.co.uk,,,
93,@01a my express testing,+44 161 672 5190,,,,,enquiries@myexpresstesting.co.uk,,,,www.myexpresstesting.co.uk,,,
94,@corona tests,+44 121 820 5555,,,,,info@coronatests.com,,,,www.coronatests.com,,,
95,@covid19 health clinics limited,+44 20 3811 8545,,,,,info@covid19healthclinics.com,,,,,,,
96,@harley street nurses (t/a harley street nurses ltd),,+44 20 7637 5511,,,,covidtest@harleystreetnurses.com,,,,www.harleystreetnurses.com,,,
97,a hasu diagnostics,+44 333 772 6254,,,,,enquiry@hasudiagnostics.com,"
enquiry@hasudiagnostics.com
",,,www.hasudiagnostics.com,,,
98,a1 covid testing,+44 1603 567257,,,,,info@a1covidtesting.com,,,,www.a1covidtesting.com,,,
99,a1 global testing limited,+44 7459 740756,+44 20 7337 2427,,,,admin@a1globaltesting.com,"
admin@a1globaltesting.com
",,,a1globaltesting.com,,,
100,a1 track&travel,+44 333 335 5910,+44 16973 61948,,,,info@a1trackandtravel.co.uk,,,,www.a1trackandtravel.co.uk,,,
101,abbeycovidscreening,+44 1270 623179,,,,,covidtestbookings@everythinggeneticltd.co.uk,,,,0001abbeycovidscreening.com,,,
102,abg covic ltd,+44 7434 885786,,,,,info@abgcovic.com,,,,abgcovic.com,,,
103,abicare health,+44 161 518 2999,,,,,results@abicarehealth.co.uk,,,,abicarehealth.co.uk,,,
104,abicare health solutions,+44 161 518 2999,,,,,results@abicarehealth.co.uk,,,,abicarehealth.co.uk,,,
105,abicare health solutions ltd (riva health),+44 161 518 2999,,,,,results@abicarehealth.co.uk,"
results@abicarehealth.co.uk
",,,abicarehealth.co.uk,,,
106,accendolab limited,,+44 330 133 3612,,,,traveltests@accendolab.co.uk,info@accendolab.co.uk,"
info@accendolab.co.uk
","
traveltests@accendolab.co.uk
",www.accendolab.co.uk,,,
107,ace-thetix,+44 20 7193 6318,,,,,covid@testingservices.online,,,,testingservices.online,,,
108,acethetix,+44 20 7193 6318,,,,,"
covid@testingservices.online
",,,,www.testingservices.online,,,
109,acethetix testing services,+44 20 7193 3618,,,,,covid@testingservices.online,,,,www.testingservices.online,,,
110,acorn occupational health ltd,+44 1260 27797,+44 1260 277797,,,,"
aburrows@acornoh.co.uk
",aburrows@acornoh.co.uk,covid@acornoh.co.uk,,www.acornoh.co.uk,,,
111,advisa  medica,+44 20 8953 9989,,,,,"
doctor@doctorjlevy.com
",,,,www.covidtestingclinic.co.uk,,,
112,advisa medica,,+44 20 8953 9989,,,,doctor@doctorjlevy.com,info@covidtestingclinic.co.uk,"
doctor@doctorjlevy.com
",,www.covidtestingclinic.co.uk,covidtestingclinic.co.uk,,
113,aeromedical consulting uk,,+44 333 577 4944,,,,covidtesting@aeromedicalconsulting.co.uk,"
covidtesting@aeromedicalconsulting.co.uk
",,,testingatamcuk.com,www.aeromedicalconsulting.co.uk,,
114,aesthetika clinic,,+44 1909 563000,,,,info@aesthetika.co.uk,"
info@aesthetika.co.uk
",,,www.aesthetika.co.uk,,,
115,af aesthetics (enoura medical),+44 20 7183 6465,+44 20 7602 6745,,,,info@covidtesthub.co.uk,"
info@covidtesthub.co.uk
",,,www.covidtesthub.co.uk,,,
116,affinity health,,+44 1473 351029,,,,support@affinityhealth.uk,,,,www.affinityhealth.uk,,,
117,afforable tfnow,+44 141 628 5667,,,,,day28@londontest.co,,,,londontest.co.uk,,,
118,agg coventry ltd ta vantage chemist,+44 24 7622 2985,,,,,vantagechemist@btconnect.com,"
vantagechemist@btconnect.com
",,,www.vantagechemistcoventry.com,,,
119,agilis health,+44 1592 269570,,,,,help@agilishealth.co.uk,"
help@agilishealth.co.uk
",,,agilishealth.co.uk,,,
120,ais covid testing ltd,+44 7942 322777,,,,,info@aiscovid.com,"
info@aiscovid.com
",,,www.aiscovid.com,aiscovid.com,,
121,al-shadhilli ltd,,+44 121 439 8062,,,,shifapharmacist@gmail.com,,,,www.shifa-pharmacy.co.uk,,,
122,alexandru livinschi (t/a bai long ltd),+44 7902 198555,+44 20 7520 9236,,,,office@covid19getatest.co.uk,,,,covid19getatest.co.uk,,,
123,alexandru livinschi (t/a gat c-19),+44 20 7520 9236,,,,,office@covid19getatest.co.uk,,,,covid19getatest.co.uk,,,
124,all healthcare,,+44 330 223 6783,,,,info@allhealthcare.co.uk,,,,allhealthcare.co.uk,,,
125,alphabiolabs,,+44 1925 255450,+44 0441925255450,,,covid@alphabiolabs.com,"
covid@alphabiolabs.com
",,,www.alphabiolabs.co.uk,,,
126,alphamedicol ltd,,+44 330 223 6808,,,,info@alphamedicol.co.uk,,,,alphamedicol.co.uk,,,
127,alphamedicol ltd.,+44 330 223 6808,,,,,info@alphamedicol.co.uk,,,,alphamedicol.co.uk,,,
128,ambulance services 24 ltd,+44 1264 310303,,,,,info@ambulanceservices24.co.uk,,,,www.ambulanceservices24.co.uk,,,
129,ambutech pre-hospital care,+44 161 505 1959,,,,,covid@ambutech.co.uk,"
covid@ambutech.co.uk
",,,ambutech.co.uk,,,
130,amin pharmacy,+44 20 8570 9144,,,,,aminpharmacy@outlook.com,,,,www.aminpharmacyhounslow.co.uk,,,
131,an sf screening and vaccination service,,+44 113 873 0242,,,,info@sfvaccinations.co.uk,info@sfvaccinations.co.uk ,,,www.sfvaccinations.co.uk,,,
132,analysis1,+44 161 806 0420,,,,,help@00analysis1.co.uk,,,,analysis1.co.uk,,,
133,andres pharmacy,+44 20 8904 9059,,,,,"
andrespharm261@hotmail.com
",andrespharm261@hotmail.com,,,pharmaelite.co.uk,,,
134,anglia dna services,+44 1603 320777,,,,,ttp@angliadna.co.uk,"
ttp@angliadna.co.uk
",,,covidfit2fly.com,,,
135,anglo belgravia,+44 7724 201894,,,,,covid@bg-london.com,"
covid@bg-london.com
",,,www.bg-london.com,,,
136,apollo testing,+44 121 828 4023,,,,,support@apollotesting.com,,,,www.apollotesting.com,,,
137,arrival diagnostics,+44 7565 251834,,,,,hello@arrivaldiagnostics.co.uk,,,,www.arrivaldiagnostics.co.uk,,,
138,arrival test centre,+44 075101828,,,,,contact@arrivaltestcenter.com,,,,arrivaltestcenter.com,,,
139,arriving uk,+44 330 024 9176,,,,,info@arrivinguk.com,,,,,www.arrivinguk.com,,
140,arrivinguk,+44 330 024 9176,,,,,info@arrivinguk.com,,,,arrivinguk.com,,,
141,ask chemist,+44 1205 352778,,,,,enquiries@askchemist.co.uk,"
enquiries@askchemist.co.uk
",,,askchemist.co.uk,,,
142,assured screening,+44 800 135 7095,,,,,enquiries@assuredscreening.com,"
enquiries@assuredscreening.com
",,,www.assuredscreening.com,,,
143,assured screening.com,+44 7764 899076,,,,,enquiries@assuredscreening.com,,,,,,,
144,assuredscreening.com,+44 800 135 7095,,,,,enquiries@assuredscreening.com,,,,www.assuredscreening.com,,,
145,atlas medical services ltd,+44 20 8798 2520,,,,,covidtesting@atlasmed.co.uk,,,,atlasmed.co.uk,,,
146,atropa blood clinic,+44 1482 351209,,,,,fit2fly@atropabloodclinic.co.uk,,,,,,,
147,atruchecks,+44 20 3500 2019,,,,,help@atruchecks.com,"
help@atruchecks.com
",,,covid19tests.atruchecks.com,,,
148,audley pharmacy,+44 20 7493 6133,,,,,"
covid@audleypharmacy.london
",covid@audleypharmacy.london,,,audley-remedys.uk,,,
149,avante health ltd,+44 333 006 9610,,,,,support@avantehealth.co.uk,"
support@avantehealth.co.uk
",,,www.avantetestcentre.co.uk,,,
150,avante health private gp,+44 333 006 9610,+44 7971 810448,,,,support@avantehealth.co.uk,,,,www.avantetestcentre.co.uk,,,
151,avery labs,+44 1422 416117,,,,,info@averylabs.co.uk,,,,www.averylabs.co.uk,,,
152,avicenna health,,+44 20 8712 5565,,,,covid@avicenna-health.com,"
covid@avicenna-health.com
",,,www.avicenna-health.com,,,
153,bansals pharmacy,+44 1702 587500,,,,,pharmacy.bansal@nhs.net,,,,www.bansalspharmacy.co.uk,,,
154,bansals pharmacy (southend on sea),+44 1702 587500,,,,,bansalspharmacyservices@gmail.com,,,,bansalspharmacy.co.uk,,,
155,"bansals pharmacy (southend on sea),",+44 1702 587500,,,,,bansalspharmacyservices@gmail.com,,,,bansalspharmacy.co.uk,,,
156,barkerhouse pharmacy,+44 1282 612140,,,,,barkerhouse.pharmacy@nhs.net,"
barkerhouse.pharmacy@nhs.net
",,,barkerhousepharmacy.co.uk,,,
157,baseline medicine,,+44 7540 256296,,,,info@baselinemedicine.co.uk,"
info@baselinemedicine.co.uk
",,,www.baselinemedicine.co.uk,,,
158,bestway national chemists t/a well pharmacy ltd,,+44 1782 597313,,,,hello@well.co.uk,,,,www.well.co.uk,,,
159,better2know,,+44 20 7099 0955,,,,info@better2know.com,"
info@better2know.com
",,,www.better2know.co.uk,,,
160,biograd diagnostic laboratories,+44 151 482 9695,,,,,clinical@biograd.co.uk,,,,www.biograd.co.uk,,,
161,biograd diagnostics,,+44 151 482 9695,+44 345 565 1725,,,clinical@biograd.co.uk,"
clinical@biograd.co.uk
",,,www.biograddiagnostics.co.uk,,,
162,biogroup laboratory,+44 20 3885 0078,+44 20 4542 7774,,,,traveltestpackage@biogroup-laboratory.co.uk,"
traveltestpackage@biogroup-laboratory.co.uk
",,,biogroup-laboratory.co.uk,,,
163,biolab london ltd,+44 7776 526772,,,,,customer.service@biolablondon.co.uk,,,,,,,
164,biotherapy services,+44 20 7112 4964,,,,,info@rapidcovidtesting.org.uk,"
info@rapidcovidtesting.org.uk
",,,www.rapidcovidtesting.org.uk,www.rapidcovidtesting.com,,
165,black and banton,+44 191 487 1040,,,,,covidteam@blackandbanton.co.uk,"
covidteam@blackandbanton.co.uk
",,,www.blackandbanton.co.uk,,,
166,blackburn travel clinic,,+44 1254 54988,,,,info@blackburntravelclinic.co.uk,blackburntravelclinic@gmail.com,"
blackburntravelclinic@gmail.com
",,blackburntravelclinic.co.uk,,,
167,blindspot global,+44 333 242 0580,,,,,info@blindspotglobal.com,,,,blindspotglobal.com,www.blindspotglobal.com,,
168,blindspot global ltd,+44 333 242 0580,,,,,info@blindspotglobal.com,,,,blindspotglobal.com,,,
169,blue horizon medicals,+44 800 999 1110,,,,,assistance@bluehorizonmedicals.co.uk,covid@bluehorizonmedicals.co.uk,"
covid@bluehorizonmedicals.co.uk
",,www.bluehorizonbloodtests.co.uk,bluehorizonbloodtests.co.uk,,
170,book a travel test,+44 20 3811 8197,,,,,support@bookatraveltest.com,,,,,,,
171,boots uk,,+44 345 121 2837,,,,boots.customercare_team@boots.co.uk,"
boots.customercare_team@boots.co.uk
",,,www.boots.com,,,
172,bristol travel clinic,+44 800 772 3575,,,,,info@bristoltravelclinic.co.uk,,,,www.bristoltravelclinic.co.uk,,,
173,brunswick hygiene,+44 20 4541 6392,+44 800 689 1481,,,,info@brunswickhygiene.com,,,,brunswickhygiene.com,www.brunswickhygiene.com,,
174,brunswick hygiene ltd,+44 800 689 1481,+44 1273 121528,,,,info@brunswickhygiene.com,"
info@brunswickhygiene.com
",,,www.brunswickhygiene.com,brunswickhygiene.com,,
175,bupa occupational health ltd,+44 161 497 0661,,,,,mycovidtest@bupa.com,"
mycovidtest@bupa.com
",,,www.bupa.co.uk,,,
176,bupa occupational health ltd.,+44 161 497 0661,,,,,"
mycovidtest@bupa.com
",,,,www.bupa.co.uk,,,
177,c & h esher limited (t/a central pharmacy),,+44 1372 464007,,,,covidtestbookings@candhesher.com,,,,www.centralpharmacyesher.com,,,
178,c & h esher ltd,+44 1372 46007,,,,,covidtestbookings@candhesher.com,"
covidtestbookings@candhesher.com
",,,www.centralpharmacyesher.com,,,
179,"c & h esher ltd t/a central pharmacy, esher",+44 1372 464007,,,,,covidtestbookings@candhesher.com,,,,www.centralpharmacyesher.com,,,
180,c-19 direct uk lab alliance by cambrige clinical laboratories & nonocus,+44 20 3002 6070,,,,,info@c-19direct.com,,,,c-19direct.com,,,
181,"c-19 direct uk lab alliance by cambrige clinical laboratories & nonocus, using c-19 direct uk lab alliance by cambrige clinical laboratories & nonocus",+44 20 3002 6070,,,,,info@c-19direct.com,,,,c-19direct.com,,,
182,c19 testing,+44 20 3920 9012,,,,,support@c19testing.co.uk,"
support@c19testing.co.uk
",,,www.c19testing.co.uk,,,
183,calder pharmacy & medspa clinic,+44 20 7034 0156,,,,,info@medspa.co.uk,,,,www.medspa.co.uk,,,
184,calder pharmacy & medspa clinic notting hill,+44 20 7034 0156,,,,,info@medspa.co.uk,,,,,,,
185,calder pharmacy & medspa clinic of notting hill,+44 20 7034 0156,,,,,info@medspa.co.uk,"
info@medspa.co.uk
",,,,www.medspa.co.uk,,
186,caliber medical services,+44 7842 451207,,,,,martin@calibermedicalservices.co.uk,,,,www.calibermedicalservices.co.uk,,,
187,candarin medical,+44 7906 873581,,,,,sophia@candarinuk. com,sophia@candarinuk.com,"
sophia@candarinuk.com
",,candarinmedical.com,,,
188,caxton pharmacy,+44 20 8460 0377,,,,,info@caxtonpharmacy.com,"
info@caxtonpharmacy.com
",,,www.caxtonpharmacy.com,,,
189,centennial medical care,+44 20 3327 7777,,,,,info@centennialmedical.co.uk,"
info@centennialmedical.co.uk
",,,www.centennialmedical.co.uk,centennialmedical.co.uk,,
190,chase lodge hospital,+44 20 8358 7100,,,,,info@chaselodgehospital.com,,,,www.chaselodgehospital.com,,,
191,chb medical,+44 1242 698371,,,,,info@chbmedical.com,"
info@chbmedical.com
",,,www.chbmedical.co.uk,,,
192,chb medical ltd,+44 1242 698371,,,,,info@chbmedical.com,"
info@chbmedical.com
",,,www.chbmedical.co.uk,,,
193,check my body health,+44 1604 930250,,,,,covidteam@checkmybodyhealth.com,"
covidteam@checkmybodyhealth.com
",,,checkmybodyhealth.com,checkmybodyhealth.co.uk,,
194,chelsea medical,+44 20 7589 2353,,,,,cm@chelsealondondoctor.com,"
cm@chelsealondondoctor.com
",,,www.chelsealondondoctor.com,,,
195,chelsea pharmacy medical clinic,+44 20 7589 8776,,,,,contact@cpmedicalclinic.com,"
contact@cpmedicalclinic.com
",,,cpmedicalclinic.com,,,
196,"cheltenham, west midlands & worcester travel clinics",,,,,,covidtest@raylane.co.uk,,,,raylanetravelclinics.co.uk,,,
197,"cheltenham, worcester & west midlands travel clinics",+44 330133412,+44 330 133 4124,,,,covidtest@raylane.co.uk,,,,raylanetravelclinics.co.uk,,,
198,"cheltenham, worcester and west midlands travel clinics",+44 330133412,,,,,covidtest@raylane.co.uk,"
covidtest@raylane.co.uk
",,,raylanetravelclinics.co.uk,,,
199,chhp and ceritific,,+44 20 3989 8008,,,,,support.chhp@certific.co,,,,certific.chhp.com,,
200,chronomics,+44 20 4519 7400,,,,,support@chronomics.com,"
support@chronomics.com
",,,www.chronomics.com,,,
201,cht,,+44 20 3319 6469,,,,contact@covidhometest.co,"
contact@covidhometest.co
",,,,www.covidhometest.co,,
202,church pharmacy,+44 333 577 4575,,,,,clinic@thechurchpharmacy.com,"
clinic@thechurchpharmacy.com
",,,thechurchpharmacy.com,,,
203,church pharmacy weybridge,,+44 333 577 4575,,,,orders@churchpharmacyclinic.co.uk,,,,churchpharmacyclinic.co.uk,,,
204,churchill's pharmacy,+44 20 8994 0229,,,,,covid@churchillspharmacy.co.uk,,,,befittofly.com,,,
205,cignpost diagnostics,,+44 20 3384 0000,,,,info@expresstest.co.uk,,,,www.expresstest.co.uk,,,
206,circular 1 health ltd,+44 800 799 9751,,,,,customerservice@circular1.com,"
customerservice@circular1.com
",,,circular1.com,,,
207,citydoc medical,+44 20 3794 6697,,,,,support@citydoc.org.uk,,,,www.citydoc.org.uk,,,
208,citydoc medical limited,,+44 20 3794 6697,+44 20 3325 0174,+44 1688 320318,,support@citydoc.org.uk,"
support@citydoc.org.uk
",,,www.citydoc.org.uk,,,
209,ck doctors covid travel clinics,+44 333 090 9494,,,,,support@covidtravelclinics.com,,,,www.covidtravelclinics.com,,,
210,claret diagnostics ltd,,+44 333 577 0939,+44 7812 765833,,,customerservices@claretdiagnostics.coms.com,customerservices@claretdiagnostics.com,"
customerservices@claretdiagnostics.com
",,www.privatecovidtests.co.uk,,,
211,clear diagnostics,,,,,,customerservice@cleardiagnostics.co.uk,,,,www.cleardiagnostics.co.uk,,,
212,clear diagnostics ltd,+44 7424 637888,,,,,info@cleardiagnostics.co.uk,"
info@cleardiagnostics.co.uk
",,,www.cleardiagnostics.co.uk,,,
213,clinicare uk,,+44 7796 855535,,,,info@clinicare-uk.com,"
info@clinicare-uk.com
",,,clinicare-uk.com,,,
214,clnq,,+44 1565 362001,,,,hello@clnq.com,,,,www.clnq.com,,,
215,coker chest clinic,,+44 7923 385054,+44 20 7118 5600,,,info@chestclinic.co.uk,"
info@chestclinic.co.uk
",,,www.chestclinic.co.uk,,,
216,collingwood health,+44 1753 781654,,,,,testing@collingwoodhealth.com,"
testing@collingwoodhealth.com
",,,collingwoodhealth.com,,,
217,collinson,+44 1444 444140,,,,,consumerhelp@collinsongroup.com,"
consumerhelp@collinsongroup.com
",,,www.collinsongroup.com,,,
218,complete covid tests,+44 771012817,,,,,contact@completecovidtests.com,,,,completecovidtests.com,,,
219,concepto clinic,+44 20 3371 8814,,,,,support@conceptoclinic.co.uk,"
support@conceptoclinic.co.uk
",,,conceptoclinic.co.uk,,,
220,concierge medical,+44 1451 600900,,,,,covid@conciergemedical.co.uk,"
covid@conciergemedical.co.uk
",,,conciergemedical.co.uk,,,
221,concierge medical practice,+44 14510600900,,,,,covid@conciergemedical.co.uk,,,,www.conciergemedical.co.uk,,,
222,confirm testing,+44 20 3870 3623,,,,,info@confirmtesting.com,"
info@confirmtesting.com
",,,www.confirmtesting.com,,,
223,confirm testing limited,+44 20 3870 3623,,,,,info@confirmtesting.com,,,,www.confirmtesting.com,,,
224,consultant clinic,+44 161 399 0402,,,,,info@consultantclinic.org,"
info@consultantclinic.org
",,,consultantclinic.org,,,
225,coop pharmacy,,+44 1902 357660,,,,bilston.pharmacyhub@midcounties.coop,,,,www.cooppharmacy.coop,,,
226,corona test centre,+44 20 3983 7869,,,,,hello@coronatestcentre.com,"
hello@coronatestcentre.com
",,,www.coronatestcentre.com,,,
227,corona testing,+44 20 3642 2141,,,,,contact@corona-testing.com,,,,www.corona-testing.com,,,
228,corona-testing,+44 20 0262 6321,,,,,contact@corona-testing.com,,,,www.corona-testing.com,,,
229,coronafocus by oncologica uk,+44 1223 785327,,,,,test@covidprotected.co.uk,,,,covid19.oncologica.com,,,
230,coronafocus by oncologica uk ltd (t/a oncologica uk ltd),,+44 1223 785327,,,,test@covidprotected.co.uk,"
test@covidprotected.co.uk
",,,covid19.oncologica.com,,,
231,corporate covid tests,+44 20 3950 3394,,,,,info@1corporatecovidtests.com,,,,www.1corporatecovidtests.com,,,
232,cosmebeaute,+44 20 7935 1127,,,,,info@cosmebeaute.co.uk,,,,,,,
233,courtfield private practice,+44 20 7373 3541,,,,,covidtesting@courtfieldpp.co.uk,"
covidtesting@courtfieldpp.co.uk
",,,www.courtfieldpp.co.uk,,,
234,cov19 care,+44 330 555 0005,,,,,info@cov19care.co.uk,,,,www.cov19care.co.uk,,,
235,cov19care ltd,+44 330 555 0005,,,,,info@cov19care.co.uk,"
info@cov19care.co.uk
",,,,www.cov19care.co.uk,,
236,covguard,+44 20 4513 4000,,,,,info@covguard.com,"
info@covguard.com
",,,www.covguard.com,,,
237,covguard premium,+44 20 4513 4000,,,,,info@covguard.com,,,,www.covguard.com,,,
238,covid 19 private test ltd,,+44 330 133 3844,,,,info@covidtravelpcr.com,"
info@covidtravelpcr.com
",,,covidtravelpcr.com,,,
239,covid clear clinic,+44 7511 441999,,,,,enquiries@covidclearclinic.com,"
enquiries@covidclearclinic.com
",,,www.covidclearclinic.com,,,
240,"covid fit to fly tes t/a nash travel, tourism and transport services ltd.",+44 7795 388789,,,,,"
info@covidfittoflytest.co.uk
",,,,www.covidfittoflytest.co.uk,,,
241,covid mobile health services/remote trauma ld,+44 20 8546 3230,,,,,admin@cmhs-lab.com,,,,,,,
242,covid smart limited,+44 800 702 2145,,,,,hello@covidsmart.co.uk,"
hello@covidsmart.co.uk
",,,covidsmart.co.uk,www.covidsmart.co.uk,,
243,covid test,+44 330 133 4285,,,,,contact@001covidtest.co.uk,,,,001covidtest.co.uk,,,
244,covid test centre,+44 1224 608702,,,,,support@covidtestcentre.net,,,,www.covidtestcentre.net,,,
245,covid test hub,+44 20 7183 6465,,,,,info@covidtesthub.co.uk,,,,,,,
246,covid test pick and drop,+44 20 3371 8814,,,,,support@conceptoclinic.co.uk,,,,covidtestpickanddrop.com,,,
247,covid test today,,,,,,info@covid-test-today.com,,,,,,,
248,covid testing laboraratories,+44 333 335 0227,,,,,orders@covidtestinglaboratories.com,,,,covidtestinglaboratories.com,,,
249,covid testing laboratories,+44 333 242 0889,+44 333 335 0227,,,,orders@covidtestinglaboratories.com,"
orders@covidtestinglaboratories.com
",orders@covidtesinglaboratories.com,,www.covidtestinglaboratories.com,www.ctls.co.uk,covidtestinglaboratories.com,
250,covid testing laboratories ltd,+44 333 242 0889,,,,,"
orders@covidtestinglaboratories.com
",orders@covidtestinglaboratories.com,,,www.ctls.co.uk,,,
251,covid travel clinics,+44 333 090 9494,,,,,info@covidtravelclinics.com,,,,www.covidtravelclinics.com,,,
252,covid-19 travel clinic,+44 7731 398122,+44 205235632,,,,contact@covid19travelclinic.com,,,,www.covid19travelclinic.com,covid19travelclinic.com,,
253,covid19 checking,+44 330 133 1516,,,,,info@covid19checking.co.uk,,,,covid19checking.co.uk,,,
254,covid19 health clinics limited,,+44 121 794 7458,+44 20 3811 8545,,,info@covid19healthclinics.com,,,,,,,
255,covidfly,+44 7876 148666,+44 7973 507048,,,,enquiries@covidfly.co.uk,,,,www.covidfly.co.uk,,,
256,covido,+44 7572 188497,,,,,sales@covido.co.uk,"
sales@covido.co.uk
",,,www.covido.co.uk,,,
257,covitests,+44 800 009 6401,,,,,day2and8@covitests.co.uk,"
day2and8@covitests.co.uk
",,,www.covitests.co.uk,,,
258,coyne medical,+44 20 7731 3077,,,,,contact@coynemedical.com,"
contact@coynemedical.com
",,,coynemedical.com,,,
259,coyne medical ltd,+44 20 7731 3077,,,,,contact@coynemedical.com,,,,coynemedical.com,,,
260,cq doctor,,+44 333 404 9512,,,,help@cqdoctor.co.uk,"
tests@cqdoctor.uk
",tests@cqdoctor.uk,,www.cqdoctor.co.uk,cqdoctor.co.uk,,
261,crown laboratories ltd,+44 20 7193 3740,+44 7904 962101,,,,info@crownlabs-uk.com,,,,www.crownlabs-uk.com,pysertesting.com,,
262,cryo express,+44 1254 56770,,,,,info@cryoexpresshq.com,"
info@cryoexpresshq.com
",,,www.cryoexpresshq.com,,,
263,ct24 solutions ltd,+44 20 4533 8934,,,,,info@ct24.co.uk,"
info@ct24.co.uk
",,,ct24.co.uk,,,
264,ctm (nhs t&t),+44 20 7429 9983,,,,,covid.testkit@travelctm.com,"
covid.testkit@travelctm.com
",,,quarantinehotelbookings.ctmportal.co.uk,,,
265,d&a screening ltd,,+44 7724 459384,+44 116 442 2712,,,info@dnascreening.uk,"
support@dnascreening.uk
",,,www.dnascreening.uk,dnascreening.uk,,
266,dajani pharmacy,,+44 20 7589 8263,,,,clinic@dajanipharmacy.com,"
clinic@dajanipharmacy.com
",,,www.dajanipharmacy.com,,,
267,dante labs,+44 808 196 5659,,,,,contact@dantelabs.com,"
contact@dantelabs.com
",,,dantelabs.co.uk,www.dantelabs.co.uk,,
268,daya pharmacy,+44 20 8573 3084,,,,,dayapharm750@hotmail.com,"
dayapharm750@hotmail.com
",,,pharmaelite.co.uk,,,
269,dears pharmacy & travel clinic,,+44 1383 723571,,,,info@dearspharmacy.co.uk,"
info@dearspharmacy.co.uk
",,,dearspharmacy.co.uk,,,
270,dgc health ltd,+44 7990 466916,,,,,"
admin@dgchealth.com
",admin@dgchealth.com,,,wwwdgchealth.com,www.dgchealth.com,,
271,digital health group ltd t/a pharma diagnostics,+44 20 8432 3309,,,,,info@pharmadiagnostics.co.uk,support@pcrdirect.co.uk,,,pcrdirect.co.uk,,,
272,dna workplace,,+44 20 3943 5777,,,,travel@dnaworkplace.com,"
travel@dnaworkplace.com
",,,www.dnaworkplace.com,,,
273,dochq.co.uk,,+44 330 088 0645,,,,covidtesthelp@dochq.co.uk,,,,,dochq.co.uk,,
274,doctap,+44 20 7183 3254,,,,,support@doctap.co.uk,covid19@doctap.co.uk,,,doctap.co.uk,,,
275,doctap ltd,+44 20 7183 3254,,,,,"
covid19@doctap.co.uk
",covid19@doctap.co.uk,,,doctap.co.uk,,,
276,doctor driver assessment ltd,+44 800 001 6784,,,,,sales@doctordriverassessment.com,"
sales@doctordriverassessment.com
",,,www.doctordriverassessment.com,,,
277,doctorcall limited,+44 344 257 0345,,,,,admin@doctorcall.co.uk,,,,doctorcall.co.uk,,,
278,doctors clinic group,,+44 20 3993 4657,,,,info@londondoctorsclinic.co.uk,"
info@londondoctorsclinic.co.uk
",,,www.londondoctorsclinic.co.uk,,,
279,doctors covid travel clinics,+44 333 090 9494,,,,,support@covidtravelclinics.com,,,,www.covidtravelclinics.com,,,
280,dorset private gp,,+44 1202 583920,,,,info@dpgpcovidtesting.co.uk,"
info@dpgpcovidtesting.co.uk
",,,www.dpgpcovidtesting.co.uk,,,
281,dr mo private clinic,+44 7749 723669,,,,,hello@drmoprivateclinic.co.uk,"
hello@drmoprivateclinic.co.uk
",,,www.drmoprivateclinic.co.uk,,,
282,dr mo private clinic norwich,+44 7749 723669,,,,,hello@drmoprivateclinic.co.uk,,,,,,,
283,dr shilpa dave private gp teddington,+44 20 3303 0326,,,,,covidtest@privategp.org,,,,www.privategp.org,,,
284,dr tim lebens,,+44 20 7483 5148,,,,info@drlebens.com,"
info@drlebens.com
",,,www.drlebens.com,,,
285,dr wayne cottrell,,+44 20 3197 9100,,,,contact@drwaynecottrell.com,,,,,,,
286,"dr wayne cottrell, private gp canary wharf",+44 20 3197 9100,,,,,contact@drwaynecottrell.com,"
contact@drwaynecottrell.com
",,,www.drwaynecottrell.com,,,
287,dr. shilpa dave private gp teddington,+44 20 3303 0326,,,,,"
covidtest@privategp.org
",covidtest@privategp.org,,,www.privategp.org,,,
288,dr. wayne cotrell & co.,+44 20 3197 9100,,,,,contact@drwaynecottrell.com,,,,www.drwaynecottrell.com,,,
289,duality health,,+44 28 3083 3666,,,,mail@dualityhealth.co.uk,,,,www.dualityhealth.co.uk,,,
290,east midlands laser and cosmetic clinic ltd,,+44 7425 629538,,,,covidtesting@eastmidlandslaserclinic.co.uk,eastmidlandslaser@btconnect.com,"
eastmidlandslaser@btconnect.com
",,emlcc.as.me,,,
291,easter pharmacy,+44 20 3488 8900,,,,,customerservices@myeasters.com,"
customerservices@myeasters.com
",,,www.myeasters.com,,,
292,easy testing,+44 7519 426288,,,,,easytestingltd@gmail.com,"
easytestingltd@gmail.com
",,,www.easytests.co.uk,,,
293,easy testing ltd,+44 7519 426288,,,,,easytestingltd@gmail.com,"
easytestingltd@gmail.com
",,,www.easytests.co.uk,,,
294,edgbaston private medical practice,,+44 121 454 9535,,,,info@epmpractice.co.uk,"
info@epmpractice.co.uk
",,,www.epmpractice.co.uk,,,
295,edgcare private community family doctors,,+44 20 3818 9240,,,,reception@edgcare.net,,,,www.privatedoctorsnorthlondon.co.uk,,,
296,effect doctors,,+44 20 7305 7608,,,,info@effectdoctors.com,,,,effectdoctors.com,,,
297,elements medical,+44 1302 343432,,,,,covid-19travel@elements.org.uk,"
covid-19travel@elements.org.uk
",,,,elements.org.uk,,
298,elite safety clinic,,+44 7908 847341,,,,info@elitesafetyclinic.com,,,,elitesafetyclinic.com,,,
299,em analytical ltd,+44 1625 813576,,,,,covid@emanalytical.co.uk,,,,www.emanalytical.co.uk,,,
300,empire medicines ltd t/a empire pharmacy,,+44 161 258 6149,,,,covid@empirepharmacy.co.uk,,,,empirepharmacy.co.uk,,,
301,enoura medical (af aesthetics),+44 20 7183 6465,+44 115 824 8444,,,,info@covidtesthub.co.uk,,,,www.covidtesthub.co.uk,,,
302,epistem,+44 161 541 2301,,,,,covid19@epistem.co.uk,,,,,,,
303,est-health wellness clinic,+44 141 230 5781,,,,,covid19@est-ethics.com,"
covid19@est-ethics.com
",,,www.est-health.com,,,
304,eurofins,+44 1925 980595,,,,,covid19administration@eurofins.co.uk,,,,www.eurofins.co.uk,,,
305,eurofins forensic services,+44 1925 248802,,,,,covid19administration@eurofins.co.uk,,,,www.eurofins.co.uk,,,
306,eurofins forensic services ltd,+44 1925 980595,,,,,covid19administration@eurofins.co.uk,,,,www.eurofins.co.uk,,,
307,everwell chinese medical centre ltd,,+44 20 7434 1697,,,,info@everwell.co.uk,,,,www.everwell.co.uk,,,
308,everything genetic,+44 1270 623179,,,,,info@everythinggeneticltd.co.uk,,,,everythinggeneticltd.co.uk,,,
309,everything genetic limited,+44 1270 623179,,,,,covidtestbookings@everythinggeneticltd.co.uk,covidsystembookings@everythinggeneticltd.co.uk,,,covidtests.everythinggeneticltd.co.uk,,,
310,everything genetic ltd,+44 1270 623179,,,,,covidtestbookings@everythinggeneticltd.co.uk,"
covidtestbookings@everythinggeneticltd.co.uk
",,,everythinggeneticltd.co.uk,covidtests.everythinggeneticltd.co.uk,,
311,everythinggeneticlimited,+44 1270 623179,,,,,covidtestbookings@everythinggeneticltd.co.uk,,,,covidtests.everythinggeneticltd.co.uk,,,
312,evolve medical,+44 113 873 0361,,,,,evolvecovid@outlook.com,"
evolvecovid@outlook.com
",,,www.evolvemedical.co.uk,,,
313,excalibur diagnostics ltd,,+44 20 3002 4824,,,,enquiries@excaliburhealth.co.uk,,,,testing.excaliburhealth.co.uk,,,
314,expert covid testing uk,+44 1925 691542,,,,,enquiries@expertcovidtestinguk.com,,,,www.expertcovidtestinguk.com,,,
315,expert doctors,+44 1274 270270,,,,,support@expertdoctors.uk,admin@expertdoctors.uk,,,www.expertdoctors.uk,,,
316,expert medicals,+44 1274 905667,,,,,covid@expert-medicals.co.uk,"
covid@expert-medicals.co.uk
",,,www.expert-medicals.co.uk,,,
317,expert tms limited,+44 1925 691542,,,,,enquiries@expertcovidtestinguk.com,"
enquiries@expertcovidtestinguk.com
",,,www.expertcovidtestinguk.com,,,
318,express testing,+44 161 672 5190,,,,,enquiries@myexpresstesting.co.uk,,,,www.myexpresstesting.co.uk,,,
319,expresstest by cignpost diagnostics,,+44 20 3384 0000,,,,info@expresstest.co.uk,"
info@expresstest.co.uk
",,,www.expresstest.co.uk,,,
320,fakir chemist,+44 121 314 0789,,,,,info@fakirchemist.co.uk,"
info@fakirchemist.co.uk
",,,www.fakirchemist.co.uk,,,
321,family medics,+44 7483 172128,,,,,family.medics@srfoundation.co.uk,customerservice@srfoundation.co.uk,,,srfoundation.co.uk,www.srfoundation.co.uk,,
322,first medical consultants,,+44 1782 213214,,,,info@firstmc.co.uk,"
info@firstmc.co.uk
",,,www.firstmc.co.uk,,,
323,fit to fly uk,+44 1708 981993,,,,,customercare@fittoflyuk.com,,,,fittoflyuk.com,www.fittoflyuk.com,,
324,fit2fly test ltd,+44 1625 813572,,,,,hello@fit2flytest.com,,,,www.fit2flytest.com,,,
325,fit2fly24/7 ltd,+44 330 133 3856,,,,,customerservices@fit2fly247.co.uk,"
customerservices@fit2fly247.co.uk
",,,www.fit2fly247.co.uk,,,
326,fitnessgenes,+44 1869 255770,,,,,support@fitnessgenes.com,"
support@fitnessgenes.com
",,,coronavirus.fitnessgenes.com,,,
327,flow living medi-care services,,+44 20 8781 6935,+44 208786935,,,covidappointments@flowmedicareservices.co.uk,"
covidappointments@flowmedicareservices.co.uk
",,,www.flowmedicareservices.co.uk,,,
328,flysurance,+44 333 090 3165,,,,,info@flysurance.co.uk,,,,www.flysurance.co.uk,,,
329,forensic genomics innovation hub ltd,+44 23 8011 8981,,,,,lab@fgih.co.uk,,,,www.fgih.co.uk,,,
330,fusion pharmacy,+44 116 367 7280,,,,,info@fusion-pharmacy.co.uk,"
info@fusion-pharmacy.co.uk
",,,fusion-pharmacy.co.uk,,,
331,fusion radiology,+44 1582 249216,,,,,info@fusion-radiology.com,"
info@fusion-radiology.com
",,,www.fusion-radiology.com,,,
332,fusion radiology ltd,,+44 1582 249216,,,,info@fusion-radiology.com,,,,www.fusion-radiology.com,,,
333,future health technologies,+44 115 907 8610,,,,,covidsales@fhbb.com,"
covidsales@fhbb.com
",,,futurehealthbiobank.com,,,
334,future health technologies limited,+44 115 907 8610,,,,,covidsales@fhbb.com,,,,futurehealthbiobank.com,,,
335,future healthcare ltd,+44 23 9400 3825,,,,,testing@futurehealthcare.uk,,,,www.futurehealthcare.uk,,,
336,g16 covid testing,+44 20 3991 6494,+44 20 3991 6493,+44 20 3991 6463,,,info@coronatest.co.uk,"
info@coronatest.co.uk
",arrivals@coronatest.co.uk,,www.coronatest.co.uk,,,
337,genesis support (t/a fit to fly uk),+44 1708 981993,,,,,customercare@fittoflyuk.com,"
customercare@fittoflyuk.com
",,,www.fittoflyuk.com,,,
338,ghosh medical group,+44 333 200 3338,,,,,info@ghoshmedicalgroup.com,"
info@ghoshmedicalgroup.com
",,,www.drarunghosh.co.uk,www.ghoshmedicalgroup.com,,
339,global covid19 testing,+44 7484 712747,,,,,ussie@globalcovidtestme.co.uk,,,,globalcovid19testme.co.uk,,,
340,global express travel health clinic,+44 7368 307175,,,,,infogethc@gmail.com,"
infogethc@gmail.com
",,,www.globalexpresstravelclinic.com,global-express-travel-health-clinic.selectandbook.com,,
341,global express travel health clinic ltd,+44 7368 307175,,,,,infogethc@gmail.com,,,,global-express-travel-health-clinic.selectandbook.com,,,
342,global health travel clinic,+44 1932 943002,,,,,info@globalhealthtravelclinic.co.uk,"
info@globalhealthtravelclinic.co.uk
",,,www.globalhealthtravelclinic.co.uk,,,
343,global health travel clinic - longcross surrey,,+44 1932 943002,,,,info@globalhealthtravelclinic.co.uk,"
info@globalhealthtravelclinic.co.uk
",,,www.globalhealthtravelclinic.co.uk,,,
344,good egg medical,+44 20 8125 7003,,,,,swab@goodeggmedical.co.uk,"
swab@goodeggmedical.co.uk
",,,goodeggmedical.co.uk,,,
345,good egg medical limited,+44 20 8125 7003,,,,,swab@goodeggmedical.co.uk,,,,,,,
346,goodbody clinic,+44 1225 444144,,,,,clinic@goodbodywellness.co.uk,"
clinic@goodbodywellness.co.uk
",,,www.goodbodyclinic.com,,,
347,gpdq,+44 20 3805 1781,,,,,support@gpdq.co.uk,"
support@gpdq.co.uk
",,,www.gpdq.co.uk,,,
348,gpdq ltd,+44 20 3805 1781,,,,,support@gpdq.co.uk,,,,www.gpdq.co.uk,,,
349,guildhall pharmacy,,+44 1303 259414,,,,info@guildhallpharmacy.co.uk,,,,,,,
350,hale clinic harley street,+44 20 7631 0156,,,,,info@haleclinic.com,"
info@haleclinic.com
",,,www.haleclinic.com,,,
351,halo verify,+44 330 390 4586,+44 330904586,,,,info@haloverify.com,"
info@haloverify.com
",,,www.haloverify.com,,,
352,hampshire travel clinic,+44 1243 958686,,,,,info@hampshiretravelclinic.co.uk,"
info@hampshiretravelclinic.co.uk
",,,hampshiretravelclinic.co.uk,,,
353,"hampstead heath pharmacy, travel health & vaccination clinic",+44 20 7435 7075,,,,,info@hhpharmacy.co.uk,"
info@hhpharmacy.co.uk
",,,hhpharmacy.co.uk,,,
354,harley medic international,+44 330 390 3666,,,,,info@harleymedic.co.uk,,,,harleymedic.co.uk,www.harleymedic.co.uk,,
355,harley street dr,+44 20 3633 5765,,,,,concierge@harleystreetdr.com,,,,www.harleystreetdr.com,,,
356,harley street nurses,+44 20 7637 5511,,,,,covidtest@harleystreetnurses.com,,,,www.harleystreetnurses.com,,,
357,harley street nurses ltd,+44 20 7637 5511,,,,,covidtest@harleystreetnurses.com,,,,www.harleystreetnurses.com,,,
358,harleys pharmacy,+44 20 7589 8788,,,,,harleys.pharmacy1@nhs.net,"
harleys.pharmacy1@nhs.net
",,,www.nhs.uk,,,
359,harleystreet,+44 20 3886 1301,,,,,help@01harleystreet.co.uk,,,,01harleystreet.co.uk,,,
360,harper institute ltd,+44 20 3150 3044,,,,,covid@iofpm.com,,,,www.instituteofpreventativemedicine.com,,,
361,harper medical ltd,+44 20 3150 3044,,,,,covid@iofpm.com,,,,www.instituteofpreventativemedicine.com,,,
362,harveyrhys clinic,+44 330 124 6530,,,,,testing@covidoc.co.uk,"
testing@covidoc.co.uk
",,,covidoc.co.uk,,,
363,hawkes health,+44 800 193 6222,,,,,"
covidtest@hawkeshealth.com
",covidtest@hawkeshealth.com,,,www.hawkeshealth.com ,www.hawkeshealth.com,,
364,heald green pharmacy,+44 161 498 9743,,,,,info@hgpharmacy.co.uk,"
info@hgpharmacy.co.uk
",,,smtravelclinic.co.uk,,,
365,healthclic,+44 20 3370 4034,,,,,covid@healthclic.co.uk,"
covid@healthclic.co.uk
",,,healthclic.co.uk,,,
366,healthium clinics,+44 1491 756015,,,,,info@healthiumclinics.com,"
info@healthiumclinics.com
",,,healthiumclinics.com,,,
367,healthwork,+44 161 831 9701,,,,,testing@healthworkltd.com,,,,healthworkltd.com,,,
368,healthwork ltd,+44 161 831 9701,,,,,testing@healthworkltd.com,"
testing@healthworkltd.com
",,,healthworkltd.com,,,
369,healthyaa clinic,,+44 116 467 0722,,,,book@healthyaa.co.uk,"
book@healthyaa.co.uk
",,,healthyaa.co.uk,,,
370,heart lung centre,+44 20 7034 3301,,,,,enquiries@heartlungcentre.com,"
enquiries@heartlungcentre.com
",,,heartlungcentre.com,,,
371,heathrow medical services,+44 20 8528 2633,,,,,covidtests@heathrowmedical.com,"
covidtests@heathrowmedical.com
",,,www.heathrowmedical.com,,,
372,heathrow medical services llp,+44 20 8528 2633,,,,,covidtests@heathrowmedical.com,,,,www.heathrowmedical.com,,,
373,helix services limited also t/a travel test assured,+44 113 871 5185,,,,,info@traveltestassured.com,,,,www.traveltestassured.com,,,
374,herts,+44 776833371,,,,,"
h.smart@mdnalifesciences.com
",,,,www.nph-group.co.uk,,,
375,hhh diagnostics,+44 161 806 0420,,,,,info@hhhdiagnostics.co.uk,,,,hhhdiagnostics.co.uk,,,
376,home2lab,+44 20 7117 2458,,,,,info@home2lab.co.uk,"
info@home2lab.co.uk
",,,home2lab.co.uk,,,
377,https://private-testing-providers.london.cloudapps.digital/refresh-cache?id=750482,+44 117 313 5203,,,,,hello@occupationalhealthbristol.co.uk,,,,www.occupationalhealthbristol.co.uk,,,
378,i-gen testing,+44 333 577 1106,,,,,info@igentesting.co.uk,,,,www.igentesting.co.uk,,,
379,i-gen testing limited,+44 333 577 1106,,,,,info@igentesting.co.uk,"
info@igentesting.co.uk
",,,www.igentesting.co.uk,,,
380,ihomecare,,+44 20 3719 9784,,,,info@ihomecare.co,,,,www.ihomecare.co,,,
381,ingleton pharmacy,+44 15242 41154,,,,,ingleton.pharmacy@nhs.net,"
ingleton.pharmacy@nhs.net
",,,www.ingletonpharmacy.com,,,
382,insta care solutions limited,+44 7366 118247,,,,,info@instacaresoluions.co.uk,,,,www.instacaresolutions.co.uk,,,
383,iq  doctor,+44 7830 348783,,,,,help@iqdoctor.co.uk,,,,www.iqdoctor.co.uk,,,
384,iq doctor,+44 121 753 4928,,,,,help@iqdoctor.co.uk,"
help@iqdoctor.co.uk
",,,www.iqdoctor.co.uk,,,
385,iqdoctor,+44 121 753 4928,,,,,help@iqdoctor.co.uk,,,,www.iqdoctor.co.uk,,,
386,isac labs ltd,+44 20 7985 1203,,,,,info@isaclabs.co.uk,,,,isaclabs.co.uk,,,
387,jace medical,+44 7561 180683,,,,,testing@medchecks.ie,,,,jacemedical.co.uk,,,
388,jdoc medical limited,,+44 20 3656 5657,,,,covid19@jdoc365.co.uk,,,,jdoc365.co.uk,,,
389,jdoc medical limited ( t/a jdoc365),+44 20 3656 5657,,,,,covid19@jdoc365.co.uk,,,,jdoc365.co.uk,,,
390,jdoc medical limited (t/a jdoc365),+44 20 3656 5657,,,,,"
covid19@jdoc365.co.uk
",covid19@jdoc365.co.uk,,,www.jdoc365.co.uk,,,
391,jdoc medical linited (t/a jdoc365),+44 20 3656 5657,,,,,covid19@jdoc365.co.uk,,,,,,,
392,john bell & croyden,+44 20 7935 5555,,,,,pharmacy@johnbellcroyden.co.uk,"
pharmacy@johnbellcroyden.co.uk
",,,johnbellcroyden.co.uk,,,
393,js biomedical ltd,,+44 20 3927 2772,,,,admin@jsbiomedical.com,"
admin@jsbiomedical.com
",,,www.jsbiomedical.com,,,
394,just health,+44 1282 936900,,,,,info@justhealth.co.uk,"
info@justhealth.co.uk
",,,www.just-health.co.uk,,,
395,katalyst laboratories,+44 20 3755 2182,+44 20 7880 1804,,,,testing@wearekatalyst.com,,,,katalystlaboratories.com,katalysthealth.uk,,
396,kings medical centre,,+44 20 7723 7258,,,,info@kingsmedicalcentre.london,,,,kingsmedicalcentre.london,,,
397,klarity,+44 20 3239 9818,,,,,hello@getklarity.shop,,,,klarity.health,,,
398,klinical enterprises ltd t/a national covid testing,+44 116 304 6220,,,,,support@nationalcovidtesting.co.uk,,,,nationalcovidtesting.co.uk,,,
399,knightsbridge pharmacy,,+44 20 3581 3383,,,,hello@knightsbridge-pharmacy.com,"
hello@knightsbridge-pharmacy.com
",,,www.knightsbridge-pharmacy.com,,,
400,kurix health,,+44 808 196 5787,,,,hello@kurixhealth.co.uk,,,,www.kurixhealth.co.uk ,,,
401,kyl healthcare services limited t/as the honeybee private nurse clinic,+44 7500 771425,,,,,info@kylhealthcareservices.com,,,,kylhealthcareservices.co.uk,,,
402,la perla clinic,+44 1628 488499,,,,,laperlareception@gmail.com,"
laperlareception@gmail.com
",,,laperlaclinic.co.uk,,,
403,labmedexpert,+44 7460 818350,,,,,day2andday8@labmedexpert.co.uk,"
day2andday8@labmedexpert.co.uk
",,,labmedexpert.com,,,
404,labmedexpert limited,+44 1902 936051,+44 7460 818350,,,,day2andday8@labmedexpert.co.uk,,,,labmedexpert.com,patient.labmedexpert.co.uk,,
405,laser and light,+44 1509 266882,,,,,info@thelaserandlightclinic.co.uk,,,,www.thelaserandlightclinic.co.uk,,,
406,leeds covid testing,+44 113 534 7252,,,,,contact@leedscovidtesting.com,,,,www.leedscovidtesting.com,,,
407,leeds covid testing ltd,+44 113 534 7252,,,,,contact@leedscovidtesting.com,"
contact@leedscovidtesting.com
",,,www.leedscovidtesting.com,,,
408,leigh broadway pharmacy (elm road),+44 1702 474414,,,,,leighpharmacy.elm@gmail.com,,,,bansalspharmacy.co.uk,www.bansalspharmacy.co.uk,,
409,lifecrest ltd trading as (lifecrest medical laboratory),+44 1603 928868,,,,,admin@lifecrest.co.uk,,,,lifecrest.co.uk,,,
410,linbury doctors,+44 333 050 7338,,,,,covid@linburydoctors.co.uk,"
covid@linburydoctors.co.uk
",,,www.linburydoctors.co.uk,,,
411,live covid testing,,+44 330 223 5697,,,,info@livecovidtesting.co.uk,"
info@livecovidtesting.co.uk
",,,livecovidtesting.co.uk,,,
412,local pcr,+44 121 392 7342,+44 121 827 2723,,,,info@localpcr.com,"
info@localpcr.com
",,,,www.localpcr.com,,
413,locaton medical services ltd,,+44 330 321 7357,,,,covidtesting@locationmedical.com,,,,locationmedical.com,,,
414,london corona test centre,,+44 1895 671717,,,,tests@londoncoronatestcentre.com,"
tests@londoncoronatestcentre.com
",,,www.londoncoronatestcentre.com,,,
415,london covid testing,+44 20 3488 8463,,,,,contact@londoncovidtesting.com,info@londoncovidtesting.com,"
info@londoncovidtesting.com
",,www.londoncovidtesting.com,,,
416,london elite health,+44 20 7486 0701,,,,,info@londonelitehealth.com,"
info@londonelitehealth.com
",,,covid.londonelitehealth.com,,,
417,london medical concierge,+44 20 7305 5590,,,,,experts@londonmedicalconcierge.com,"
experts@londonmedicalconcierge.com
",,,londonmedicalconcierge.com,,,
418,london medical laboratory,+44 20 7183 3718,,,,,info@londonmedicallaboratory.co.uk,"
info@londonmedicallaboratory.co.uk
",,,www.privatecoronavirustests.com,,,
419,london medical laboratory / private coronavirus tests,+44 20 7183 3718,,,,,info@londonmedicallaboratory.co.uk,,,,www.privatecoronavirustests.com,,,
420,london nutrition doctor,+44 7533 660637,,,,,pa@londonnutritiondoctor.com,"
pa@londonnutritiondoctor.com
",,,access.londonnutritiondoctor.com,,,
421,london screening centre,+44 20 7935 3626,,,,,asadrudin@yahoo.co.uk,"
asadrudin@yahoo.co.uk
",,,londonscreeningcentre.com,,,
422,london screening street,+44 20 7935 3626,,,,,asadrudin@yahoo.co.uk,,,,londonscreeningcentre.cm,,,
423,london vaccination clinic,,+44 7990 755804,,,,katy.peters@360health.co.uk,enquiries@360health.co.uk,,,shop.londonvaccinationclinic.co.uk,www.londonvaccinationclinic.co.uk,,
424,longridge travel health clinic,,+44 1772 439054,,,,info@longridgetravelhealthclinic.com,"
info@longridgetravelhealthclinic.com
",,,www.longridgetravelhealthclinic.com,,,
425,lord's pharmacy,+44 20 7586 9668,,,,,info@lordspharmacy.net,"
info@lordspharmacy.net
",,,www.lordspharmacy.net,,,
426,lyca health,+44 20 7132 1440,,,,,enquiries@lycahealth.com,,,,lycahealth.com,,,
427,mare st clinic,+44 20 3488 7351,,,,,info@marestclinic.co.uk,"
info@marestclinic.co.uk
",,,www.marestclinic.co.uk,,,
428,masta,,+44 330 100 4200,,,,enquiries@masta.org,"
enquiries@masta.org
",,,www.masta-travel-health.com,,,
429,masters (uk) limited t/a nechells pharmacy and masters pharmacy,+44 121 314 3142,,,,,info@nechellspharmacy.co.uk,"
info@nechellspharmacy.co.uk
",,,,www.nechellspharmacy.co.uk,,
430,masters pharmacy,+44 121 270 6556,,,,,info@masterspharmacy.co.uk,"
info@masterspharmacy.co.uk
",,,pharmacyledclinic.co.uk,,,
431,mayfair doctors,+44 20 7499 1581,,,,,covidtest@mayfairdoctors.com,"
covidtest@mayfairdoctors.com
",,,www.mayfairdoctors.com,,,
432,mayfair pharmacy,+44 20 7629 7999,,,,,mayfairhealthltd@gmail.com,"
mayfairhealthltd@gmail.com
",,,londonpcr.com,,,
433,mayfield clinic,,+44 1865 423425,,,,info@mayfieldclinic.co.uk,"
info@mayfieldclinic.co.uk
",,,www.mayfieldclinic.co.uk,,,
434,mdna life sciences,+44 776833371,,,,,h.smart@mdnalifesciences.com,,,,www.nph-group.co.uk,,,
435,mdna life sciences (uk) ltd,+44 7768 333371,,,,,"
h.smart@mdnalifesciences.com
",h.smart@mdnalifesciences.com,,,www.nph-group.co.uk,,,
436,mdx healthcare ltd t/a medix,,+44 1438 940654,,,,covid@mdxhealthcare.com,"
covid@mdxhealthcare.com
",,,mdxhealthcare.com,,,
437,me360 healthcare limited t/a me360 testing services,+44 7983 443737,,,,,me360testingservice@gmail.com,,,,www.me360testingservice.com,,,
438,me360 healthcare ltd t/a me360 testing services,+44 7983 443737,,,,,"
me360testingservice@gmail.com
",,,,www.me360testingservice.com,,,
439,me360 testing services,+44 7983 443737,,,,,me360testingservice@gmail.com,,,,www.me360testingservice.com,,,
440,med24 limited,+44 20 3987 4200,,,,,covid-19@med24.clinic,"
covid-19@med24.clinic
",,,www.med24.clinic,,,
441,medchecks,+44 7791 142675,,,,,"
testing@medchecks.ie
",testing@medchecks.ie,,,medchecks.co.uk,,,
442,medi-park clinic,+44 20 8341 3185,+44 1869 255770,,,,booking@mediparkclinic.uk,info@mediparkclinic.uk,"
info@mediparkclinic.uk
",support@fitnessgenes.com,,www.mediparkclinic.uk,coronavirus.fitnessgenes.com,
443,medi-swift,+44 7889 135743,,,,,admin@medi-swift.co.uk,,,,www.manchestercovidtesting.co.uk,,,
444,medic 1 direct,+44 845 004 4999,,,,,covid19@medic1.co.uk,"
covid19@medic1.co.uk
",,,www.medic1.co.uk,,,
445,medic testing,+44 20 3936 4356,,,,,info@medictesting.com,"
info@medictesting.com
",,,www.medictesting.com,,,
446,medical,+44 7843 988660,,,,,info@samedaycoronavirustests.com,,,,samedaycoronavirustests.com,,,
447,medical and rescue,,+44 1784 637999,,,,enquires@medicalandrescue.co.uk,enquiries@medicalandrescue.co.uk,"
enquiries@medicalandrescue.co.uk
",,www.medicalandrescue.co.uk,,,
448,medical and rescue - london and lhr,+44 1784 637999,,,,,enquiries@medicalandrescue.co.uk,,,,www.medicalandrescue.co.uk,,,
449,medical covid test,+44 161 527 7960,,,,,support@medicalcovidtest.com,,,,www.medicalcovidtest.com,,,
450,medical diagnosis,+44 20 8830 0503,,,,,info@medical-diagnosis.co.uk,"
info@medical-diagnosis.co.uk
",,,www.medical-diagnosis.net,,,
451,medical logistics,+44 7843 988660,,,,,info@samedaycoronavirustests.com,,,,samedaycoronavirustests.com,,,
452,medical logistics / samedaycoronavirustests.com,+44 7843 988660,,,,,info@samedaycoronavirustests.com,"
info@samedaycoronavirustests.com
",,,samedaycoronavirustests.com,,,
453,medical testing,+44 161 989 5333,,,,,info@4medicaltesting.co.uk,,,,4medicaltesting.co.uk,,,
454,medicines online,+44 20 3637 0384,,,,,cs@medicinesonline.org.uk,,,,medicinesonline.org.uk,,,
455,medicines online ltd,+44 20 3637 0384,,,,,cs@medicinesonline.org.uk,"
cs@medicinesonline.org.uk
",,,medicinesonline.org.uk,,,
456,medicspot,,+44 20 3637 8398,+44 1753 863775,,,tests@medicspot.co.uk,customerservices@fgsaunderspharmacy.co.uk,,,www.medicspot.co.uk,fgsaunderspharmacy.co.uk,,
457,medinow,+44 20 3488 6537,,,,,info@medinow.co.uk,"
info@medinow.co.uk
",,,medinow.co.uk,,,
458,mediscan diagnostic services,+44 161 820 1123,,,,,"
lab@mediscanservices.co.uk
",lab@mediscanservices.co.uk,,,www.mediscanservices.co.uk,,,
459,medplus test,+44 7888 040407,,,,,booking@medplustest.uk,"
booking@medplustest.uk
",,,medplustest.uk,,,
460,medwyn occupational health,,+44 1306 873942,,,,covid19@medwynoh.co.uk,"
covid19@medwynoh.co.uk
",,,medwynoh.co.uk,,,
461,mhf medical concierge,,+44 20 7060 1136,,,,info@mhfcovidtesting.co.uk,,,,mhfcovidtesting.co.uk,,,
462,midland covid testing,+44 333 366 0837,,,,,info@midlandcovidtesting.co.uk,"
info@midlandcovidtesting.co.uk
",,,midlandcovidtesting.co.uk,,,
463,midland covid testing limited,,,,,,support@mlandtestingkit.uk,,,,mlandtestingkit.uk,,,
464,midland health,+44 333 772 1999,,,,,hello@midlandhealth.co.uk,"
hello@midlandhealth.co.uk
",,,midlandhealth.co.uk,,,
465,midlands ultrasound and medical services,+44 121 704 2669,,,,,administrator@mums.me.uk,"
administrator@mums.me.uk
",,,www.mums.me.uk,,,
466,mildcare ltd,+44 20 7538 0817,,,,,covid.mildcare@gmail.com,"
covid.mildcare@gmail.com
",,,lincolnpharmacy.co.uk,,,
467,minton treharne & davies laboratories,+44 29 2054 0000,,,,,c19support@minton.group,"
c19support@minton.group
",,,shop.minton.group,,,
468,minton treharne & davies laboratories limited,+44 20 3002 6070,+44 29 2054 0000,,,,info@c-19direct.com,"
c19support@minton.group
",c19support@minton.group,,shop.minton.group,,,
469,mk18 private medical practice,+44 1280 460118,,,,,admin@mk18medical.com,"
admin@mk18medical.com
",,,www.mk18medical.com,,,
470,mlp,+44 20 8126 5156,,,,,info@londontest.co.uk,,,,www.mylondonpharmacy.co.uk,,,
471,mobihealth international,,+44 333 224 6080,,,,covid19@mobihealthinternational.com,"
covid19@mobihealthinternational.com
",,,mobihealthconsultcovid19.mobihealthinternational.com,,,
472,moore medical practice,,+44 20 7349 1490,,,,info@mooremedicalpractice.co.uk,"
info@mooremedicalpractice.co.uk
",,,www.mooremedicalpractice.co.uk,,,
473,msh medical,+44 800 029 1694,,,,,covidtesting@mshmedical.co.uk,,,,,,,
474,msi clinics,+44 20 4522 9103,,,,,info@msiclinics.com,"
info@msiclinics.com
",,,www.msiclinics.com,,,
475,msi clinics limited,+44 20 4522 9103,,,,,info@msiclinics.com,,,,www.msiclinics.com,,,
476,my express testing,+44 161 672 5190,,,,,enquiries@myexpresstesting.co.uk,,,,www.myexpresstesting.co.uk,,,
477,my express testing uk,+44 161 672 5190,,,,,enquiries@myexpresstesting.co.uk,,,,www.myexpresstesting.co.uk,,,
478,my local travel clinic,+44 121 314 5022,,,,,info@mylocaltravelclinic.co.uk,"
info@mylocaltravelclinic.co.uk
",,,www.mylocaltravelclinic.co.uk,,,
479,my london pharmacy,+44 20 4525 4599,+44 20 8126 5156,,,,info@mylondonpharmacy.co.uk,,,,www.mylondonpharmacy.co.uk,,,
480,my private chemist,+44 20 3987 9202,,,,,info@myprivatechemist.com,"
info@myprivatechemist.com
",,,myprivatechemist.com,www.myprivatechemist.com,,
481,myhealthcare clinic,+44 20 7129 7908,+44 20 7129 8639,,,,coronatesting@myhealthcareclinic.com,"
coronatesting@myhealthcareclinic.com
",,,myhealthcareclinic.com,,,
482,myhealthchecked,+44 20 3365 2067,,,,,care@myhealthchecked.com,"
care@myhealthchecked.com
",,,myhealthchecked.com,,,
483,national covid testing (klinical enterprises ltd),+44 116 304 6220,,,,,support@nationalcovidtesting.co.uk,,,,nationalcovidtesting.co.uk,,,
484,nationwide pathology,+44 1858 571322,,,,,covid@nationwidepathology.co.uk,,,,nwp-online.co.uk,,,
485,nationwide pathology limited,+44 1858 571322,,,,,,covid@nationwidepathology.co.uk,"
covid@nationwidepathology.co.uk
",,nwp-online.co.uk,,,
486,nechells pharmacy and masters pharmacy,+44 121 314 3142,,,,,info@nechellspharmacy.co.uk,"
info@nechellspharmacy.co.uk
",,,www.nechellspharmacy.co.uk,,,
487,new street pharmacy,+44 7940 916597,,,,,info@thetravelvaccineroom.co.uk,"
info@thetravelvaccineroom.co.uk
",,,,thetravelvaccineroom.co.uk,,
488,new street pharmacy t/a the travel vaccine room,+44 7940 916597,,,,,info@thetravelvaccineroom.co.uk,,,,thetravelvaccineroom.co.uk,,,
489,newcastle premier health,+44 191 605 3140,,,,,testing@nph-group.co.uk,"
testing@nph-group.co.uk
",,,www.nph-group.co.uk,,,
490,nhl pharmacy,,+44 1772 70483,+44 1772 700483,,,esales@nhlpharmacy.co.uk,"
esales@nhlpharmacy.co.uk
",,,getavaccine.co.uk,,,
491,nivha laboratory services ltd,+44 330 223 6419,,,,,covid@nivha.net,,,,nivhacovid.net,,,
492,"nivha laboratory services ltd, randox",,+44 330 223 6419,,,,covid19@nivha.net,,,,,,,
493,nivha laboratory services ltd.,+44 330 223 6419,,,,,covid@nivha.net,covid19@nivha.net,,,nivhacovid.net,,,
494,nl clinic,+44 208880957,+44 7882 750772,,,,info@nlclinic.co.uk,"
info@nlclinic.co.uk
",,,www.nlclinic.co.uk,,,
495,nomad,+44 1902 943711,,,,,day2and8testing@nomadtravel.co.uk,,,,www.nomadtravel.co.uk,,,
496,nomad travel,+44 1341 555061,+44 1902 943711,,,,orders@nomadtravel.co.uk,"
orders@nomadtravel.co.uk
",day2and8testing@nomadtravel.co.uk,,www.nomadtravel.co.uk,,,
497,north and north west london covid tests,+44 7809 164171,+44 20 3191 6699,,,,nanwlcovidtesting@gmail.com,"
nanwlcovidtesting@gmail.com
",,,www.covidtestslondon.com,,,
498,north devon travel clinic,+44 1272 373346,+44 1271 373346,,,,covidtest@northdevontravelclinic.co.uk,"
covidtest@northdevontravelclinic.co.uk
",,,www.northdevontravelclinic.co.uk,,,
499,northend clinic,,+44 151 728 3155,,,,enquiries@northendclinic.co.uk,"
enquiries@northendclinic.co.uk
",,,northendclinic.co.uk,,,
500,northway clinic,+44 20 3405 0860,,,,,info@northwayclinic.co.uk,,,,northwayclinic.co.uk,,,
501,nottinghamshire,+44 7425 629538,,,,,"
covidtesting@eastmidlandslaserclinic.co.uk
",covidtesting@eastmidlandslaserclinic.co.uk,,,emlcc.as.me,,,
502,now test,,+44 20 3488 7870,,,,support@nowtest.com,support@nowteest.com,,,www.nowtest.com,,,
503,nph group,,+44 191 605 3140,,,,testing@nph-group.co.uk,,,,www.nph-group.co.uk,,,
504,nutraceuticals laboratory london limited,,+44 20 8566 0608,,,,info@nutraceuticalslondon.co.uk,,,,nutraceuticalslondon.co.uk,,,
505,nx healthcare,+44 20 8168 7100,,,,,cservices@nxhealthcare.co.uk,"
cservices@nxhealthcare.co.uk
",,,www.nxhealthcare.co.uk,,,
506,objective health ltd,+44 191 486 2425,,,,,info@objectivehealth.co.uk,,,,www.objectivehealth.co.uk,,,
507,occupational health bristol,+44 117 332 5993,+44 117 332 5097,+44 161 806 0420,+44 117 332 5739,,hello@occupationalhealthbristol.co.uk,"
hello@occupationalhealthbristol.co.uk
",info@hhhdiagnostics.co.uk,,www.occupationalhealthbristol.co.uk,hhhdiagnostics.co.uk,,
508,occupational health prime,,+44 1908 915899,,,,covidtesting@ohprime.co.uk,,,,www.covid.ohprime.co.uk,,,
509,olive health & travel clinic,+44 20 8550 2276,,,,,contact@olivehealthandtravel.co.uk,"
contact@olivehealthandtravel.co.uk
",,,booking.olivehealthandtravel.co.uk,www.olivehealthandtravel.co.uk,,
510,one scientic ltd,+44 117 938 2410,,,,,covidenquiries@onescientific.co.uk,,,,onescientific.co.uk,,,
511,one scientific ltd,,+44 117 938 2410,,,,covidenquiries@onescientific.co.uk,"
covidenquiries@onescientific.co.uk
",,,onescientific.co.uk,,,
512,one scientific ltd.,+44 117 938 2410,,,,,covidenquiries@onescientific.co.uk,,,,onescientific.co.uk,,,
513,one5 health,+44 20 3488 4415,,,,,care@one5.health,"
care@one5.health
",,,www.one5.health,,,
514,optimized body &  mind,+44 333 012 4214,,,,,"
info@optimizedbodyandmind.co.uk
",,,,optimizedbodyandmind.co.uk,,,
515,optimized body & mind,+44 333 012 4214,,,,,info@optimizedbodyandmind.co.uk,"
info@optimizedbodyandmind.co.uk
",,,optimizedbodyandmind.co.uk,,,
516,optipharm pharmacy,+44 20 8908 1960,,,,,covid@optipharm.co.uk,"
covid@optipharm.co.uk
",,,optipharmpharmacy.co.uk,,,
517,orchard clinic / orchard blood,,+44 20 3198 3100,,,,pa@orchard-clinic.co.uk,,,,orchardblood.co.uk,,,
518,oscartech uk,+44 20 3633 8413,,,,,testing@oscartech-uk.com,"
testing@oscartech-uk.com
",,,www.oscartech-uk.com,,,
519,outcome diagnostics,+44 20 3637 6873,,,,,contact@outcome-diagnostics.co.uk,"
contact@outcome-diagnostics.co.uk
",,,tests.medicspot.co.uk,,,
520,outcome diagnostics (outcomedx),,+44 20 3148 2505,,,,contact@outcome-diagnostics.co.uk,support@123tests.co.uk,,,www.outcomedx.com,123tests.co.uk,,
521,outcome diagnostics t/a 123 tests,+44 20 3148 2505,,,,,support@123tests.co.uk,,,,123tests.co.uk,,,
522,oxford covid tests,+44 7767 074768,,,,,info@oxfordcovidtests.com,"
info@oxfordcovidtests.com
",,,oxfordcovidtests.com,,,
523,pall mall medical (manchester) limited,+44 330 058 4455,,,,,admin@pallmallmedical.co.uk,,,,www.pallmallmedical.co.uk,,,
524,pcr labs,+44 20 3105 0545,,,,,info@pcrlabs.co.uk,"
info@pcrlabs.co.uk
",,,pcrlabs.co.uk,,,
525,pcrtravel ltd london,+44 20 3475 7050,,,,,support@pcrtravel.co.uk,info@pcrtravel.co.uk,,,pcrtravel.co.uk,,,
526,pct healthcare,+44 115 951 2092,,,,,pharmacy.online@pcthealthcare.com,"
pharmacy.online@pcthealthcare.com
",,,www.peakpharmacy.co.uk,,,
527,"pct healthcare t/a peak pharmacy, manor pharmacy, cox-robinson pharmacy",,+44 115 951 2092,,,,pharmacy.online@pcthealthcare.com,,,,www.peakpharmacy.co.uk,,,
528,pennfields pharmacy,+44 1902 341300,,,,,info@pennfieldspharmacy.co.uk,"
info@pennfieldspharmacy.co.uk
",,,www.travel-vaccination.co.uk,,,
529,peplobio,+44 1483 685190,,,,,info@peplobio.co.uk,,,,www.peplobio.co.uk,,,
530,pexpo diagnostic,+44 20 3575 1209,,,,,day2day8@pexpo.co.uk,info@pexpo.co.uk,,,londontesting.co.uk,,,
531,pexpo diagnostics,+44 20 3575 1209,,,,,day2day8@pexpo.co.uk,"
day2day8@pexpo.co.uk
",,,londontesting.co.uk,,,
532,pharmacy led clinic,,+44 7729 483366,,,,info@masterspharmacy.co.uk,,,,pharmacyledclinic.co.uk,,,
533,pharmasuite,,+44 7935 809834,,,,info@pharmasuite.co.uk,"
info@pharmasuite.co.uk
",,,pharmasuite.co.uk,www.pharmasuite.co.uk,,
534,pharmesthetics ltd,+44 20 8050 4353,,,,,"
info@pharmesthetics.com
",info@pharmesthetics.com,,,www.samedayclinic.co.uk,,,
535,pharmesthetics ltd (t/a http://www.samedayclinic.co.uk),+44 20 8050 4353,,,,,info@pharmesthetics.com ,,,,www.samedayclinic.co.uk,,,
536,physiofunction,+44 1327 842321,,,,,testing@physiofunction.co.uk,"
testing@physiofunction.co.uk
",,,www.physiofunction.co.uk,,,
537,physiowork therapy uk ltd,+44 1842 630014,,,,,contact@physiowork.co.uk,,,,www.physiowork.co.uk,,,
538,pillhub-feltham pharmacy,+44 20 8064 1815,,,,,help@pillhub.co.uk ,,,,pillhub.co.uk,,,
539,polaris medical services ltd,+44 1923 545814,,,,,covid-19@pmgoc.com,"
covid-19@pmgoc.com
",,,www.polarismedical.co.uk,,,
540,premier clinic ltd,+44 1254 677341,,,,,info@premier-clinic.co.uk,"
info@premier-clinic.co.uk
",,,www.premier-clinic.co.uk,,,
541,private gp clinic,+44 1932 344004,,,,,covidtest@surreyberkshire.co.uk,"
covidtest@surreyberkshire.co.uk
",,,www.privategpclinic.co.uk,,,
542,private gp services uk ltd,+44 1245 234134,,,,,info@privategpservices.co.uk,,,,privategpservices.co.uk,,,
543,private gp teddington,+44 20 3303 0326,,,,,covidtest@privategp.org,"
covidtest@privategp.org
",,,www.privategp.org,,,
544,private harley street clinic,+44 20 3916 5990,+44 4439165990,,,,info@privateharleystreetclinic.com,"
info@privateharleystreetclinic.com
",,,privateharleystreetclinic.com,,,
545,private-testing-providers london cloudapps digital refresh,+44 117 313 5203,,,,,hello@occupationalhealthbristol.co.uk,,,,www.occupationalhealthbristol.co.uk,,,
546,project olive lindfield limited,,+44 7967 535361,,,,nicola@projectolive.org,,,,projectolive.org,,,
547,project screen by prenetics,+44 300 303 2860,,,,,care@projectscreen.co.uk,"
care@projectscreen.co.uk
",,,www.projectscreen.co.uk,,,
548,protein technologies ltd / rapiditydx,+44 161 226 2366,,,,,covidtesting@protein-technologies.com,,,,rapiditydx.com,,,
549,protein technologies ltd t/a as rapiditydx,+44 161 226 2366,,,,,covidtesting@protein-technologies.com,,,,rapiditydx.com,,,
550,protein technologies t/a rapiditydx,,,,,,covidtesting@protein-technologies.com,,,,rapiditydx.com,,,
551,proviris solutions,,+44 037738641,,,,support@provirissolutions.com,,,,provirissolutions.com,,,
552,pt diagnostics,,,,,,testing@ptdiagnostics.co.uk,,,,,,,
553,pulmonics,,+44 7517 057681,,,,contact@pulmonics.co.uk,"
contact@pulmonics.co.uk
",,,,pulmonics.co.uk,,
554,pulteney pharmacy,+44 1225 466454,,,,,pulpharm@gmail.com,,,,www.pulteneypharmacy.com,,,
555,pureflo health ltd,+44 20 3475 3426,,,,,contact@pureflohealth.co.uk,"
contact@pureflohealth.co.uk
",,,pureflohealth.co.uk,,,
556,pyramid pharmacy,+44 20 8317 1176,,,,,farah@pyramidpharmacy.co.uk,"
farah@pyramidpharmacy.co.uk
",,,pyramidpharmacywoolwich.co.uk,,,
557,pyramid pharmacy bermondsey,+44 20 7237 1659,,,,,southwark@pyramidpharmacy.co.uk,"
southwark@pyramidpharmacy.co.uk
",,,www.pcrtest2release.com,,,
558,pyramid pharmacy woolwich,+44 20 8317 1176,,,,,woolwich@pyramidpharmacy.co.uk,,,,pyramidpharmacywoolwich.co.uk,,,
559,pyser testing,+44 20 7193 3740,,,,,sales@pysertesting.com,,,,,pysertesting.com,,
560,queen anne street medical centre,,+44 20 7034 3301,,,,enquiries@qasmc.com,enquiries@heartlungcentre.com,,,heartlungcentre.com,,,
561,quest medical,+44 141 648 7180,,,,,support@questmedical.co.uk,,,,www.questmedical.co.uk,,,
562,quick clinics,+44 20 8092 6507,,,,,bookings@quickclinics.co.uk,"
bookings@quickclinics.co.uk
",,,www.quickclinics.co.uk,,,
563,quick meds,+44 121 628 5318,,,,,results@apothecare.co.uk,,,,www.quickmeds.co.uk,,,
564,quick meds using labmedexpert,+44 121 628 5318,,,,,"
results@apothecare.co.uk
",,,,www.quickmeds.co.uk,,,
565,qured,,+44 20 3966 6924,+44 333 016 4411,,,support@qured.com,"
support@qured.com
",,,qured.com,webform.qured.com,,
566,rainbow labs,,+44 7442 795363,+44 7436 055025,,,support@rainbowlabs.co.uk,support@rainbow.co.uk,"
support@rainbow.co.uk
","
support@rainbowlabs.co.uk
",www.rainbowlabs.co.uk,rainbowlabs.co.uk,,
567,ramss,+44 345 200 2551,,,,,office@ramss.co.uk,,,,www.ramss.co.uk,,,
568,ramss limited,,+44 345 200 2551,,,,office@ramss.co.uk,"
office@ramss.co.uk
",,,www.ramss.co.uk,,,
569,randox health airport testing,,+44 800 254 5201,,,,covidcustomersupport@randox.com,covidsales@randox.com,,,fly.randox.com,,,
570,randox health liverpoolone,+44 800 254 5201,,,,,covidcustomersupport@randox.com,,,,lpl.randox.com,,,
571,randox health london limited,,+44 800 254 5201,,,,covidcustomersupport@randoxhealth.com,,,,fly.randox.com,,,
572,randox laboratories,+44 28 9442 2413,,,,,covidcustomersupport@randox.com,"
covidcustomersupport@randox.com
",,,www.randoxhealth.com,,,
573,randox laboratories ltd,,+44 28 9442 2413,,,,covidcustomersupport@randox.com,covidsales@randox.com,,,www.randoxhealth.com,,,
574,rapid covid testing,+44 20 7112 4964,,,,,info@rapidcovidtesting.org.uk,"
info@rapidcovidtesting.org.uk
",,,www.rapidcovidtesting.org.uk,,,
575,rapid health test,+44 1872 229740,,,,,info@rapidhealthtest.com,contact@rapidhealthtest.com,"
contact@rapidhealthtest.com
",,rapidhealthtest.com,,,
576,rapid pcr,+44 7907 028192,,,,,rapidpcrtest@hotmail.com,"
rapidpcrtest@hotmail.com
",,,www.rapidpcr.co.uk,rapidpcr.co.uk,,
577,rapiditydx,+44 1602 262366,,,,,covidtesting@protein-technologies.com,,,,www.rapiditydx.com,,,
578,rb health and safety solutions ltd,,+44 1424 205990,,,,charlotte.collyer@rbhealthandsafety.co.uk,,,,www.rbhealthandsafety.co.uk,,,
579,rb healthcare ltd,+44 151 203 6535,+44 161 870 6546,,,,admin@clearchemist.co.uk,info@cheshiretravelclinic.co.uk,,,www.clearchemist.co.uk,pharmadoctor.co.uk,,
580,reading fit to fly,+44 20 3875 5160,,,,,customerservice@readingfittofly.co.uk,,,,www.readingfittofly.co.uk,,,
581,reading fit to fly/oxford road clinics ltd,+44 20 3875 5160,,,,,customerservice@readingfittofly.co.uk,,,,www.readingfittofly.co.uk,,,
582,recovery4life,,+44 333 344 5790,,,,bookings@recovery4life.co.uk,,,,www.recovery4life.co.uk,,,
583,red 1 response,,+44 330 229 0112,,,,hello@red1response.com,,,,covid.red1response.com,,,
584,remedi health,+44 1962 396695,,,,,support@remedihealth.co,"
support@remedihealth.co
",,,remedihealth.co,,,
585,remedys pharmacy,+44 20 7286 7255,,,,,"
covid@remedyspharmacy.london
",covid@remedyspharmacy.london,,,audley-remedys.uk,,,
586,remedys pharmacy w9,+44 20 7286 7255,,,,,covid@remedyspharmacy.london,,,,,,,
587,research consultancy and health ltd,+44 7904 697060,,,,,covid19test@rcandh.com,"
covid19test@rcandh.com
",,,rcandh.com,,,
588,reviv uk,+44 161 209 3754,,,,,ukdiagnostics@revivme.com,"
ukdiagnostics@revivme.com
",,,reviv-pcr.co.uk,,,
589,rightangled,+44 20 3950 3394,,,,,info@rightangled.co,"
info@rightangled.co
",,,www.rightangled.co,,,
590,rivahealth,+44 161 518 2999,,,,,info@rivahealth.co.uk,,,,rivahealth.co.uk,,,
591,roc health services,+44 1224 515254,,,,,covid19@rochealthservices.com,,,,rochealthservices.com,,,
592,roc private clinic,+44 1225 515254,+44 1224 515254,,,,covid19@rochealthservices.com,,,,rocprivateclinic.com,,,
593,rosalyns medical and wellbeing clinic,+44 1924 654105,,,,,info@rosalynsmedical.com,"
info@rosalynsmedical.com
",,,rosalynsmedical.com,,,
594,roshni clinic,+44 333 050 7138,,,,,info@roshniclinic.co.uk,"
info@roshniclinic.co.uk
",,,www.roshniclinic.com,,,
595,rt diagnostics,+44 1422 416242,,,,,info@rtdiagnostics.co.uk,"
info@rtdiagnostics.co.uk
",,,www.rtdiagnostics.co.uk,,,
596,same day clinic,+44 20 8050 4353,,,,,info@pharmesthetics.com,,,,www.samedayclinic.co.uk,,,
597,samedaydoctor,+44 20 7531 7120,,,,,canarywharf@samedaydoctor.co.uk,,,,questionnaire.heydoc.co.uk,,,
598,samedaydoctor canary wharf,+44 20 7531 7120,,,,,"
canarywharf@samedaydoctor.co.uk
",canarywharf@samedaydoctor.co.uk,,,samedaydoctor.org,,,
599,samedaydoctor city clinic,+44 20 3871 6015,,,,,city@samedaydoctor.co.uk,"
city@samedaydoctor.co.uk
",,,www.samedaydoctor.org,,,
600,samedaydoctor manchester,+44 161 827 7868,,,,,manchester@samedaydoctor.co.uk,"
manchester@samedaydoctor.co.uk
",,,questionnaire.heydoc.co.uk,,,
601,saunders pharmacy,+44 1753 863775,,,,,customerservices@fgsaunderspharmacy.co.uk,,,,fgsaunderspharmacy.co.uk,,,
602,scotnursing & medical services (snms),+44 141 255 1222,,,,,info@scotnursing.com,,,,scotnursing.com,,,
603,screen4,,+44 1226 730052,,,,covid19@screen4.org,"
covid19@screen4.org
",,,screen4.org,screen4.org ,,
604,sevenoaks gp t/a the private gp clinic,,+44 1732 835212,,,,info@theprivategpclinic.co.uk,"
info@theprivategpclinic.co.uk
",,,www.theprivategpclinic.co.uk,,,
605,shakib&neale limitd (107 harley street),+44 20 7935 8627,,,,,covidtesting@107harleystreet.co.uk,,,,harleystreetmaxillofacialclinic.com,,,
606,shantys pharmacy,+44 20 7247 2140,,,,,info@shantyspharmacy.com,"
info@shantyspharmacy.com
",,,shantyspharmacy.com,,,
607,sirkka networks limited,+44 330 088 1263,,,,,day2day8@sirkkaltd.com,"
day2day8@sirkkaltd.com
",,,www.sirkkanetworks.com,www.sirkkaltd.com,,
608,site lt,,+44 7398 230712,,,,covid@sitelt.co.uk,"
covid@sitelt.co.uk
",,,sitelt.co.uk,www.sitelt.co.uk,,
609,skc occupational health,+44 1235 606080,,,,,su@skcoccupationalhealth.org,,,,suchantry.com,,,
610,skc occupational health oxford,+44 1235 606080,,,,,su@skcoccupationalhealth.org,"
su@skcoccupationalhealth.org
",,,suchantry.com,,,
611,sloane square medical,+44 20 7730 8835,,,,,manager@sloanesquaremedical.org,"
manager@sloanesquaremedical.org
",,,www.sloanesquaremedical.org,,,
612,sloane street testing,+44 20 3879 0019,,,,,testingcentre@sloanestreetsurgery.co.uk,"
testingcentre@sloanestreetsurgery.co.uk
",,,www.sloanestreettesting.co.uk,,,
613,solice health ltd,,+44 20 7459 4535,,,,contact@solice.health,"
contact@solice.health
",,,www.solice.health,,,
614,solihull health check clinic,+44 121 745 7400,,,,,connect@shcc.co.uk,"
connect@shcc.co.uk
",,,www.solihullhealthcheckclinic.co.uk,,,
615,somdoc ltd / home2lab,,+44 20 7117 2458,,,,hello@home2lab.co.uk,,,,home2lab.co.uk,,,
616,sorcha biotech,+44 141 237 4110,,,,,judy@sorchabiotech.co,,,,www.sorchabiotech.com,,,
617,source bioscience,+44 115 973 9012,,,,,covid@sourcebioscience.com,"
covid@sourcebioscience.com
",,,coviduk.sourcebioscience.com,,,
618,south west london covid 19 testing centre,,+44 7930 192187,,,,info@swltest.com,"
info@swltest.com
",,,www.swltest.com,,,
619,south west london covid-19 centre,+44 7930 192187,,,,,info@swltest.com,"
info@swltest.com
",,,www.swltest.com,,,
620,southdowns private healthcare,+44 330 220 2000,,,,,info@southdownsprivatehealthcare.co.uk,"
info@southdownsprivatehealthcare.co.uk
",,,www.southdownsprivatehealthcare.co.uk,,,
621,sterling testing,,+44 333 335 5373,,,,bookings@sterlingtesting.co.uk,"
bookings@sterlingtesting.co.uk
",,,www.sterlingtesting.co.uk,,,
622,summerfield healthcare,+44 333 900 0010,,,,,covidtesting@summerfieldhealthcare.co.uk,"
covidtesting@summerfieldhealthcare.co.uk
",,,www.summerfieldhealthcare.co.uk,,,
623,sussex healthcare solutions ltd,+44 323325445,,,,,sussexhealthcare@outlook.com,,,,,,,
624,synlab,+44 333 014 3760,+44 7341 088222,,,,testtorelease@synlab.co.uk,"
testtorelease@synlab.co.uk
",,,humanmedicine.synlab.co.uk,,,
625,t consultants,+44 7952 911145,,,,,covidtestscentre@gmail.com,,,,www.covidtestscentre.com,,,
626,t consultants ltd,+44 7952 911145,,,,,covidtestscentre@gmail.com,"
covidtestscentre@gmail.com
",,,covidtestscentre.com,www.covidtestscentre.com,,
627,"t/a nash travel, tourism and transport services ltd",,+44 7795 388789,,,,info@covidfittoflytest.co.uk,,,,www.covidfittoflytest.co.uk,,,
628,tac healthcare group,+44 7845 005390,+44 333 014 3488,,,,dinesh.venkama@tachealthcare.com,c19@tachealthcare.com,,,,www.tachealthcaregroup.com,,
629,tamsel (uk) ltd,+44 20 3167 1228,,,,,"
info@tamsel.co.uk
",info@tamsel.co.uk,,,tamsel.co.uk,,,
630,test assurance group,+44 330 118 0008,,,,,testing@testassurancegroup.com,,,,testassurancegroup.com,,,
631,test for now,+44 141 628 5667,,,,,info@testfornow.co.uk,,,,testfornow.co.uk,,,
632,test for now ltd,+44 141 628 5667,,,,,info@testfornow.co.uk,,,,testfornow.co.uk,,,
633,test to you,,+44 7872 172176,,,,customercare@testtoyou.co.uk,,,,testtoyou.co.uk,,,
634,testing for all,+44 20 3301 1100,,,,,travel@testingforall.org,"
travel@testingforall.org
",,,www.testingforall.org,,,
635,testngo,+44 330 133 4454,,,,,info@testngo.co.uk,,,,testngo.co.uk,,,
636,the bridge clinic,+44 1753 664139,,,,,covid.check@outlook.com,,,,please.use.email,bridge-clinic.com,,
637,the city & travel clinic,,+44 20 7062 2385,,,,admin@thecityandtravelclinic.com,,,,,,,
638,the clinic mk ltd,+44 1908 309290,,,,,info@theclinicmk.co.uk,"
info@theclinicmk.co.uk
",,,www.theclinicmk.co.uk,,,
639,the express clinic,+44 20 3893 2621,,,,,info@theexpressclinic.com,"
info@theexpressclinic.com
",,,www.theexpressclinic.com,,,
640,the guildhall practice,+44 121 441 2626,,,,,covidtest@theguildhallpractice.co.uk,"
covidtest@theguildhallpractice.co.uk
",,,theguildhallpractice.co.uk,,,
641,the health clinic by ar,+44 1422 730022,,,,,covid@healthclinicbyar.co.uk,"
covid@healthclinicbyar.co.uk
",,,www.healthclinicbyar.co.uk,,,
642,the health clinic by ar limited,+44 1422 730022,,,,,covid@healthclinicbyar.co.uk,,,,www.healthclinicbyar.co.uk,,,
643,the health suite,+44 116 241 0010,,,,,info@thehealthsuite.co.uk,"
info@thehealthsuite.co.uk
",,,thehealthsuite.co.uk,,,
644,the hove practice,+44 1273 733830,,,,,"
reception@thehovepractice.co.uk
",reception@thehovepractice.co.uk,,,thehovepractice.co.uk,,,
645,the london general practice,,+44 20 7935 1000,,,,info@thelondongeneralpractice.com,"
info@thelondongeneralpractice.com
",,,www.thelondongeneralpractice.com,,,
646,the mayfair gp,+44 7568 369455,,,,,info@themayfairgp.com,,,,,,,
647,the mayfair gp clinic,+44 7568 369455,,,,,info@themayfairgp.com,,,,www.themayfairgp.com,,,
648,the medic clinic,+44 1234 880079,,,,,info@medicclinic.co.uk,"
info@medicclinic.co.uk
",,,medicclinic.co.uk,,,
649,the melton clinic,+44 1664 650550,,,,,info@themeltonclinic.co.uk,"
info@themeltonclinic.co.uk
",,,,www.themeltonclinic.co.uk,,
650,the montague clinic,+44 20 3637 7999,,,,,expresscovidtests@montagueclinic.com,"
expresscovidtests@montagueclinic.com
",,,montagueclinic.com,,,
651,the new foscote hospital,,+44 1295 252281,,,,covidtesting@foscote.hospital,,,,thefoscotehospital.co.uk,,,
652,the palace gate practice limited,+44 20 7244 5806,,,,,covidtesting@palacegatepractice.com,"
covidtesting@palacegatepractice.com
",,,www.palacegatepractice.com,,,
653,the pharmacy at mayfair and clinic,+44 7958 499522,,,,,pharmacyatmayfair@gmail.com,"
pharmacyatmayfair@gmail.com
",,,www.pharmacymayfair.co.uk,,,
654,the regenerative clinic,+44 20 3637 5566,+44 330 223 3332,,,,diagnostics@theregenerativeclinic.co.uk,"
diagnostics@theregenerativeclinic.co.uk
",,,www.theregenerativeclinic.co.uk,,,
655,the travel health clinic,+44 7851 848773,,,,,cv19clinic@gmail.com,"
cv19clinic@gmail.com
",,,thetravelhealthclinic.co.uk,,,
656,the travel vaccine room,+44 7940 916597,,,,,info@thetravelvaccineroom.co.uk,,,,thetravelvaccineroom.co.uk,,,
657,the walcote practice,+44 1962 828715,,,,,info@thewalcotepratice.co.uk,info@thewalcotepractice.co.uk,"
info@thewalcotepratice.co.uk
",,thewalcotepractice.co.uk,,,
658,the wellness people ltd,,+44 7752 095822,,,,roshni@thewellnesspeople.co,,,,,,,
659,the whitehall clinic,+44 113 833 4900,,,,,hello@whitehallclinic.com,"
hello@whitehallclinic.com
",,,www.whitehallclinic.com,,,
660,thechemistlive.co.uk,+44 161 543 6622,,,,,admin@thechemistlive.co.uk,"
admin@thechemistlive.co.uk
",,,thechemistlive.com,,,
661,top health clinic,+44 20 8123 4510,,,,,info@tophealthclinic.co.uk,"
info@tophealthclinic.co.uk
",,,tophealthclinic.co.uk,,,
662,totley pharmacy ltd,+44 114 236 1070,,,,,totleypharmacyrepeats@hotmail.co.uk,,,,www.totleypharmacy.co.uk,,,
663,tower bridge wellness pharmacy,+44 20 3771 9927,,,,,contact@thewellnesspharmacy.co.uk,"
contact@thewellnesspharmacy.co.uk
",,,www.thewellnesspharmacy.co.uk,,,
664,tp healthcare services,+44 20 4542 4558,,,,,enquiries@tphealthcareservices.com,,,,www.tphealthcareservices.com,,,
665,tp healthcare services limited,+44 20 4542 4558,,,,,enquiries@tphealthcareservices.com,,,,www.tphealthcareservices.com,,,
666,tp healthcare services ltd,+44 20 4542 4558,,,,,enquiries@tphealthcareservices.com,"
enquiries@tphealthcareservices.com
",,,www.tphealthcareservices.com,,,
667,travel 19,+44 330 175 2530,,,,,hello@travel19.co.uk,,,,www.travel19.co.uk,,,
668,travel centre,+44 20 7720 8701,,,,,covidtests@travelcentreclapham.com,"
covidtests@travelcentreclapham.com
",,,www.travelcentreclapham.com,,,
669,travel centre clapham,+44 20 7720 8701,,,,,covidtests@travelcentreclapham.com,,,,www.travelcentreclapham.com,,,
670,travel centre clapham ltd,,+44 20 7720 8701,,,,covidtests@travelcentreclapham.com,"
covidtests@travelcentreclapham.com
",,,www.travelcentreclapham.com,,,
671,travel klinix,+44 24 7601 6519,,,,,info@travelklinix.com,"
info@travelklinix.com
",,,travelklinix.com,,,
672,travel test centre ltd,,+44 20 3488 8976,,,,info@traveltestcentre.com,,,,www.traveltestcentre.com,www.traveltestcentre.co.uk,,
673,treated.com,+44 20 7043 0716,,,,,customercare@treated.com,,,,www.treated.com,,,
674,trio pharmacy,+44 1932 225900,,,,,triopharmacy1@gmail.com,"
triopharmacy1@gmail.com
",,,www.triopharmacy.co.uk,,,
675,tuli health,,+44 20 8067 6074,,,,info@tuli.health,"
info@tuli.health
",,,portal.tuli.health,tuli.health,,
676,uk covid test centre,+44 1224 608702,,,,,support@covidtestcentre.net,,,,www.covidtestcentre.net,,,
677,uk event medics,+44 1270 895177,,,,,info@ukeventmedics.net,,,,www.ukeventmedicservices.co.uk,,,
678,uk event medics limited,+44 1270 895177,,,,,info@ukeventmedics.net,"
info@ukeventmedics.net
",,,www.ukeventmedicservices.co.uk,,,
679,uk event medics ltd,+44 1270 895177,,,,,info@ukeventmedics.net,,,,www.ukeventmedics.net,,,
680,uk health testing,+44 1604 800609,,,,,covid@ukhealthtesting.com,,,,ukhealthtesting.com,,,
681,uk testing arrival centre,+44 571627277,,,,,contact@arrivaltestcenter.com,,,,arrivaltestcenter.com,,,
682,ukcovidtest,+44 29 2128 0591,,,,,info@ukcovidtest.co.uk,,,,ukcovidtest.co.uk,,,
683,vaccination uk ltd,,+44 1462 459595,,,,admin@vaccinationuk.co.uk,,,,travelvaccination.co.uk,,,
684,vanite clinic,,+44 121 687 0025,,,,info@vaniteclinic.com,"
info@vaniteclinic.com
",,,www.vaniteclinic.com,,,
685,visithealth limited,+44 20 3795 5811,,,,,hello@visithealth.co.uk,"
hello@visithealth.co.uk
",,,visithealth.london,,,
686,vista pharmacy,+44 20 7625 7931,,,,,covid@vistapharmacy.uk,,,,www.vistapharmacy.uk,,,
687,vitacheck,,+44 1992 500651,,,,info@vitacheck.health,,,,,,,
688,vitox,+44 20 7268 4915,,,,,info@vitox.co.uk,"
info@vitox.co.uk
",,,vitox.co.uk,,,
689,vivo clinic,+44 333 305 8486,,,,,pcrtest@vivoteam.co.uk,"
pcrtest@vivoteam.co.uk
",,,vivoclinic.com,,,
690,vsm pharmacy,,+44 1276 21002,,,,digital@vsmpharmacy.co.uk,,,,www.vsmpharmacy.co.uk,,,
691,well pharmacy (bestway national chemists ltd),+44 1782 597313,,,,,hello@well.co.uk,"
hello@well.co.uk
",,,shop.well.co.uk,,,
692,well pharmacy (bestway national chemists),+44 1782 597313,,,,,hello@well.co.uk,,,,shop.well.co.uk,,,
693,west midlands,+44 121 439 8062,,,,,shifapharmacist@gmail.com,,,,www.shifa-pharmacy.co.uk,,,
694,weston road pharmacy,+44 1785 248888,,,,,info@westonroadpharmacy.co.uk,,,,www.travel-vaccination.co.uk,,,
695,westwood pharmacy,+44 161 213 0394,,,,,shelemur.rahman@nhs.net,"
shelemur.rahman@nhs.net
",,,www.vaccinesfortravels.co.uk,,,
696,winchester gp,+44 1962 776010,,,,,reception@winchestergp.com,"
reception@winchestergp.com
",,,winchestergp.com,,,
697,woodsetton pharmacy,+44 1902 887501,,,,,woodsettonpharmacy1@gmail.com,,,,,,,
698,world travel clinic,,+44 1753 847663,+44 1753 867030,,,hello@worldtravelclinic.co.uk,"
hello@worldtravelclinic.co.uk
",,,www.thepharmshop.com,,,
699,worldwide travel health clinic,,+44 1204 263040,,,,info@worldwidetravelhealth.co.uk,"
info@worldwidetravelhealth.co.uk
",,,www.worldwidetravelhealth.co.uk,,,
700,wren healthcare,+44 20 3974 6950,,,,,results@wrenhealthcare.co.uk,"
results@wrenhealthcare.co.uk
",,,wrenhealthcare.co.uk,,,
701,"www.covidfittoflytest.co.uk t/a nash travel, tourism and transport services ltd.",+44 7795 388789,,,,,"
info@covidfittoflytest.co.uk
",info@covidfittoflytest.co.uk,,,www.covidfittoflytest.co.uk,,,
702,xana medtec,+44 161 974 6518,,,,,info@xanamedtec.com,"
info@xanamedtec.com
",,,www.xanamedtec.com,,,
703,xana medtec ltd,+44 161 974 6518,,,,,info@xanamedtec.com,,,,www.xanamedtec.com,,,
704,yakub chemist,+44 116 251 2959,,,,,info@yakubchemist.co.uk,"
info@yakubchemist.co.uk
",,,www.yakubchemist.co.uk,,,
705,your doctor film and media,,+44 330 088 2163,,,,info@yourdoctorfm.com,,,,yourdoctorfm.com,,,
706,your gp circle,+44 333 800 5202,,,,,hello@yourgpcircle.co.uk,"
hello@yourgpcircle.co.uk
",,,yourgpcircle.co.uk,,,
707,your health first,+44 845 163 0458,,,,,info@yourhealthfirstltd.com,,,,your-health-first.webnode.co.uk,yourhealthfirstltd.com,,
708,your health first ltd,,+44 845 163 0458,,,,info@yourhealthfirstltd.com,"
info@yourhealthfirstltd.com
",,,yourhealthfirstltd.com,your-health-first.webnode.co.uk,,
709,your private health,+44 161 519 4448,,,,,info@yourprivatehealth.co.uk,"
info@yourprivatehealth.co.uk
",,,yourprivatehealth.co.uk,,,
710,yourhealthfirst clinic,+44 20 7225 3582,,,,,info@yourhealthfirst.uk,,,,covid19.yourhealthfirst.uk,,,
711,ypchealth,+44 113 531 4947,,,,,info@ypchealth.co.uk,,,,www.ypchealth.co.uk,,,
712,zava,+44 20 3588 0292,,,,,covidtraveltesting@zavamed.com,,,,www.zavamed.com,zavamed.com,,
713,zen healthcare,+44 20 7225 1660,,,,,testing@zenhealthcare.co.uk,,,,www.zenhealthcare.co.uk,,,
714,zen healthcare (purecare ltd),+44 20 7225 1660,,,,,testing@zenhealthcare.co.uk,"
testing@zenhealthcare.co.uk
",,,www.zenhealthcare.co.uk,,,
715,zoomdoc,+44 20 7993 2292,,,,,info@zoomdoc.com,"
info@zoomdoc.com
",,,zoomdoc.com,www.zoomdoc.com,,
716,zoomdoc health,,+44 20 7993 2292,,,,info@zoomdoc.com,,,,www.zoomdoc.com,,,
