company_name,price_05_19.csv,price_05_20.csv,price_05_26.csv,price_05_29.csv,price_05_31.csv,price_06_04.csv,price_06_18.csv,price_06_26.csv,price_06_29.csv,price_07_01.csv,price_07_08.csv,price_07_13.csv,price_07_29.csv,price_08_08.csv,price_08_11.csv,price_08_12.csv,price_08_17.csv,price_08_18.csv,price_08_20.csv
"#nomad travel, using oncologica",,,,,,,,,,,,,,20.0,20.0,20.0,20.0,20.0,
"*everything genetic ltd, using nonacus",,,,,,,,,,,,,,115.0,115.0,115.0,115.0,115.0,
.0000covid 19 private test ltd,,,,,,,,,,,199.0,,,,,,,,
.0001 ace-thetix,,,,155.0,155.0,155.0,,,,,,,,,,,,,
".001expert tms limited, using biograd and nonacus",,,,,,,,,,,,,,20.0,20.0,20.0,20.0,20.0,
".001my express testing, using nonacus",,,,,,,,,,,,,,20.0,20.0,20.0,20.0,20.0,
.004 medical testing,,,,,,,,,,,,,,,,,,,40.0
".004 medical testing, using oncologica & circular 1",,,,,,,,,,,,,,99.0,99.0,99.0,99.0,99.0,
".expert doctors, using oncologica",,,,,,,,,,,,,,20.0,20.0,20.0,20.0,20.0,
".medical covid test, using source bioscience",,,,,,,,,,,,,,24.0,24.0,24.0,24.0,24.0,
0-100 travel 19,,,,,,,,,,,,,,,,,,,20.0
"0-100 travel 19, using north london laboratory",,,,,,,,,,,,,,20.0,20.0,20.0,20.0,20.0,
000 book a travel test,,,159.99,159.99,159.99,159.99,159.99,159.99,159.99,159.99,159.99,159.99,159.99,,,,,,
0000covid 19 private test ltd,,,,,,,,,,,,199.0,199.0,,,,,,
0001ace-thetix,,,,,,,140.0,175.0,175.0,175.0,,,,,,,,,
"0001ace-thetix, using randox, oncologica & nationwide",,,,,,,,,,,,,,50.0,50.0,50.0,50.0,50.0,
001 alpha express testing,,,,,,,,,,,,,,,,,,,20.0
001 covid test,162.0,147.5,140.0,140.0,140.0,140.0,100.0,60.0,60.0,60.0,45.0,120.0,120.0,,,,,,
"001 covid test, using oncologica",,,,,,,,,,,,,,39.0,39.0,39.0,39.0,39.0,
001 digital health group ltd t/a pharma diagnostics,,,,,,,,,,,,,,,,,,,20.0
001 expert covid testing uk,,,,,,,,,,,,,,,,,,,20.0
"001expert covid testing uk, using biograd and nonacus",,,,,,,,,,,,,,20.0,20.0,20.0,20.0,20.0,
004 medical testing,,,,,,,149.0,53.75,53.75,50.333333333333336,198.0,59.99,59.99,,,,,,
"004 medical testing, using oncologica & circular 1",,,,,,,,,,,,,,99.0,99.0,99.0,99.0,99.0,
0044 covid test,,105.0,105.0,105.0,105.0,105.0,80.0,80.0,66.66666666666667,66.66666666666667,60.0,60.0,60.0,,,,,,99.0
"0044 covid test, using medical diagnosis",,,,,,,,,,,,,,25.0,25.0,25.0,25.0,25.0,
0044healthtesting,,,,,,,,,,,,,,,,,,,299.0
"0044healthtesting, using circular1",,,,,,,,,,,,,,299.0,299.0,299.0,299.0,299.0,
"00expert tms limited, using biograd and nonacus",,,,,,,,,,,,,,20.0,20.0,20.0,20.0,20.0,
01 ct24 solutions ltd,,,,,,,,,,,,,,,,,,,149.0
01 harley street,,,,,,,,,,,,249.0,249.0,,,,,,
01harleystreet,,,,,,,,,,,,,,,,,,,99.0
"01harleystreet, using circular1",,,,,,,,,,,,,,20.0,20.0,20.0,20.0,20.0,
04 medical testing,199.0,199.0,,,,,,,,,,,,,,,,,
1 affordabletest.com,,,,,,,,,,,34.99,34.99,34.99,,,,,,
1 corporate covid tests,,,,,,,,,,,,,,,,,,,109.0
1 covclinics,114.0,114.0,194.0,194.0,194.0,194.0,75.0,75.0,60.0,60.0,180.0,180.0,180.0,,,,,,40.0
"1 covclinics, using oncologica",,,,,,,,,,,,,,39.99,39.99,39.99,39.99,39.99,
1 harley medic international,,,,,,,,,,,,,,,,,,,99.0
1 health hub,175.0,175.0,99.0,98.0,98.0,98.0,,,45.0,25.0,18.99,172.0,172.0,,,,,,74.99
1 health hub ltd,,,,,,,175.0,175.0,39.0,,,,,,,,,,
"1 health hub, using 2030 labs",,,,,,,,,,,,,,149.99,149.99,149.99,149.99,149.99,
1 nhl pharmacy,220.0,,,,,,,,,,,,,,,,,,
1 nomad,,,,,,,,,,,,,,,,,,,99.0
1 stop covid shop,155.0,155.0,150.0,150.0,150.0,150.0,130.0,60.0,59.0,40.0,14.99,45.0,45.0,,,,,,175.0
"1 stop covid shop, using oncologica",,,,,,,,,,,,,,20.99,20.99,20.99,20.99,20.99,
10 harley linknurse clinic london,160.0,160.0,160.0,160.0,160.0,160.0,160.0,,,,,,,,,,,,
10 hs linknurse clinic london,,,,,,,,160.0,160.0,160.0,160.0,160.0,160.0,,,,,,160.0
"10 hs linknurse clinic london, using nanocus, 10 linknurse clinic london with nonacus, linknurse clinic london - everything gen, 10 linknurse clinic london with the doctors laboratory (tdl) pathology, london",,,,,,,,,,,,,,160.0,160.0,160.0,160.0,160.0,
100 covid clear,239.0,239.0,198.0,198.0,95.0,95.0,49.0,40.0,30.0,28.0,4.95,178.0,178.0,,,,,,178.0
"100 covid clear, using salient bio, randox, yourgene",,,,,,,,,,,,,,20.0,20.0,20.0,20.0,20.0,
101 covid travel clinic,,,175.0,155.0,155.0,155.0,155.0,155.0,155.0,155.0,155.0,155.0,155.0,,,,,,155.0
"101 covid travel clinic, using oncologica",,,,,,,,,,,,,,155.0,155.0,155.0,155.0,155.0,
101 testing,132.0,132.0,118.0,118.0,118.0,118.0,98.0,75.0,75.0,75.0,75.0,75.0,75.0,,,,,,25.0
"101 testing, using nonacus",,,,,,,,,,,,,,75.0,75.0,75.0,75.0,75.0,
1010labs,174.0,168.0,,,94.0,94.0,59.0,39.99,34.0,25.0,9.99,99.99,99.99,,,,,,20.0
"1010labs, using circular1 and biograd",,,,,,,,,,,,,,20.0,20.0,20.0,20.0,20.0,
107 harley street,,,,,,,,,,150.0,150.0,150.0,150.0,,,,,,
"107 harley street, using tdl and randox",,,,,,,,,,,,,,245.0,245.0,245.0,245.0,245.0,
"118 testing, using oncologica",,,,,,,,,,,,,,25.0,25.0,25.0,25.0,25.0,
118testing,,,,,,,,,,,29.494999999999997,139.0,139.0,,,,,,
"118testing, using oncologica",,,,,,,,,,,,,,25.0,25.0,25.0,25.0,25.0,
12-14 pharmacy,210.0,210.0,210.0,210.0,210.0,210.0,210.0,210.0,210.0,210.0,210.0,210.0,210.0,,,,,,210.0
"12-14 pharmacy, using nonacus",,,,,,,,,,,,,,210.0,210.0,210.0,210.0,210.0,
121 covicall,,,,,,,,,,,23.99,159.0,159.0,,,,,,150.0
"121 covicall, using oncologica",,,,,,,,,,,,,,22.0,22.0,22.0,22.0,22.0,
121 pure testing,199.0,199.0,199.0,199.0,199.0,199.0,199.0,199.0,199.0,199.0,199.0,199.0,199.0,,,,,,199.0
"121 pure testing, using oncologica, labmedexpert",,,,,,,,,,,,,,199.0,199.0,199.0,199.0,199.0,
123 clinics,,,,,,,,,,,,,,,,,,,118.99
123 covid labs,,,,,,,,,,,,,,,,,,,169.0
"123 covid labs, using source bioscience",,,,,,,,,,,,,,20.0,20.0,20.0,20.0,20.0,
123clinics,,,,,,,,,59.0,40.0,12.45,149.0,149.0,,,,,,
"123clinics, using circular1",,,,,,,,,,,,,,20.0,20.0,20.0,20.0,20.0,
123tests.co.uk,,,,,,,,55.0,36.0,150.0,150.0,27.0,27.0,,,,,,
"123tests.co.uk, using dante, oncologica, source bioscience",,,,,,,,,,,,,,150.0,150.0,150.0,150.0,150.0,
15 minute covid test,,210.0,210.0,210.0,210.0,210.0,210.0,210.0,210.0,210.0,210.0,210.0,210.0,,,,,,169.0
"15 minute covid test, using randox, sourcebioscience",,,,,,,,,,,,,,210.0,210.0,210.0,210.0,210.0,
"1affordabletest, using oncologica uk",,,,,,,,,,,,,,20.0,20.0,20.0,20.0,20.0,
1affordabletest.com,,,,,,,179.0,179.0,179.0,34.99,,,,,,,,,179.0
1corporate covid tests,,125.0,125.0,125.0,125.0,125.0,105.0,94.5,94.5,94.5,84.0,84.0,84.0,,,,,,
"1corporate covid tests, using biogroup, oncologica & salient",,,,,,,,,,,,,,109.0,109.0,109.0,109.0,109.0,
1rapid clinics,155.0,155.0,134.0,134.0,134.0,134.0,134.0,134.0,134.0,134.0,130.0,126.0,126.0,,,,,,125.0
"1rapid clinics, using nonacus ltd",,,,,,,,,,,,,,125.0,125.0,125.0,125.0,125.0,
1st class testing,,160.0,,,,,,,,,98.0,98.0,98.0,,,,,,109.0
"1st class testing, using randox, oncologica",,,,,,,,,,,,,,98.0,98.0,98.0,98.0,98.0,
1west end medical practice uk ltd,,,,,,,,,,124.0,124.0,124.0,124.0,,,,,,
"1west end medical practice uk, using everything genetic ltd",,,,,,,,,,,,,,124.0,124.0,124.0,124.0,124.0,
1westendmedicalpracticeuk,,,,,,,,,,,,,,,,,,,124.0
"1westendmedicalpracticeuk, using egl - everything genetics ltd",,,,,,,,,,,,,,124.0,124.0,124.0,124.0,124.0,
20/30 labs,198.0,199.0,199.0,199.0,199.0,199.0,199.0,199.0,199.0,199.0,199.0,199.0,199.0,,,,,,157.0
"20/30 labs, using nonacus",,,,,,,,,,,,,,199.0,199.0,199.0,199.0,199.0,
247 travel tests,,,,150.0,150.0,150.0,86.0,86.0,86.0,86.0,86.0,150.0,150.0,,,,,,150.0
"247 travel tests, using randox, 20/30 labs",,,,,,,,,,,,,,150.0,150.0,150.0,150.0,150.0,
247hometesting,150.0,150.0,150.0,150.0,150.0,150.0,129.0,129.0,129.0,,129.0,129.0,129.0,,,,,,25.0
"247hometesting, using north london laboratory",,,,,,,,,,,,,,25.0,25.0,25.0,25.0,25.0,
247hometesting.com,,,,,,,,,39.99,39.99,,,,,,,,,
258 postal racoo screening ltd,165.0,165.0,165.0,165.0,165.0,165.0,205.0,205.0,205.0,205.0,245.0,245.0,245.0,,,,,,245.0
"258 postal racoo screening ltd, using oncologica, randox, eurofins",,,,,,,,,,,,,,245.0,245.0,245.0,245.0,245.0,
29 fleet street ltd,275.0,275.0,,,,,,,,,,,,,,,,,
29 fleet street ltd t/a fleet street clinic,,,,,,,275.0,275.0,275.0,275.0,275.0,275.0,275.0,,,,,,275.0
"29 fleet street ltd t/a fleet street clinic, using randox",,,,,,,,,,,,,,275.0,275.0,275.0,275.0,275.0,
3a covid testing limited,,,,,,,,135.0,135.0,135.0,135.0,135.0,135.0,,,,,,
3six health,198.0,198.0,198.0,198.0,198.0,198.0,198.0,198.0,198.0,198.0,179.0,179.0,179.0,,,,,,179.0
"3six health, using nonacus",,,,,,,,,,,,,,179.0,179.0,179.0,179.0,179.0,
4 medical testing,,,189.0,189.0,189.0,189.0,198.0,,,,,,,,,,,,
@corona tests,,,,,,,,,,,,,,,,,,,250.0
"@corona tests, using oncologica & randox",,,,,,,,,,,,,,250.0,250.0,250.0,250.0,250.0,
@covid19 health clinics limited,,,,,,,,,199.0,199.0,199.0,,,,,,,,
@harley street nurses (t/a harley street nurses ltd),,,,,,,,,,,,,,,,,,,111.0
"@harley street nurses (t/a harley street nurses ltd), using oncologica & randox",,,,,,,,,,,,,,111.0,111.0,111.0,111.0,111.0,
a hasu diagnostics,,99.0,99.0,,,,99.0,99.0,99.0,99.0,99.0,99.0,99.0,,,,,,99.0
"a hasu diagnostics, using nanocus",,,,,,,,,,,,,,99.0,99.0,99.0,99.0,99.0,
a1 global testing limited,,,164.99,164.99,164.99,164.99,148.99,148.99,148.99,133.99,133.99,133.99,133.99,,,,,,133.99
"a1 global testing limited, using oncological and salient bio",,,,,,,,,,,,,,133.99,133.99,133.99,133.99,133.99,
a1 track&travel,,,,,,,95.0,95.0,95.0,95.0,95.0,95.0,95.0,,,,,,195.0
"a1 track&travel, using everythinggenetic and nonacus",,,,,,,,,,,,,,95.0,95.0,95.0,95.0,95.0,
abg covic ltd,,,,,,,,,,,,,,,,,,,142.0
abicare health,,,,,,,,64.0,56.0,56.0,,45.0,45.0,,,,,,
abicare health solutions,,,,,,,,,,,,,,,,,,,150.0
abicare health solutions ltd (riva health),135.0,135.0,135.0,135.0,135.0,135.0,109.0,109.0,109.0,109.0,,,,,,,,,
"abicare health, using abl",,,,,,,,,,,,,,20.0,20.0,20.0,20.0,20.0,
accendolab limited,195.0,195.0,145.0,120.0,120.0,120.0,80.0,80.0,80.0,60.0,50.0,120.0,120.0,,,,,,120.0
"accendolab limited, using accendo lab",,,,,,,,,,,,,,120.0,120.0,120.0,120.0,120.0,
ace-thetix,,,,,,,,,,,,,,,,,,,50.0
acethetix,,,120.0,,,,,,,,,,,,,,,,
acethetix testing services,125.0,125.0,,,,,,,,,,,,,,,,,
acorn occupational health ltd,,,195.0,195.0,195.0,195.0,195.0,195.0,195.0,195.0,195.0,195.0,195.0,,,,,,
"acorn occupational health ltd, using alphabiolabs and nationwide pathology",,,,,,,,,,,,,,170.0,170.0,170.0,170.0,170.0,
advisa medica,204.0,168.0,148.0,148.0,148.0,148.0,148.0,148.0,148.0,148.0,148.0,148.0,148.0,,,,,,148.0
"advisa medica, using nationwide",,,,,,,,,,,,,,148.0,148.0,148.0,148.0,148.0,
aeromedical consulting uk,,,149.0,149.0,149.0,149.0,149.0,149.0,149.0,149.0,149.0,149.0,149.0,,,,,,139.0
"aeromedical consulting uk, using nonacus via everything genetics, & medical diagnosis",,,,,,,,,,,,,,139.0,139.0,139.0,139.0,139.0,
aesthetika clinic,,282.5,280.0,280.0,280.0,280.0,260.0,255.0,255.0,255.0,250.0,250.0,250.0,,,,,,250.0
"aesthetika clinic, using source bioscience nationwidepathology",,,,,,,,,,,,,,250.0,250.0,250.0,250.0,250.0,
af aesthetics (enoura medical),210.0,210.0,210.0,210.0,210.0,210.0,159.0,159.0,159.0,159.0,,,,,,,,,
affinity health,,,,,,,,,,,,,,,,,,,219.0
"affinity health, using oncologica, source bioscience, immensa health clinic (dante labs)",,,,,,,,,,,,,,219.0,219.0,219.0,219.0,219.0,
afforable tfnow,,,,,,,,,,,,,,,,,,,20.0
agg coventry ltd ta vantage chemist,,,,175.0,175.0,175.0,175.0,175.0,175.0,175.0,175.0,175.0,175.0,,,,,,170.0
"agg coventry ltd ta vantage chemist, using randox",,,,,,,,,,,,,,170.0,170.0,170.0,170.0,170.0,
agilis health,234.0,234.0,234.0,234.0,234.0,234.0,234.0,234.0,234.0,234.0,234.0,234.0,234.0,,,,,,234.0
"agilis health, using 20/30 labs",,,,,,,,,,,,,,234.0,234.0,234.0,234.0,234.0,
ais covid testing ltd,,,147.0,147.0,147.0,147.0,118.0,75.0,59.0,48.0,118.0,68.0,68.0,,,,,,149.0
"ais covid testing ltd, using oncologica",,,,,,,,,,,,,,149.0,149.0,149.0,149.0,149.0,
al-shadhilli ltd,,,,,,,,,,,,,,,,,,,155.0
"al-shadhilli ltd, using everything genetics",,,,,,,,,,,,,,155.0,155.0,155.0,155.0,155.0,
alexandru livinschi (t/a bai long ltd),,,,,,,198.0,198.0,198.0,198.0,198.0,198.0,198.0,,,,,,
"alexandru livinschi (t/a bai long ltd), using north london laboratory",,,,,,,,,,,,,,164.0,164.0,164.0,164.0,164.0,
alexandru livinschi (t/a gat c-19),,,,,,,,,,,,,,,,,,,164.0
all healthcare,,,,,,,,,,,147.0,147.0,147.0,,,,,,91.5
"all healthcare, using oncologica uk",,,,,,,,,,,,,,137.0,137.0,137.0,137.0,137.0,
alphabiolabs,120.0,120.0,120.0,120.0,120.0,120.0,95.0,87.5,130.0,130.0,130.0,130.0,130.0,,,,,,
alphamedicol ltd,,,,,,,,,,,180.0,180.0,180.0,,,,,,180.0
"alphamedicol ltd, using oncologica and salient bio",,,,,,,,,,,,,,180.0,180.0,180.0,180.0,180.0,
alphamedicol ltd.,,,,,,,,,180.0,180.0,,,,,,,,,
ambulance services 24 ltd,,,,,,,260.0,260.0,260.0,260.0,260.0,260.0,260.0,,,,,,
ambutech pre-hospital care,200.0,200.0,200.0,200.0,200.0,200.0,200.0,200.0,200.0,200.0,,,,,,,,,200.0
"ambutech pre-hospital care, using yourgene",,,,,,,,,,,,,,200.0,200.0,200.0,200.0,200.0,
amin pharmacy,,,,,,,175.0,175.0,175.0,175.0,175.0,175.0,175.0,,,,,,150.0
"amin pharmacy, using randox",,,,,,,,,,,,,,150.0,150.0,150.0,150.0,150.0,
an sf screening and vaccination service,,,,,,,250.0,250.0,250.0,250.0,250.0,250.0,250.0,,,,,,250.0
"an sf screening and vaccination service, using tdl pathology and randox",,,,,,,,,,,,,,250.0,250.0,250.0,250.0,250.0,
andres pharmacy,,,,170.0,170.0,170.0,85.0,50.0,50.0,50.0,,85.0,85.0,,,,,,
"andres pharmacy, using randox and alpha bio labs",,,,,,,,,,,,,,85.0,85.0,85.0,85.0,85.0,
anglia dna services,169.0,169.0,120.0,100.0,100.0,100.0,90.0,40.0,40.0,40.0,40.0,40.0,40.0,,,,,,40.0
"anglia dna services, using anglia dna services",,,,,,,,,,,,,,23.99,23.99,23.99,23.99,23.99,
anglo belgravia,180.0,180.0,180.0,180.0,180.0,180.0,180.0,180.0,180.0,180.0,180.0,,,,,,,,180.0
"anglo belgravia, using oncologica",,,,,,,,,,,,,,180.0,180.0,180.0,180.0,180.0,
apollo testing,,,,,,,138.0,145.0,89.0,89.0,128.0,115.0,115.0,,,,,,124.0
"apollo testing, using oncologica",,,,,,,,,,,,,,115.0,115.0,115.0,115.0,115.0,
arrival test centre,,,,,,,,,,,,,,,,,,,175.0
"arrival test centre, using oncologica",,,,,,,,,,,,,,20.0,20.0,20.0,20.0,20.0,
arriving uk,,,,,,,159.0,159.0,159.0,159.0,159.0,159.0,159.0,,,,,,
arrivinguk,,,,,,,,,,,,,,,,,,,169.0
"arrivinguk, using biograd diagnostics, randox, em analytical",,,,,,,,,,,,,,20.0,20.0,20.0,20.0,20.0,
ask chemist,198.0,159.0,159.0,159.0,159.0,159.0,159.0,159.0,159.0,159.0,159.0,159.0,159.0,,,,,,159.0
"ask chemist, using nonacus, oncologica",,,,,,,,,,,,,,159.0,159.0,159.0,159.0,159.0,
assured screening,159.0,159.0,159.0,159.0,159.0,159.0,159.0,159.0,159.0,159.0,,,,,,,,,
assured screening.com,,,,,,,,,,,,,,,,,,,109.0
assuredscreening.com,,,,,,,,,,,159.0,159.0,159.0,,,,,,
"assuredscreening.com, using assured screening",,,,,,,,,,,,,,159.0,159.0,159.0,159.0,159.0,
atlas medical services ltd,155.0,115.0,,,,,,,,,,,,,,,,,
atropa blood clinic,,,,,,,,,,,,,,,,,,,180.0
"atropa blood clinic, using randox laboratories",,,,,,,,,,,,,,180.0,180.0,180.0,180.0,180.0,
atruchecks,149.0,149.0,149.0,92.0,92.0,92.0,,,,,,,,,,,,,39.0
"atruchecks, using eurofins, oncologica",,,,,,,,,,,,,,92.0,92.0,92.0,92.0,92.0,
audley pharmacy,,,170.0,170.0,170.0,170.0,170.0,170.0,170.0,170.0,170.0,170.0,170.0,,,,,,160.0
"audley pharmacy, using oncologica,randox,pcr lab,regenerative",,,,,,,,,,,,,,160.0,160.0,160.0,160.0,160.0,
avante health ltd,,198.0,198.0,198.0,198.0,198.0,198.0,198.0,198.0,198.0,198.0,198.0,198.0,,,,,,
"avante health ltd, using 20/30 laboratory, salient bio, randox laboratories",,,,,,,,,,,,,,198.0,198.0,198.0,198.0,198.0,
avante health private gp,198.0,,,,,,,,,,,,,,,,,,
avicenna health,210.0,210.0,210.0,210.0,210.0,210.0,210.0,210.0,210.0,210.0,210.0,210.0,210.0,,,,,,180.0
"avicenna health, using oncologica",,,,,,,,,,,,,,180.0,180.0,180.0,180.0,180.0,
bansals pharmacy,230.0,230.0,,,,,,,,,,,,,,,,,
bansals pharmacy (southend on sea),,,,,,,,,199.0,199.0,230.0,230.0,230.0,,,,,,
"bansals pharmacy (southend on sea),",,,,,,,,,,,,,,,,,,,99.0
"bansals pharmacy (southend on sea), using salient bio",,,,,,,,,,,,,,230.0,230.0,230.0,230.0,230.0,
barkerhouse pharmacy,190.0,190.0,190.0,190.0,190.0,190.0,190.0,190.0,190.0,190.0,,,,,,,,,
baseline medicine,189.0,189.0,189.0,189.0,189.0,189.0,189.0,129.0,129.0,129.0,129.0,129.0,129.0,,,,,,129.0
"baseline medicine, using nonacus",,,,,,,,,,,,,,129.0,129.0,129.0,129.0,129.0,
bestway national chemists t/a well pharmacy ltd,,,,,,,,,,,,,,,,,,,130.0
"bestway national chemists t/a well pharmacy ltd, using randox",,,,,,,,,,,,,,130.0,130.0,130.0,130.0,130.0,
better2know,209.0,209.0,209.0,209.0,209.0,209.0,119.0,119.0,119.0,119.0,119.0,119.0,119.0,,,,,,119.0
"better2know, using nationwide, 2030, source bioscience, the doctors laboratory (tdl)",,,,,,,,,,,,,,119.0,119.0,119.0,119.0,119.0,
biograd diagnostic laboratories,198.0,,,,,,,,,,,,,,,,,,
biograd diagnostics,,60.0,,100.0,100.0,100.0,100.0,100.0,100.0,100.0,100.0,100.0,100.0,,,,,,25.0
"biograd diagnostics, using biograd",,,,,,,,,,,,,,25.0,25.0,25.0,25.0,25.0,
biogroup laboratory,162.5,150.0,150.0,150.0,150.0,150.0,150.0,150.0,150.0,150.0,150.0,150.0,150.0,,,,,,150.0
"biogroup laboratory, using yourgene",,,,,,,,,,,,,,150.0,150.0,150.0,150.0,150.0,
biolab london ltd,,,,,,,,,150.0,150.0,150.0,150.0,150.0,,,,,,150.0
"biolab london ltd, using randox laboratories",,,,,,,,,,,,,,150.0,150.0,150.0,150.0,150.0,
biotherapy services,160.0,160.0,160.0,160.0,160.0,160.0,160.0,160.0,160.0,160.0,160.0,160.0,160.0,,,,,,160.0
"biotherapy services, using london medical laboratory",,,,,,,,,,,,,,160.0,160.0,160.0,160.0,160.0,
black and banton,230.0,230.0,230.0,230.0,230.0,230.0,230.0,230.0,230.0,230.0,,,,,,,,,
blackburn travel clinic,190.0,190.0,180.0,180.0,180.0,180.0,180.0,180.0,180.0,180.0,150.0,150.0,150.0,,,,,,150.0
"blackburn travel clinic, using biograd & alphabiolabs",,,,,,,,,,,,,,150.0,150.0,150.0,150.0,150.0,
blindspot global,120.0,120.0,,,,,,60.0,60.0,60.0,120.0,25.0,25.0,,,,,,20.0
blindspot global ltd,,,,,,,160.0,120.0,120.0,120.0,,,,,,,,,
"blindspot global, using randox",,,,,,,,,,,,,,20.0,20.0,20.0,20.0,20.0,
blue horizon medicals,195.0,195.0,195.0,195.0,195.0,195.0,195.0,195.0,195.0,195.0,195.0,195.0,195.0,,,,,,179.0
"blue horizon medicals, using salient bio",,,,,,,,,,,,,,195.0,195.0,195.0,195.0,195.0,
book a travel test,,,,,,,,,,,,,,,,,,,139.0
"book a travel test, using yourgene",,,,,,,,,,,,,,139.0,139.0,139.0,139.0,139.0,
boots uk,160.0,160.0,160.0,160.0,160.0,160.0,160.0,160.0,160.0,160.0,160.0,160.0,160.0,,,,,,145.0
"boots uk, using source bioscience / myhealthchecked",,,,,,,,,,,,,,145.0,145.0,145.0,145.0,145.0,
bristol travel clinic,,,,,,,125.0,125.0,125.0,125.0,125.0,125.0,125.0,,,,,,
brunswick hygiene,178.0,178.0,,,,,,,89.0,89.0,89.0,89.0,89.0,,,,,,89.0
brunswick hygiene ltd,,120.0,115.0,115.0,115.0,115.0,89.0,89.0,89.0,89.0,,,,,,,,,
"brunswick hygiene, using nonacus",,,,,,,,,,,,,,89.0,89.0,89.0,89.0,89.0,
bupa occupational health ltd,,,,149.0,149.0,149.0,149.0,149.0,149.0,149.0,149.0,149.0,149.0,,,,,,149.0
"bupa occupational health ltd, using nonacus",,,,,,,,,,,,,,149.0,149.0,149.0,149.0,149.0,
bupa occupational health ltd.,,,149.0,,,,,,,,,,,,,,,,
c & h esher limited (t/a central pharmacy),,,,,,,,,,,,,,,,,,,195.0
"c & h esher limited (t/a central pharmacy), using randox laboratories",,,,,,,,,,,,,,195.0,195.0,195.0,195.0,195.0,
c & h esher ltd,205.0,205.0,205.0,205.0,205.0,205.0,205.0,205.0,205.0,205.0,,,,,,,,,
"c & h esher ltd t/a central pharmacy, esher",,,,,,,,,205.0,205.0,205.0,205.0,205.0,,,,,,
c-19 direct uk lab alliance by cambrige clinical laboratories & nonocus,,,,,,,,,,,119.95,119.95,119.95,,,,,,
"c-19 direct uk lab alliance by cambrige clinical laboratories & nonocus, using c-19 direct uk lab alliance by cambrige clinical laboratories & nonocus",,,,,,,,,,,,,,119.95,119.95,119.95,119.95,119.95,114.95
"c-19 direct uk lab alliance by cambrige clinical laboratories & nonocus, using c-19 direct uk lab alliance by cambrige clinical laboratories & nonocus, using cambridge clinical laboratories, nonacus",,,,,,,,,,,,,,114.95,114.95,114.95,114.95,114.95,
c19 testing,190.0,190.0,190.0,190.0,190.0,190.0,145.0,145.0,180.0,180.0,180.0,180.0,180.0,,,,,,
calder pharmacy & medspa clinic,250.0,250.0,,,,,,,,,,,,,,,,,
calder pharmacy & medspa clinic of notting hill,,,250.0,250.0,250.0,250.0,250.0,250.0,180.0,180.0,180.0,180.0,180.0,,,,,,99.0
"calder pharmacy & medspa clinic of notting hill, using biogroup, medical diagnosis",,,,,,,,,,,,,,180.0,180.0,180.0,180.0,180.0,
caliber medical services,,100.0,,,,,,,,,,,,,,,,,
candarin medical,200.0,200.0,200.0,200.0,200.0,200.0,200.0,200.0,200.0,200.0,200.0,200.0,200.0,,,,,,200.0
"candarin medical, using salient bio",,,,,,,,,,,,,,200.0,200.0,200.0,200.0,200.0,
caxton pharmacy,240.0,180.0,180.0,180.0,180.0,180.0,180.0,180.0,180.0,180.0,,,,,,,,,
centennial medical care,210.0,210.0,210.0,210.0,210.0,210.0,210.0,210.0,210.0,210.0,210.0,210.0,210.0,,,,,,149.0
"centennial medical care, using nationwide",,,,,,,,,,,,,,149.0,149.0,149.0,149.0,149.0,
chase lodge hospital,,,,,,,,,,,,,,,,,,,249.0
"chase lodge hospital, using randox health",,,,,,,,,,,,,,249.0,249.0,249.0,249.0,249.0,
chb medical,190.0,190.0,190.0,190.0,190.0,190.0,,,,,,,,,,,,,
chb medical ltd,,,190.0,190.0,190.0,190.0,190.0,190.0,190.0,190.0,140.0,140.0,140.0,,,,,,140.0
"chb medical ltd, using biograd",,,,,,,,,,,,,,140.0,140.0,140.0,140.0,140.0,
check my body health,170.0,170.0,170.0,170.0,170.0,170.0,170.0,170.0,133.0,133.0,96.0,160.0,160.0,,,,,,160.0
"check my body health, using 20/30 labs, randox laboratories",,,,,,,,,,,,,,160.0,160.0,160.0,160.0,160.0,
chelsea medical,,,,350.0,350.0,350.0,350.0,350.0,350.0,350.0,350.0,350.0,350.0,,,,,,350.0
"chelsea medical, using circular 1",,,,,,,,,,,,,,350.0,350.0,350.0,350.0,350.0,
chelsea pharmacy medical clinic,,,240.0,240.0,240.0,240.0,240.0,240.0,240.0,240.0,240.0,240.0,240.0,,,,,,250.0
"chelsea pharmacy medical clinic, using salient bio/ oncologica",,,,,,,,,,,,,,250.0,250.0,250.0,250.0,250.0,
"cheltenham, worcester & west midlands travel clinics",,,,,,,159.0,159.0,159.0,159.0,159.0,159.0,159.0,,,,,,159.0
"cheltenham, worcester & west midlands travel clinics, using salient bio",,,,,,,,,,,,,,159.0,159.0,159.0,159.0,159.0,
"cheltenham, worcester and west midlands travel clinics",189.0,189.0,189.0,189.0,189.0,189.0,,,,,,,,,,,,,
chhp and ceritific,139.0,,,,,,,139.0,139.0,139.0,139.0,,,,,,,,139.0
"chhp and ceritific, using salient bio",,,,,,,,,,,,,,139.0,139.0,139.0,139.0,139.0,
chronomics,175.0,175.0,175.0,175.0,175.0,175.0,175.0,175.0,175.0,175.0,,,,,,,,,170.0
"chronomics, using nonacus, oncologica, dante labs, acculabs",,,,,,,,,,,,,,170.0,170.0,170.0,170.0,170.0,
cht,349.0,349.0,349.0,349.0,349.0,349.0,349.0,324.0,324.0,324.0,299.0,299.0,299.0,,,,,,299.0
"cht, using oncologica",,,,,,,,,,,,,,299.0,299.0,299.0,299.0,299.0,
church pharmacy,180.0,180.0,180.0,180.0,180.0,180.0,180.0,180.0,180.0,180.0,,,,,,,,,
church pharmacy weybridge,,,,,,,,,,,180.0,180.0,180.0,,,,,,180.0
"church pharmacy weybridge, using randox and nonacus",,,,,,,,,,,,,,180.0,180.0,180.0,180.0,180.0,
cignpost diagnostics,,,,,,,129.0,129.0,129.0,129.0,129.0,129.0,129.0,,,,,,129.0
"cignpost diagnostics, using yourgene health uk ltd and nonacus ltd",,,,,,,,,,,,,,129.0,129.0,129.0,129.0,129.0,
circular 1 health ltd,,198.0,198.0,198.0,198.0,198.0,198.0,198.0,198.0,198.0,198.0,198.0,198.0,,,,,,198.0
"circular 1 health ltd, using nonacus, circular 1 health",,,,,,,,,,,,,,198.0,198.0,198.0,198.0,198.0,
citydoc medical,160.0,160.0,,,,,,,,,,,,,,,,,
citydoc medical limited,,130.0,160.0,160.0,160.0,160.0,160.0,142.66666666666666,142.66666666666666,142.66666666666666,134.0,134.0,134.0,,,,,,130.0
"citydoc medical limited, using salient, yourgene, oncologica",,,,,,,,,,,,,,130.0,130.0,130.0,130.0,130.0,
ck doctors covid travel clinics,,,,,,,,,30.0,30.0,125.0,125.0,125.0,,,,,,
"ck doctors covid travel clinics, using oncologica",,,,,,,,,,,,,,23.5,23.5,23.5,23.5,23.5,
claret diagnostics ltd,,169.0,169.0,169.0,169.0,169.0,169.0,169.0,169.0,169.0,169.0,169.0,169.0,,,,,,149.0
"claret diagnostics ltd, using north london laboratory",,,,,,,,,,,,,,149.0,149.0,149.0,149.0,149.0,
clear diagnostics,,,,,,,,,,,,,,,,,,,165.0
clear diagnostics ltd,,215.0,215.0,215.0,215.0,215.0,215.0,215.0,215.0,215.0,215.0,215.0,215.0,,,,,,
"clear diagnostics, using randox, acculabs,circular 1",,,,,,,,,,,,,,165.0,165.0,165.0,165.0,165.0,
clinicare uk,210.0,210.0,210.0,210.0,210.0,210.0,210.0,210.0,210.0,210.0,,,,,,,,,170.0
"clinicare uk, using nonacus and everything genetic",,,,,,,,,,,,,,170.0,170.0,170.0,170.0,170.0,
clnq,,,,,,,,,,,,195.0,195.0,,,,,,195.0
"clnq, using tdl and randox",,,,,,,,,,,,,,195.0,195.0,195.0,195.0,195.0,
coker chest clinic,310.0,155.0,155.0,310.0,310.0,310.0,310.0,310.0,310.0,310.0,160.0,160.0,160.0,,,,,,160.0
"coker chest clinic, using medical diagnosis",,,,,,,,,,,,,,160.0,160.0,160.0,160.0,160.0,
collingwood health,189.0,189.0,189.0,189.0,189.0,189.0,189.0,189.0,189.0,189.0,189.0,189.0,189.0,,,,,,169.0
"collingwood health, using nonacus",,,,,,,,,,,,,,169.0,169.0,169.0,169.0,169.0,
collinson,165.0,165.0,165.0,165.0,165.0,165.0,165.0,165.0,165.0,165.0,165.0,165.0,165.0,,,,,,138.0
"collinson, using alphabiolabs, circular1 , dante labs, igenomix, oncologica",,,,,,,,,,,,,,165.0,165.0,165.0,165.0,165.0,
"complete covid tests, using oncologica",,,,,,,,,,,,,,20.0,20.0,20.0,20.0,20.0,
concepto clinic,159.0,159.0,159.0,159.0,159.0,159.0,159.0,159.0,159.0,,,159.0,159.0,,,,,,129.0
"concepto clinic, using oncologica, tdl (the doctors laboratory), cambridge clinical laboratory",,,,,,,,,,,,,,159.0,159.0,159.0,159.0,159.0,
concierge medical,210.0,210.0,210.0,210.0,210.0,210.0,210.0,210.0,210.0,210.0,210.0,210.0,210.0,,,,,,
concierge medical practice,,,,,,,,,,,,,,,,,,,160.0
"concierge medical, using nationwide pathology",,,,,,,,,,,,,,210.0,210.0,210.0,210.0,210.0,
confirm testing,180.0,175.0,175.0,175.0,175.0,175.0,114.0,60.0,60.0,60.0,35.0,35.0,35.0,,,,,,20.0
"confirm testing limited, using oncologica",,,,,,,,,,,,,,20.0,20.0,20.0,20.0,20.0,
consultant clinic,175.0,175.0,175.0,175.0,155.0,155.0,135.0,135.0,135.0,130.0,130.0,,,,,,,,119.0
"consultant clinic, using randox, biograd",,,,,,,,,,,,,,119.0,119.0,119.0,119.0,119.0,
coop pharmacy,,,,,,,,,,,,,,,,,,,107.0
"coop pharmacy, using randox laboratories",,,,,,,,,,,,,,107.0,107.0,107.0,107.0,107.0,
corona test centre,229.0,229.0,229.0,229.0,229.0,229.0,229.0,229.0,229.0,229.0,229.0,229.0,229.0,,,,,,
"corona test centre, using 20/30 labs, source bioscience",,,,,,,,,,,,,,229.0,229.0,229.0,229.0,229.0,
corona testing,,,,,,,,,,,,,,,,,,,165.0
"corona testing, using oncologica",,,,,,,,,,,,,,149.0,149.0,149.0,149.0,149.0,
corona-testing,,,,,,,,,,,,,,,,,,,20.0
coronafocus by oncologica uk,150.0,,,,,,,,,,,,,,,,,,
coronafocus by oncologica uk ltd (t/a oncologica uk ltd),,150.0,120.0,120.0,120.0,120.0,105.0,105.0,105.0,105.0,105.0,105.0,105.0,,,,,,105.0
"coronafocus by oncologica uk ltd (t/a oncologica uk ltd), using none - all done in house",,,,,,,,,,,,,,105.0,105.0,105.0,105.0,105.0,
corporate covid tests,225.0,,,,,,,,,,,,,,,,,,
cosmebeaute,298.0,298.0,,,,,,,,,,,,,,,,,
courtfield private practice,270.0,270.0,270.0,270.0,270.0,270.0,270.0,270.0,270.0,270.0,,,,,,,,,270.0
"courtfield private practice, using circular1",,,,,,,,,,,,,,270.0,270.0,270.0,270.0,270.0,
cov19 care,195.0,195.0,,,,,,,,,,,,,,,,,
cov19care ltd,,195.0,195.0,195.0,195.0,195.0,195.0,195.0,195.0,195.0,195.0,195.0,195.0,,,,,,149.0
"cov19care ltd, using lab med expert",,,,,,,,,,,,,,195.0,195.0,195.0,195.0,195.0,
covguard,194.0,194.0,194.0,194.0,194.0,194.0,194.0,194.0,194.0,194.0,194.0,194.0,194.0,,,,,,
covguard premium,,,,,,,,,,,,,,,,,,,134.0
"covguard, using nonacus",,,,,,,,,,,,,,174.0,174.0,174.0,174.0,174.0,
covid 19 private test ltd,,,199.0,199.0,199.0,199.0,199.0,199.0,199.0,199.0,,,,,,,,,154.99
"covid 19 private test ltd, using salient bio",,,,,,,,,,,,,,154.99,154.99,154.99,154.99,154.99,
covid clear clinic,169.0,169.0,169.0,169.0,169.0,169.0,169.0,169.0,169.0,169.0,169.0,169.0,169.0,,,,,,169.0
"covid clear clinic, using nonacus",,,,,,,,,,,,,,169.0,169.0,169.0,169.0,169.0,
"covid fit to fly tes t/a nash travel, tourism and transport services ltd.",,,,184.99,184.99,184.99,,,,,,,,,,,,,
covid mobile health services/remote trauma ld,,,,,,,,,,,,,,,,,,,199.0
"covid mobile health services/remote trauma ld, using salient bio",,,,,,,,,,,,,,199.0,199.0,199.0,199.0,199.0,
covid smart limited,169.0,169.0,169.0,169.0,169.0,169.0,169.0,169.0,169.0,169.0,169.0,169.0,169.0,,,,,,169.0
"covid smart limited, using salient bio",,,,,,,,,,,,,,169.0,169.0,169.0,169.0,169.0,
covid test,,,,,,,,,,,,,,,,,,,130.0
"covid test centre, using source bioscience, dante",,,,,,,,,,,,,,21.0,21.0,21.0,21.0,21.0,
covid test hub,,,,,,,,,,,,,,,,,,,159.0
"covid test hub, using randox",,,,,,,,,,,,,,159.0,159.0,159.0,159.0,159.0,
covid test pick and drop,,,,,,,,,,99.0,,,,,,,,,
covid test today,,,,,,,,,,,,,,,,,,,140.0
"covid test today, using source bioscience",,,,,,,,,,,,,,140.0,140.0,140.0,140.0,140.0,
covid testing laboraratories,,,,,,,,,,,,,,,,,,,110.0
covid testing laboratories,199.0,198.0,198.0,198.0,198.0,198.0,149.0,149.0,149.0,149.0,149.0,110.0,110.0,,,,,,
covid testing laboratories ltd,,,135.0,135.0,135.0,135.0,135.0,135.0,,,,,,,,,,,
"covid testing laboratories, using noacus peplobio",,,,,,,,,,,,,,110.0,110.0,110.0,110.0,110.0,
covid travel clinics,,,,,,,90.0,51.0,,,,,,,,,,,
"covid-19 travel clinic, using oncologica",,,,,,,,,,,,,,20.166666666666668,20.166666666666668,20.166666666666668,20.166666666666668,20.166666666666668,
covid19 checking,,,,,,,,,,,,175.0,175.0,,,,,,175.0
"covid19 checking, using oncologica, yourgene health",,,,,,,,,,,,,,175.0,175.0,175.0,175.0,175.0,
covid19 health clinics limited,,,,,,,199.0,199.0,199.0,199.0,199.0,199.0,199.0,,,,,,199.0
"covid19 health clinics limited, using 2030 labs",,,,,,,,,,,,,,199.0,199.0,199.0,199.0,199.0,
covidfly,,,,,,,,,,,150.0,75.0,75.0,,,,,,
"covidfly, using nonacus",,,,,,,,,,,,,,40.0,40.0,40.0,40.0,40.0,
covido,,190.0,190.0,190.0,190.0,190.0,190.0,190.0,190.0,190.0,190.0,190.0,190.0,,,,,,160.0
"covido, using oncologica",,,,,,,,,,,,,,160.0,160.0,160.0,160.0,160.0,
covitests,175.0,175.0,175.0,175.0,175.0,175.0,175.0,175.0,175.0,175.0,175.0,175.0,175.0,,,,,,175.0
"covitests, using nonacus",,,,,,,,,,,,,,175.0,175.0,175.0,175.0,175.0,
coyne medical,249.0,249.0,249.0,249.0,249.0,249.0,249.0,249.0,249.0,249.0,249.0,249.0,249.0,,,,,,
coyne medical ltd,,,,,,,,,,,,,,,,,,,209.0
"coyne medical, using medical diagnosis",,,,,,,,,,,,,,249.0,249.0,249.0,249.0,249.0,
cq doctor,,,170.0,170.0,170.0,170.0,169.5,169.5,169.5,169.0,149.0,149.0,149.0,,,,,,149.0
"cq doctor, using cambridge clinical laboratories, randox",,,,,,,,,,,,,,149.0,149.0,149.0,149.0,149.0,
crown laboratories ltd,,,,,,,,,,55.0,55.0,,,,,,,,125.0
cryo express,199.0,199.0,199.0,199.0,199.0,199.0,199.0,199.0,199.0,199.0,199.0,199.0,199.0,,,,,,199.0
"cryo express, using biograd",,,,,,,,,,,,,,199.0,199.0,199.0,199.0,199.0,
ct24 solutions ltd,190.0,152.5,,115.0,115.0,115.0,85.0,85.0,85.0,85.0,85.0,,,,,,,,
"ct24 solutions ltd, using lab med expert ltd",,,,,,,,,,,,,,85.0,85.0,85.0,85.0,85.0,
ctm (nhs t&t),170.0,170.0,170.0,170.0,170.0,170.0,170.0,170.0,170.0,170.0,170.0,170.0,170.0,170.0,170.0,170.0,170.0,170.0,136.0
d&a screening ltd,,,149.0,149.0,149.0,149.0,159.0,159.0,159.0,159.0,159.0,159.0,159.0,,,,,,159.0
"d&a screening ltd, using source bioscience",,,,,,,,,,,,,,159.0,159.0,159.0,159.0,159.0,
dajani pharmacy,,,200.0,200.0,200.0,200.0,200.0,200.0,200.0,200.0,200.0,200.0,200.0,,,,,,200.0
"dajani pharmacy, using randox",,,,,,,,,,,,,,200.0,200.0,200.0,200.0,200.0,
dante labs,116.0,116.0,116.0,116.0,116.0,116.0,116.0,84.0,84.0,84.0,84.0,84.0,84.0,,,,,,84.0
"dante labs, using dante labs",,,,,,,,,,,,,,84.0,84.0,84.0,84.0,84.0,
daya pharmacy,,170.0,170.0,170.0,170.0,170.0,85.0,50.0,50.0,50.0,170.0,170.0,170.0,,,,,,85.0
"daya pharmacy, using randox laboratory and alpha bio labs",,,,,,,,,,,,,,85.0,85.0,85.0,85.0,85.0,
dears pharmacy & travel clinic,195.0,195.0,195.0,195.0,195.0,195.0,195.0,195.0,195.0,195.0,195.0,195.0,195.0,,,,,,195.0
"dears pharmacy & travel clinic, using randox",,,,,,,,,,,,,,195.0,195.0,195.0,195.0,195.0,
dgc health ltd,,,200.0,200.0,200.0,200.0,165.0,165.0,165.0,165.0,165.0,165.0,165.0,,,,,,165.0
"dgc health ltd, using labmedexpert",,,,,,,,,,,,,,165.0,165.0,165.0,165.0,165.0,
digital health group ltd t/a pharma diagnostics,,,,,,,,,,,,24.0,24.0,,,,,,
"digital health group ltd t/a pharma diagnostics, using oncologica, north london laboratory",,,,,,,,,,,,,,198.0,198.0,198.0,198.0,198.0,
dna workplace,175.0,175.0,175.0,175.0,175.0,175.0,135.0,135.0,135.0,135.0,120.0,60.0,60.0,,,,,,60.0
"dna workplace, using nonacus, oncologica",,,,,,,,,,,,,,60.0,60.0,60.0,60.0,60.0,
dochq.co.uk,,,,,,,,,,,205.0,205.0,205.0,,,,,,205.0
"dochq.co.uk, using synlab uk",,,,,,,,,,,,,,205.0,205.0,205.0,205.0,205.0,
doctap,228.0,228.0,,,,,,,,,,,,,,,,,148.0
doctap ltd,,,228.0,228.0,228.0,228.0,228.0,228.0,228.0,228.0,218.0,218.0,218.0,,,,,,
"doctap ltd, using randox laboratory and salient bio laboratory",,,,,,,,,,,,,,188.0,188.0,188.0,188.0,188.0,
doctor driver assessment ltd,195.0,189.0,189.0,189.0,189.0,189.0,94.5,54.5,54.5,54.5,94.5,94.5,94.5,,,,,,34.99
"doctor driver assessment ltd, using oncologica and nationwide pathology ltd",,,,,,,,,,,,,,34.99,34.99,34.99,34.99,34.99,
doctorcall limited,175.0,175.0,,,,,175.0,175.0,175.0,175.0,175.0,175.0,175.0,,,,,,175.0
"doctorcall limited, using randox, oncologica",,,,,,,,,,,,,,175.0,175.0,175.0,175.0,175.0,
doctors clinic group,219.0,219.0,219.0,219.0,219.0,219.0,198.0,198.0,198.0,198.0,198.0,198.0,198.0,,,,,,198.0
"doctors clinic group, using oncologica uk limited, randox",,,,,,,,,,,,,,198.0,198.0,198.0,198.0,198.0,
doctors covid travel clinics,,,,,,,,,,,,,,,,,,,125.0
dorset private gp,,,,240.0,240.0,240.0,230.0,230.0,230.0,230.0,220.0,220.0,220.0,,,,,,220.0
"dorset private gp, using alphabiolabs",,,,,,,,,,,,,,220.0,220.0,220.0,220.0,220.0,
dr mo private clinic,378.0,378.0,378.0,378.0,378.0,378.0,378.0,378.0,378.0,378.0,378.0,378.0,378.0,,,,,,
dr mo private clinic norwich,,,,,,,,,,,,,,,,,,,198.0
"dr mo private clinic, using oncologica",,,,,,,,,,,,,,378.0,378.0,378.0,378.0,378.0,
dr shilpa dave private gp teddington,,,,,,,,,250.0,250.0,250.0,250.0,250.0,,,,,,250.0
"dr shilpa dave private gp teddington, using circular1",,,,,,,,,,,,,,250.0,250.0,250.0,250.0,250.0,
dr tim lebens,290.0,290.0,290.0,290.0,290.0,290.0,273.33,273.33,273.33,273.33,273.33,273.33,273.33,,,,,,273.33
"dr tim lebens, using nonacus",,,,,,,,,,,,,,273.33,273.33,273.33,273.33,273.33,
dr wayne cottrell,,,,,,,,,,,,,,,,,,,198.0
"dr wayne cottrell, private gp canary wharf",230.0,230.0,230.0,230.0,230.0,230.0,230.0,198.0,198.0,198.0,198.0,198.0,198.0,,,,,,
"dr wayne cottrell, using salient labs",,,,,,,,,,,,,,198.0,198.0,198.0,198.0,198.0,
dr. shilpa dave private gp teddington,,,,250.0,250.0,250.0,250.0,250.0,,,,,,,,,,,
dr. wayne cotrell & co.,,,,,,,200.0,,,,,,,,,,,,
duality health,,,,,,,,,,,,,,,,,,,220.0
"duality health, using randox",,,,,,,,,,,,,,220.0,220.0,220.0,220.0,220.0,
east midlands laser and cosmetic clinic ltd,230.0,230.0,230.0,230.0,230.0,230.0,,,,,,,,,,,,,190.0
"east midlands laser and cosmetic clinic ltd, using source bioscience, nationwide pathology",,,,,,,,,,,,,,190.0,190.0,190.0,190.0,190.0,
easter pharmacy,210.0,180.0,180.0,180.0,180.0,180.0,180.0,180.0,180.0,180.0,180.0,180.0,180.0,,,,,,180.0
"easter pharmacy, using everything genetics",,,,,,,,,,,,,,180.0,180.0,180.0,180.0,180.0,
easy testing,199.0,195.0,195.0,195.0,195.0,195.0,,,,,,,,,,,,,
easy testing ltd,,,195.0,195.0,195.0,195.0,195.0,195.0,195.0,195.0,195.0,195.0,195.0,,,,,,150.0
"easy testing ltd, using randox, em analytics",,,,,,,,,,,,,,150.0,150.0,150.0,150.0,150.0,
edgbaston private medical practice,,,199.0,199.0,199.0,199.0,199.0,199.0,199.0,199.0,199.0,199.0,199.0,,,,,,199.0
"edgbaston private medical practice, using nonacus",,,,,,,,,,,,,,199.0,199.0,199.0,199.0,199.0,
edgcare private community family doctors,,,,,,,200.0,200.0,200.0,200.0,200.0,200.0,200.0,,,,,,200.0
"edgcare private community family doctors, using medical diagnosis",,,,,,,,,,,,,,200.0,200.0,200.0,200.0,200.0,
effect doctors,,,,,,,198.0,198.0,198.0,198.0,198.0,198.0,198.0,,,,,,175.0
"effect doctors, using oncologica and nationwide",,,,,,,,,,,,,,175.0,175.0,175.0,175.0,175.0,
elements medical,198.0,198.0,198.0,198.0,198.0,198.0,198.0,198.0,198.0,198.0,198.0,150.0,150.0,,,,,,130.0
"elements medical, using randox",,,,,,,,,,,,,,150.0,150.0,150.0,150.0,150.0,
elite safety clinic,,,,,,,,,,,,249.99,249.99,,,,,,249.99
"elite safety clinic, using circular 1",,,,,,,,,,,,,,249.99,249.99,249.99,249.99,249.99,
empire medicines ltd t/a empire pharmacy,,,,,,,,,,,,,,,,,,,180.0
"empire medicines ltd t/a empire pharmacy, using yourgene",,,,,,,,,,,,,,180.0,180.0,180.0,180.0,180.0,
enoura medical (af aesthetics),,,,,,,159.0,159.0,159.0,159.0,159.0,159.0,159.0,,,,,,
epistem,,,,,,,,,,,,,,,,,,,149.0
est-health wellness clinic,,185.0,185.0,185.0,185.0,185.0,185.0,185.0,185.0,185.0,185.0,185.0,185.0,,,,,,139.0
"est-health wellness clinic, using randox laboratories",,,,,,,,,,,,,,139.0,139.0,139.0,139.0,139.0,
eurofins,,,,,,,,,,,,98.9,98.9,,,,,,40.0
eurofins forensic services,98.9,600.0,,,,,,,,,,,,,,,,,
eurofins forensic services ltd,,,,,,,,98.9,98.9,98.9,,,,,,,,,
"eurofins, using eurofins using eurofins forensic services ltd, eurofins biomnis uk ltd, eurofins county pathology uk ltd and working with external partner dante labs for sequencing",,,,,,,,,,,,,,60.0,60.0,60.0,60.0,60.0,
everwell chinese medical centre ltd,,,,,,,,,,,,,,,,,,,159.0
"everwell chinese medical centre ltd, using alphabiolabs",,,,,,,,,,,,,,159.0,159.0,159.0,159.0,159.0,
everything genetic,149.0,,,,,,,,,,,,,,,,,,
everything genetic limited,,,,,,,,,,,,,,,,,,,115.0
everything genetic ltd,119.0,119.0,109.0,,119.0,119.0,99.0,99.0,119.0,119.0,119.0,119.0,119.0,,,,,,
"everything genetic ltd, using nonacus",,,,,,,,,,,,,,115.0,115.0,115.0,115.0,115.0,
evolve medical,175.0,175.0,175.0,175.0,175.0,175.0,175.0,175.0,175.0,175.0,175.0,175.0,175.0,,,,,,
excalibur diagnostics ltd,,,,,,,,,,,,,,,,,,,145.0
"excalibur diagnostics ltd, using excalibur diagnostics ltd",,,,,,,,,,,,,,145.0,145.0,145.0,145.0,145.0,
expert doctors,,,,,,,59.99,70.0,32.0,24.0,9.99,117.99,117.99,,,,,,20.0
expert medicals,160.0,160.0,,85.0,85.0,85.0,60.0,60.0,60.0,60.0,13.99,70.0,70.0,,,,,,70.0
"expert medicals, using oncologica, nonacus, expert medicals",,,,,,,,,,,,,,70.0,70.0,70.0,70.0,70.0,
expert tms limited,148.0,148.0,112.0,112.0,112.0,112.0,49.99,42.49,42.49,24.99,4.99,119.99,119.99,,,,,,
"expert tms limited, using biograd and nonacus",,,,,,,,,,,,,,20.0,20.0,20.0,20.0,20.0,
expresstest by cignpost diagnostics,189.0,189.0,189.0,189.0,189.0,189.0,129.0,129.0,129.0,129.0,129.0,129.0,129.0,,,,,,129.0
"expresstest by cignpost diagnostics, using yourgene health uk ltd and nonacus ltd",,,,,,,,,,,,,,129.0,129.0,129.0,129.0,129.0,
fakir chemist,155.0,155.0,155.0,155.0,155.0,155.0,155.0,155.0,155.0,155.0,155.0,155.0,155.0,,,,,,155.0
"fakir chemist, using nonacus",,,,,,,,,,,,,,155.0,155.0,155.0,155.0,155.0,
family medics,199.0,199.0,,,,,159.0,159.0,159.0,159.0,159.0,159.0,159.0,,,,,,
"family medics, using randox",,,,,,,,,,,,,,159.0,159.0,159.0,159.0,159.0,
first medical consultants,220.0,220.0,220.0,220.0,220.0,220.0,199.0,199.0,199.0,199.0,199.0,199.0,199.0,,,,,,185.0
"first medical consultants, using biograd",,,,,,,,,,,,,,199.0,199.0,199.0,199.0,199.0,
fit to fly uk,,,,,,,157.5,157.5,157.5,157.5,150.0,150.0,150.0,,,,,,45.0
"fit to fly uk, using randox and anglia dna",,,,,,,,,,,,,,45.0,45.0,45.0,45.0,45.0,
fit2fly24/7 ltd,,,169.98,169.98,169.98,169.98,169.98,169.98,169.98,169.98,169.98,169.98,169.98,,,,,,169.98
"fit2fly24/7 ltd, using circular 1 health",,,,,,,,,,,,,,169.98,169.98,169.98,169.98,169.98,
fitnessgenes,169.0,159.0,159.0,159.0,159.0,159.0,154.0,154.0,149.0,149.0,149.0,149.0,149.0,,,,,,
flow living medi-care services,190.0,170.0,170.0,180.0,180.0,180.0,190.0,190.0,190.0,190.0,190.0,190.0,190.0,,,,,,190.0
"flow living medi-care services, using oncologica and randox",,,,,,,,,,,,,,190.0,190.0,190.0,190.0,190.0,
flysurance,,,,,,,,,,,,,,,,,,,156.0
"flysurance, using randox",,,,,,,,,,,,,,156.0,156.0,156.0,156.0,156.0,
forensic genomics innovation hub ltd,,,,,,,159.0,159.0,159.0,159.0,159.0,159.0,159.0,,,,,,
fusion pharmacy,195.0,195.0,195.0,195.0,195.0,195.0,195.0,195.0,195.0,195.0,195.0,195.0,195.0,,,,,,195.0
"fusion pharmacy, using nonacus",,,,,,,,,,,,,,195.0,195.0,195.0,195.0,195.0,
fusion radiology,196.0,196.0,196.0,196.0,196.0,196.0,,,,,,,,,,,,,
fusion radiology ltd,,180.0,,,,,160.0,155.0,155.0,155.0,150.0,150.0,150.0,,,,,,150.0
"fusion radiology ltd, using oncologica",,,,,,,,,,,,,,150.0,150.0,150.0,150.0,150.0,
future health technologies,195.0,195.0,195.0,195.0,195.0,195.0,,,,,,,,,,,,,
future health technologies limited,,,,,,,99.0,99.0,99.0,99.0,19.0,99.0,99.0,,,,,,50.0
"future health technologies limited, using oncologica",,,,,,,,,,,,,,50.0,50.0,50.0,50.0,50.0,
future healthcare ltd,,,,,,,,,,,,,,,,,,,186.0
"future healthcare ltd, using salient bio",,,,,,,,,,,,,,186.0,186.0,186.0,186.0,186.0,
g16 covid testing,195.0,195.0,195.0,195.0,195.0,195.0,195.0,,,,,219.0,219.0,,,,,,
"g16 covid testing, using oncologica, anglia dna",,,,,,,,,,,,,,59.5,59.5,59.5,59.5,59.5,
genesis support (t/a fit to fly uk),,185.0,185.0,185.0,185.0,185.0,,,,,,,,,,,,,
ghosh medical group,250.0,250.0,250.0,250.0,250.0,250.0,250.0,250.0,250.0,250.0,250.0,250.0,250.0,,,,,,99.0
"ghosh medical group, using randox and em analytical",,,,,,,,,,,,,,99.0,99.0,99.0,99.0,99.0,
global express travel health clinic,210.0,210.0,210.0,210.0,210.0,210.0,210.0,210.0,210.0,210.0,210.0,210.0,210.0,,,,,,
global express travel health clinic ltd,,,,,,,,,,,,,,,,,,,185.0
"global express travel health clinic ltd, using nonacus",,,,,,,,,,,,,,185.0,185.0,185.0,185.0,185.0,
global health travel clinic,200.0,200.0,200.0,200.0,200.0,200.0,,,,,,,,,,,,,
global health travel clinic - longcross surrey,,,,200.0,200.0,200.0,200.0,200.0,200.0,200.0,200.0,200.0,200.0,,,,,,200.0
"global health travel clinic - longcross surrey, using halo verify, circular 1",,,,,,,,,,,,,,200.0,200.0,200.0,200.0,200.0,
good egg medical,200.0,189.0,189.0,189.0,189.0,189.0,170.0,170.0,170.0,170.0,170.0,95.0,95.0,,,,,,
good egg medical limited,,,,,,,,,,,,,,,,,,,145.0
"good egg medical limited, using salient bio and medical diagnosis",,,,,,,,,,,,,,145.0,145.0,145.0,145.0,145.0,
goodbody clinic,215.0,215.0,215.0,215.0,215.0,215.0,215.0,215.0,215.0,215.0,215.0,215.0,215.0,,,,,,215.0
"goodbody clinic, using nonacus",,,,,,,,,,,,,,215.0,215.0,215.0,215.0,215.0,
gpdq,198.0,198.0,198.0,198.0,198.0,198.0,198.0,198.0,198.0,198.0,,,,,,,,,
gpdq ltd,,,,,,,198.0,198.0,198.0,198.0,198.0,198.0,198.0,,,,,,198.0
"gpdq ltd, using circular 1 and 20/30 labs",,,,,,,,,,,,,,198.0,198.0,198.0,198.0,198.0,
guildhall pharmacy,,,,,,,,,,,,,,,,,,,135.0
"guildhall pharmacy, using randox laboratories ltd",,,,,,,,,,,,,,135.0,135.0,135.0,135.0,135.0,
hale clinic harley street,,,260.0,130.0,130.0,130.0,95.0,95.0,49.0,49.0,260.0,,,,,,,,38.0
"hale clinic harley street, using randox laboratories, medical diagnosis london",,,,,,,,,,,,,,199.0,199.0,199.0,199.0,199.0,
halo verify,,178.0,178.0,168.5,168.5,168.5,159.0,159.0,159.0,159.0,159.0,159.0,159.0,,,,,,159.0
"halo verify, using halo verify",,,,,,,,,,,,,,159.0,159.0,159.0,159.0,159.0,
hampshire travel clinic,220.0,220.0,220.0,220.0,220.0,220.0,220.0,220.0,220.0,220.0,220.0,220.0,220.0,,,,,,220.0
"hampshire travel clinic, using oncologica, igenomix",,,,,,,,,,,,,,220.0,220.0,220.0,220.0,220.0,
"hampstead heath pharmacy, travel health & vaccination clinic",220.0,220.0,220.0,220.0,220.0,220.0,220.0,220.0,220.0,220.0,220.0,220.0,220.0,,,,,,220.0
"hampstead heath pharmacy, travel health & vaccination clinic, using randox, london medical laboratory",,,,,,,,,,,,,,220.0,220.0,220.0,220.0,220.0,
harley medic international,,,,,,,,,,,99.0,,,,,,,,
"harley medic international, using oncologica and biogroup",,,,,,,,,,,,,,29.0,29.0,29.0,29.0,29.0,
harley street dr,,,,,,,225.0,225.0,225.0,225.0,225.0,225.0,225.0,,,,,,225.0
"harley street dr, using medical diagnosis",,,,,,,,,,,,,,225.0,225.0,225.0,225.0,225.0,
harley street nurses,210.0,210.0,,,,,,,,,,,,,,,,,
harley street nurses ltd,,,,,,,111.0,111.0,111.0,111.0,111.0,111.0,111.0,,,,,,
harleys pharmacy,210.0,210.0,210.0,210.0,210.0,210.0,210.0,210.0,210.0,210.0,210.0,,,,,,,,
harper institute ltd,,,,,,,,,,,,,,,,,,,125.0
"harper medical ltd, using randox",,,,,,,,,,,,,,380.0,380.0,380.0,380.0,380.0,
harveyrhys clinic,150.0,150.0,150.0,150.0,150.0,150.0,150.0,150.0,150.0,150.0,150.0,,,,,,,,
hawkes health,,,,210.0,210.0,210.0,180.0,180.0,180.0,180.0,180.0,180.0,180.0,,,,,,180.0
"hawkes health, using randox",,,,,,,,,,,,,,180.0,180.0,180.0,180.0,180.0,
heald green pharmacy,,,150.0,150.0,150.0,150.0,150.0,150.0,150.0,150.0,150.0,150.0,150.0,,,,,,150.0
"heald green pharmacy, using randox",,,,,,,,,,,,,,150.0,150.0,150.0,150.0,150.0,
healthclic,345.0,345.0,345.0,345.0,345.0,345.0,345.0,345.0,345.0,345.0,345.0,345.0,345.0,,,,,,270.0
"healthclic, using tdl, nationwide pathology",,,,,,,,,,,,,,270.0,270.0,270.0,270.0,270.0,
healthium clinics,134.0,129.0,112.0,112.0,112.0,112.0,112.0,112.0,112.0,112.0,86.0,86.0,86.0,,,,,,108.0
"healthium clinics, using biograd & andersen caledonia",,,,,,,,,,,,,,112.0,112.0,112.0,112.0,112.0,
healthwork,220.0,,,,,,,,,,,,,,,,,,
healthwork ltd,,220.0,220.0,220.0,220.0,220.0,220.0,220.0,220.0,220.0,220.0,220.0,220.0,,,,,,
healthyaa clinic,159.0,159.0,159.0,148.0,148.0,148.0,148.0,148.0,148.0,148.0,148.0,148.0,148.0,,,,,,148.0
"healthyaa clinic, using nonacus",,,,,,,,,,,,,,148.0,148.0,148.0,148.0,148.0,
heart lung centre,250.0,250.0,250.0,250.0,250.0,250.0,250.0,250.0,,,,,,,,,,,
heathrow medical services,175.0,175.0,175.0,175.0,175.0,175.0,175.0,160.0,160.0,160.0,160.0,160.0,160.0,,,,,,
heathrow medical services llp,,,,,,,,,,,,,,,,,,,154.0
"heathrow medical services, using randox, oncologica",,,,,,,,,,,,,,160.0,160.0,160.0,160.0,160.0,
helix services limited also t/a travel test assured,,,,,,,170.0,160.0,160.0,160.0,160.0,160.0,160.0,,,,,,160.0
"helix services limited also t/a travel test assured, using integrated pathology solutions llp, 20/30 labs, oncologica",,,,,,,,,,,,,,160.0,160.0,160.0,160.0,160.0,
herts,,,95.0,,,,,,,,,,,,,,,,
hhh diagnostics,,,,,,,59.0,41.99,38.99,,12.49,139.99,139.99,,,,,,129.99
"hhh diagnostics, using circular 1 and source bio science",,,,,,,,,,,,,,22.0,22.0,22.0,22.0,22.0,
home2lab,200.0,220.0,220.0,220.0,220.0,220.0,220.0,220.0,220.0,220.0,,,,,,,,,
https://private-testing-providers.london.cloudapps.digital/refresh-cache?id=750482,,,,,,,225.0,225.0,225.0,225.0,225.0,,,,,,,,
i-gen testing,189.0,189.0,,,,,,,,,,,,,,,,,
i-gen testing limited,,205.0,205.0,154.0,154.0,154.0,98.0,98.0,98.0,98.0,98.0,29.0,29.0,,,,,,98.0
"i-gen testing limited, using oncologica",,,,,,,,,,,,,,98.0,98.0,98.0,98.0,98.0,
ihomecare,,,,,,,,,,,,,,,,,,,130.0
"ihomecare, using the doctors laboratory",,,,,,,,,,,,,,130.0,130.0,130.0,130.0,130.0,
ingleton pharmacy,220.0,220.0,220.0,220.0,220.0,220.0,220.0,220.0,220.0,220.0,,,,,,,,,
insta care solutions limited,,,,,,,,,,,,,,,,,,,125.0
"insta care solutions limited, using medical diagnosis ltd",,,,,,,,,,,,,,125.0,125.0,125.0,125.0,125.0,
iq doctor,159.0,159.0,159.0,159.0,159.0,159.0,159.0,119.5,,,,,,,,,,,
iqdoctor,,,,,,,,,120.0,120.0,89.0,89.0,89.0,,,,,,84.0
"iqdoctor, using oncologica, yourgene, randox",,,,,,,,,,,,,,89.0,89.0,89.0,89.0,89.0,
isac labs ltd,,,,,,,,,,,,,,,,,,,150.0
jace medical,,,,,,,,,,,,,,,,,,,179.0
jdoc medical limited,,,,,,,,75.0,75.0,75.0,,,,,,,,,144.0
jdoc medical limited ( t/a jdoc365),,,,,,,,,,,145.0,145.0,145.0,,,,,,
jdoc medical limited (t/a jdoc365),,,175.0,175.0,175.0,175.0,175.0,175.0,175.0,175.0,,,,,,,,,
"jdoc medical limited, using oncologica, medical diagnosis limited",,,,,,,,,,,,,,144.0,144.0,144.0,144.0,144.0,
jdoc medical linited (t/a jdoc365),,,,,,,175.0,175.0,175.0,175.0,,,,,,,,,
john bell & croyden,185.0,185.0,185.0,,,,,,,,,,,,,,,,
js biomedical ltd,,150.0,,175.0,175.0,175.0,175.0,175.0,175.0,175.0,175.0,175.0,175.0,,,,,,175.0
"js biomedical ltd, using randox laboratories",,,,,,,,,,,,,,175.0,175.0,175.0,175.0,175.0,
just health,195.0,195.0,195.0,195.0,195.0,195.0,195.0,195.0,195.0,195.0,195.0,195.0,195.0,,,,,,195.0
"just health, using nonacus, yourgene",,,,,,,,,,,,,,195.0,195.0,195.0,195.0,195.0,
katalyst laboratories,,,,,,,100.0,100.0,100.0,100.0,100.0,100.0,100.0,,,,,,100.0
"katalyst laboratories, using oncologica",,,,,,,,,,,,,,100.0,100.0,100.0,100.0,100.0,
kings medical centre,225.0,225.0,,,,,,,154.0,154.0,154.0,154.0,154.0,,,,,,154.0
"kings medical centre, using oncologica ,biogroup",,,,,,,,,,,,,,154.0,154.0,154.0,154.0,154.0,
klarity,,,,,,,,,,,155.92,155.92,155.92,,,,,,155.92
"klarity, using circular1 health",,,,,,,,,,,,,,155.92,155.92,155.92,155.92,155.92,
klinical enterprises ltd t/a national covid testing,,,,,,,,99.0,99.0,99.0,99.0,,,,,,,,
knightsbridge pharmacy,300.0,300.0,300.0,300.0,300.0,300.0,300.0,300.0,300.0,300.0,300.0,300.0,300.0,,,,,,300.0
"knightsbridge pharmacy, using biogroup & fit2fly",,,,,,,,,,,,,,300.0,300.0,300.0,300.0,300.0,
kurix health,,,,,,,,84.0,84.0,84.0,84.0,84.0,84.0,,,,,,84.0
"kurix health, using dante labs",,,,,,,,,,,,,,84.0,84.0,84.0,84.0,84.0,
kyl healthcare services limited t/as the honeybee private nurse clinic,,,,,,,,,,,,,,,,,,,185.0
la perla clinic,,,,120.0,120.0,120.0,120.0,120.0,120.0,120.0,120.0,120.0,120.0,,,,,,120.0
"la perla clinic, using randox",,,,,,,,,,,,,,120.0,120.0,120.0,120.0,120.0,
labmedexpert,165.0,165.0,165.0,165.0,165.0,165.0,98.0,98.0,98.0,98.0,,,,,,,,,
labmedexpert limited,,,,,,,115.0,115.0,115.0,115.0,85.0,85.0,85.0,,,,,,130.0
"labmedexpert limited, using labmedexpert diagnostics",,,,,,,,,,,,,,85.0,85.0,85.0,85.0,85.0,
laser and light,95.0,,,,,,,,,,,,,,,,,,
leeds covid testing,198.0,198.0,,,,,,,,,,,,,,,,,198.0
leeds covid testing ltd,,198.0,198.0,198.0,198.0,198.0,198.0,198.0,198.0,198.0,198.0,198.0,198.0,,,,,,
"leeds covid testing, using oncologica",,,,,,,,,,,,,,198.0,198.0,198.0,198.0,198.0,
leigh broadway pharmacy (elm road),230.0,230.0,,,,,,,,,,,,,,,,,198.0
lifecrest ltd trading as (lifecrest medical laboratory),,,,,,,,,,,,,,,,,,,105.0
"lifecrest ltd trading as (lifecrest medical laboratory), using lifecrest medical laboratory",,,,,,,,,,,,,,105.0,105.0,105.0,105.0,105.0,
linbury doctors,210.0,210.0,210.0,210.0,210.0,210.0,210.0,210.0,210.0,210.0,,,,,,,,,
live covid testing,155.0,141.0,135.0,116.0,116.0,116.0,100.0,59.0,57.0,47.0,125.0,55.0,55.0,,,,,,45.0
"live covid testing, using oncologica , nonacus",,,,,,,,,,,,,,45.0,45.0,45.0,45.0,45.0,
local pcr,210.0,210.0,210.0,210.0,210.0,210.0,210.0,210.0,210.0,210.0,210.0,210.0,210.0,,,,,,195.0
"local pcr, using nonacus",,,,,,,,,,,,,,210.0,210.0,210.0,210.0,210.0,
locaton medical services ltd,,,,,,,110.0,110.0,110.0,110.0,110.0,110.0,110.0,,,,,,330.0
"locaton medical services ltd, using saliant bio",,,,,,,,,,,,,,330.0,330.0,330.0,330.0,330.0,
london corona test centre,175.0,175.0,175.0,175.0,175.0,175.0,175.0,175.0,170.0,170.0,125.0,125.0,125.0,,,,,,105.0
"london corona test centre, using bio group",,,,,,,,,,,,,,105.0,105.0,105.0,105.0,105.0,
london covid testing,199.0,199.0,199.0,199.0,199.0,199.0,199.0,199.0,199.0,199.0,199.0,199.0,199.0,,,,,,99.0
"london covid testing, using biogroup",,,,,,,,,,,,,,99.0,99.0,99.0,99.0,99.0,
london elite health,210.0,210.0,210.0,210.0,210.0,210.0,210.0,210.0,210.0,210.0,210.0,210.0,210.0,,,,,,210.0
"london elite health, using oncologica, nationwide pathology",,,,,,,,,,,,,,210.0,210.0,210.0,210.0,210.0,
london medical concierge,358.0,358.0,358.0,358.0,358.0,358.0,358.0,358.0,358.0,358.0,358.0,358.0,358.0,,,,,,358.0
"london medical concierge, using oncologica",,,,,,,,,,,,,,358.0,358.0,358.0,358.0,358.0,
london medical laboratory,189.0,189.0,189.0,189.0,189.0,189.0,189.0,189.0,189.0,189.0,189.0,189.0,189.0,,,,,,
london medical laboratory / private coronavirus tests,,,,,,,,,,,,,,,,,,,169.0
"london medical laboratory / private coronavirus tests, using oncologica",,,,,,,,,,,,,,189.0,189.0,189.0,189.0,189.0,
london nutrition doctor,230.0,230.0,230.0,230.0,230.0,230.0,230.0,230.0,230.0,230.0,230.0,230.0,230.0,,,,,,230.0
"london nutrition doctor, using circular1",,,,,,,,,,,,,,230.0,230.0,230.0,230.0,230.0,
london screening centre,,125.0,250.0,250.0,250.0,250.0,250.0,250.0,250.0,250.0,250.0,250.0,250.0,,,,,,
london screening street,195.0,,,,,,,,,,,,,,,,,,
london vaccination clinic,,,,,,,185.0,185.0,185.0,185.0,185.0,185.0,185.0,,,,,,185.0
"london vaccination clinic, using salient bio labs",,,,,,,,,,,,,,185.0,185.0,185.0,185.0,185.0,
longridge travel health clinic,210.0,210.0,210.0,210.0,210.0,210.0,210.0,210.0,210.0,210.0,180.0,180.0,180.0,,,,,,180.0
"longridge travel health clinic, using biograd",,,,,,,,,,,,,,180.0,180.0,180.0,180.0,180.0,
lord's pharmacy,210.0,210.0,210.0,210.0,210.0,210.0,210.0,207.5,207.5,207.5,205.0,205.0,205.0,,,,,,205.0
"lord's pharmacy, using circular 1 health, biogroup",,,,,,,,,,,,,,205.0,205.0,205.0,205.0,205.0,
lyca health,,,,,,,220.0,220.0,220.0,220.0,220.0,220.0,220.0,,,,,,
mare st clinic,189.0,189.0,189.0,189.0,189.0,189.0,189.0,189.0,189.0,189.0,189.0,189.0,189.0,,,,,,159.0
"mare st clinic, using biograd",,,,,,,,,,,,,,189.0,189.0,189.0,189.0,189.0,
masta,,199.0,199.0,185.0,185.0,185.0,185.0,185.0,185.0,185.0,185.0,185.0,185.0,,,,,,185.0
"masta, using nationwide pathology",,,,,,,,,,,,,,185.0,185.0,185.0,185.0,185.0,
masters (uk) limited t/a nechells pharmacy and masters pharmacy,,155.0,155.0,155.0,155.0,155.0,155.0,155.0,155.0,155.0,155.0,155.0,155.0,,,,,,155.0
"masters (uk) limited t/a nechells pharmacy and masters pharmacy, using nonacus",,,,,,,,,,,,,,155.0,155.0,155.0,155.0,155.0,
masters pharmacy,155.0,155.0,155.0,155.0,155.0,155.0,155.0,155.0,,,,,,,,,,,
mayfair doctors,230.0,230.0,230.0,230.0,230.0,230.0,230.0,230.0,230.0,230.0,250.0,250.0,250.0,,,,,,250.0
"mayfair doctors, using oncologica, randox",,,,,,,,,,,,,,250.0,250.0,250.0,250.0,250.0,
mayfair pharmacy,,,280.0,280.0,280.0,280.0,280.0,280.0,280.0,280.0,280.0,280.0,280.0,,,,,,280.0
"mayfair pharmacy, using randox, rightangled, tdl",,,,,,,,,,,,,,280.0,280.0,280.0,280.0,280.0,
mayfield clinic,249.0,249.0,249.0,249.0,249.0,249.0,249.0,249.0,249.0,249.0,249.0,249.0,249.0,,,,,,249.0
"mayfield clinic, using salient bio",,,,,,,,,,,,,,249.0,249.0,249.0,249.0,249.0,
mdna life sciences,95.0,190.0,,,,,,,,,,,,,,,,,
mdna life sciences (uk) ltd,,,,95.0,95.0,95.0,190.0,190.0,190.0,190.0,,,,,,,,,
mdx healthcare ltd t/a medix,,,,210.0,210.0,210.0,210.0,210.0,210.0,210.0,210.0,210.0,210.0,,,,,,210.0
"mdx healthcare ltd t/a medix, using oncologica, randox, medical diagnosis",,,,,,,,,,,,,,210.0,210.0,210.0,210.0,210.0,
me360 healthcare limited t/a me360 testing services,,,,,,,142.0,142.0,134.33333333333334,134.33333333333334,119.0,119.0,119.0,,,,,,119.0
"me360 healthcare limited t/a me360 testing services, using randox",,,,,,,,,,,,,,119.0,119.0,119.0,119.0,119.0,
me360 healthcare ltd t/a me360 testing services,,,159.0,159.0,159.0,159.0,,,,,,,,,,,,,
me360 testing services,180.0,180.0,,,,,,,,,,,,,,,,,
med24 limited,,,,225.0,225.0,225.0,225.0,225.0,225.0,225.0,225.0,225.0,225.0,,,,,,180.0
"med24 limited, using circular 1 health",,,,,,,,,,,,,,225.0,225.0,225.0,225.0,225.0,
medchecks,,,179.0,179.0,179.0,179.0,179.0,179.0,179.0,179.0,179.0,179.0,179.0,,,,,,
"medchecks, using randox",,,,,,,,,,,,,,179.0,179.0,179.0,179.0,179.0,
medi-park clinic,150.0,150.0,180.0,220.0,220.0,220.0,220.0,220.0,159.0,159.0,,,,,,,,,
medi-swift,,,,,,,,,,,,,,,,,,,210.0
"medi-swift, using biograd",,,,,,,,,,,,,,210.0,210.0,210.0,210.0,210.0,
medic 1 direct,298.0,298.0,298.0,298.0,298.0,298.0,298.0,298.0,298.0,298.0,298.0,298.0,298.0,,,,,,298.0
"medic 1 direct, using biograd",,,,,,,,,,,,,,298.0,298.0,298.0,298.0,298.0,
medic testing,245.0,245.0,245.0,245.0,245.0,245.0,245.0,245.0,245.0,245.0,245.0,245.0,245.0,,,,,,245.0
"medic testing, using oncologica",,,,,,,,,,,,,,245.0,245.0,245.0,245.0,245.0,
medical,,,,,,,,,,,,,,,,,,,250.0
medical and rescue,,260.0,260.0,260.0,260.0,260.0,,,260.0,260.0,260.0,260.0,260.0,,,,,,260.0
medical and rescue - london and lhr,,,,,,,260.0,260.0,,,,,,,,,,,
"medical and rescue, using randox",,,,,,,,,,,,,,260.0,260.0,260.0,260.0,260.0,
medical covid test,,,,,,,,,,,,,,,,,,,20.0
medical diagnosis,149.0,149.0,149.0,149.0,149.0,149.0,138.0,,,,,,,,,,,,
medical logistics / samedaycoronavirustests.com,,250.0,250.0,250.0,250.0,250.0,250.0,250.0,250.0,250.0,250.0,250.0,250.0,,,,,,
"medical logistics, using oncologica",,,,,,,,,,,,,,250.0,250.0,250.0,250.0,250.0,
medicines online,124.0,,,,,,,,,,,,,,,,,,
medicines online ltd,145.0,,124.0,121.5,121.5,121.5,119.0,109.0,81.5,81.5,84.0,84.0,84.0,,,,,,69.0
"medicines online ltd, using nonacus",,,,,,,,,,,,,,24.99,24.99,24.99,24.99,24.99,
medicspot,219.0,219.0,,,,,219.0,219.0,219.0,219.0,219.0,219.0,219.0,,,,,,219.0
"medicspot, using source bioscience, oncologica, dante labs",,,,,,,,,,,,,,219.0,219.0,219.0,219.0,219.0,
medinow,225.0,225.0,225.0,225.0,225.0,225.0,225.0,225.0,225.0,225.0,225.0,225.0,225.0,,,,,,225.0
"medinow, using oncologica",,,,,,,,,,,,,,225.0,225.0,225.0,225.0,225.0,
mediscan diagnostic services,,,,175.0,175.0,175.0,175.0,175.0,175.0,175.0,175.0,175.0,175.0,,,,,,
medplus test,189.0,189.0,189.0,189.0,189.0,189.0,189.0,189.0,189.0,189.0,189.0,189.0,189.0,,,,,,110.0
"medplus test, using circular1 and salient bio",,,,,,,,,,,,,,110.0,110.0,110.0,110.0,110.0,
medwyn occupational health,169.0,169.0,169.0,169.0,169.0,169.0,169.0,169.0,169.0,169.0,169.0,169.0,169.0,,,,,,169.0
"medwyn occupational health, using oncologica, salient bio",,,,,,,,,,,,,,169.0,169.0,169.0,169.0,169.0,
mhf medical concierge,,,,,,,,,,139.0,139.0,139.0,139.0,,,,,,120.0
"mhf medical concierge, using medical diagnosis",,,,,,,,,,,,,,120.0,120.0,120.0,120.0,120.0,
midland covid testing,,,249.0,249.0,249.0,249.0,249.0,249.0,249.0,249.0,249.0,249.0,249.0,,,,,,249.0
"midland covid testing, using nonacus",,,,,,,,,,,,,,249.0,249.0,249.0,249.0,249.0,
midland health,179.0,179.0,179.0,179.0,179.0,179.0,179.0,179.0,179.0,179.0,179.0,179.0,179.0,,,,,,145.0
"midland health, using oncologica, randox",,,,,,,,,,,,,,179.0,179.0,179.0,179.0,179.0,
midlands ultrasound and medical services,,180.0,180.0,180.0,180.0,180.0,180.0,180.0,180.0,180.0,150.0,150.0,150.0,,,,,,
"midlands ultrasound and medical services, using nationwide pathology services",,,,,,,,,,,,,,150.0,150.0,150.0,150.0,150.0,
mildcare ltd,229.0,229.0,229.0,229.0,229.0,229.0,229.0,229.0,229.0,229.0,229.0,229.0,229.0,,,,,,
minton treharne & davies laboratories,190.0,190.0,190.0,,,,,,,,,,,,,,,,
minton treharne & davies laboratories limited,,,190.0,190.0,190.0,190.0,190.0,190.0,190.0,190.0,190.0,140.0,140.0,,,,,,140.0
"minton treharne & davies laboratories limited, using oncologica uk limited or yourgene-health limited",,,,,,,,,,,,,,140.0,140.0,140.0,140.0,140.0,
mk18 private medical practice,390.0,390.0,390.0,390.0,390.0,390.0,390.0,390.0,390.0,390.0,390.0,390.0,390.0,,,,,,390.0
"mk18 private medical practice, using nationwide pathology",,,,,,,,,,,,,,390.0,390.0,390.0,390.0,390.0,
mlp,,,,,,,,,,,19.99,,,,,,,,
"mlp, using salient bio, medical diagnosis",,,,,,,,,,,,,,160.0,160.0,160.0,160.0,160.0,
mobihealth international,185.0,185.0,185.0,185.0,185.0,185.0,85.0,85.0,85.0,85.0,185.0,85.0,85.0,,,,,,85.0
"mobihealth international, using oncologica and nationwide pathology",,,,,,,,,,,,,,85.0,85.0,85.0,85.0,85.0,
moore medical practice,250.0,250.0,250.0,250.0,250.0,250.0,250.0,250.0,250.0,250.0,250.0,250.0,250.0,,,,,,250.0
"moore medical practice, using circular 1 health and the doctors laboratory",,,,,,,,,,,,,,250.0,250.0,250.0,250.0,250.0,
msh medical,,,,,,,,,,,,,,,,,,,150.0
msi clinics,290.0,290.0,290.0,290.0,290.0,290.0,290.0,290.0,290.0,290.0,,,,,,,,,
msi clinics limited,,,,,,,,,,,290.0,229.0,229.0,,,,,,229.0
"msi clinics limited, using randox",,,,,,,,,,,,,,229.0,229.0,229.0,229.0,229.0,
"my express testing uk, using nonacus",,,,,,,,,,,,,,20.0,20.0,20.0,20.0,20.0,
my local travel clinic,155.0,155.0,155.0,155.0,155.0,155.0,155.0,155.0,155.0,155.0,155.0,155.0,155.0,,,,,,155.0
"my local travel clinic, using nonacus",,,,,,,,,,,,,,155.0,155.0,155.0,155.0,155.0,
my london pharmacy,,,,,,,,34.99,34.99,34.99,,,,,,,,,
my private chemist,170.0,120.0,120.0,120.0,120.0,120.0,120.0,195.0,195.0,195.0,195.0,195.0,195.0,,,,,,195.0
"my private chemist, using nl labs",,,,,,,,,,,,,,195.0,195.0,195.0,195.0,195.0,
myhealthcare clinic,210.0,210.0,210.0,210.0,210.0,210.0,210.0,210.0,210.0,210.0,210.0,210.0,210.0,,,,,,210.0
"myhealthcare clinic, using randox",,,,,,,,,,,,,,210.0,210.0,210.0,210.0,210.0,
myhealthchecked,170.0,170.0,170.0,170.0,170.0,170.0,170.0,170.0,170.0,170.0,170.0,170.0,170.0,,,,,,150.0
"myhealthchecked, using yourgene",,,,,,,,,,,,,,170.0,170.0,170.0,170.0,170.0,
national covid testing (klinical enterprises ltd),,,,,,,,,,,178.2,178.2,178.2,,,,,,150.0
"national covid testing (klinical enterprises ltd), using source bioscience",,,,,,,,,,,,,,178.2,178.2,178.2,178.2,178.2,
nationwide pathology,155.0,155.0,,,,,,,,,,,,,,,,,
nationwide pathology limited,115.0,115.0,113.0,111.0,111.0,111.0,111.0,111.0,111.0,111.0,111.0,111.0,111.0,,,,,,85.0
"nationwide pathology limited, using nationwide pathology limited",,,,,,,,,,,,,,85.0,85.0,85.0,85.0,85.0,
nechells pharmacy and masters pharmacy,155.0,155.0,155.0,155.0,155.0,155.0,,,,,,,,,,,,,
new street pharmacy,199.0,199.0,199.0,199.0,199.0,199.0,199.0,189.5,189.5,189.5,180.0,,,,,,,,
new street pharmacy t/a the travel vaccine room,,,,,,,,,,,,180.0,180.0,,,,,,
"new street pharmacy t/a the travel vaccine room, using nonacus",,,,,,,,,,,,,,180.0,180.0,180.0,180.0,180.0,
newcastle premier health,190.0,190.0,190.0,190.0,190.0,190.0,190.0,190.0,190.0,190.0,,,,,,,,,
nhl pharmacy,,220.0,220.0,220.0,220.0,220.0,220.0,220.0,220.0,220.0,190.0,190.0,190.0,,,,,,190.0
"nhl pharmacy, using biograd diagnostics",,,,,,,,,,,,,,190.0,190.0,190.0,190.0,190.0,
nivha laboratory services ltd,,,,,,,140.0,,,,,,,,,,,,
"nivha laboratory services ltd, randox",,,,,,,,,,,130.0,130.0,130.0,,,,,,130.0
"nivha laboratory services ltd, randox, using nivha",,,,,,,,,,,,,,130.0,130.0,130.0,130.0,130.0,
nivha laboratory services ltd.,,140.0,,,,,130.0,130.0,130.0,130.0,,,,,,,,,
nl clinic,170.0,170.0,170.0,170.0,170.0,170.0,129.0,129.0,129.0,129.0,129.0,129.0,129.0,,,,,,129.0
"nl clinic, using north london laboratory",,,,,,,,,,,,,,129.0,129.0,129.0,129.0,129.0,
nomad travel,180.0,180.0,180.0,180.0,180.0,180.0,99.0,99.0,99.0,99.0,99.0,99.0,99.0,,,,,,
"nomad travel, using oncologica",,,,,,,,,,,,,,25.0,25.0,25.0,25.0,25.0,
north and north west london covid tests,195.0,195.0,195.0,195.0,195.0,195.0,195.0,190.0,190.0,190.0,185.0,,,,,,,,
north devon travel clinic,257.5,220.0,220.0,220.0,220.0,220.0,220.0,220.0,220.0,220.0,220.0,220.0,220.0,,,,,,
"north devon travel clinic, using randox",,,,,,,,,,,,,,220.0,220.0,220.0,220.0,220.0,
northend clinic,199.0,160.0,160.0,160.0,160.0,160.0,160.0,160.0,152.5,152.5,145.0,145.0,145.0,,,,,,145.0
"northend clinic, using nonacus",,,,,,,,,,,,,,145.0,145.0,145.0,145.0,145.0,
northway clinic,,,,,,,,,170.0,170.0,170.0,170.0,170.0,,,,,,170.0
"northway clinic, using salient bio, randox, oncologica",,,,,,,,,,,,,,170.0,170.0,170.0,170.0,170.0,
nottinghamshire,,,190.0,190.0,190.0,190.0,190.0,190.0,190.0,190.0,190.0,190.0,190.0,,,,,,
now test,,,,,,,156.0,90.0,90.0,90.0,90.0,90.0,90.0,,,,,,90.0
"now test, using lab med expert",,,,,,,,,,,,,,90.0,90.0,90.0,90.0,90.0,
nph group,,,,,,,,,,175.0,175.0,175.0,175.0,,,,,,175.0
"nph group, using yourgene, mdna life sciences",,,,,,,,,,,,,,175.0,175.0,175.0,175.0,175.0,
nutraceuticals laboratory london limited,,,,,,,,,,,,105.0,105.0,,,,,,105.0
"nutraceuticals laboratory london limited, using oncologica uk limited",,,,,,,,,,,,,,105.0,105.0,105.0,105.0,105.0,
nx healthcare,,,180.0,180.0,180.0,180.0,180.0,180.0,180.0,180.0,180.0,180.0,180.0,,,,,,59.0
"nx healthcare, using oncologica",,,,,,,,,,,,,,180.0,180.0,180.0,180.0,180.0,
objective health ltd,,,,,,,,,,180.0,,,,,,,,,
occupational health bristol,,,,300.0,300.0,300.0,300.0,300.0,300.0,169.495,,,,,,,,,100.0
"occupational health bristol, using anglia dna",,,,,,,,,,,,,,100.0,100.0,100.0,100.0,100.0,
occupational health prime,,,,,,,,,,,,,,,,,,,155.0
"occupational health prime, using nationwide pathology",,,,,,,,,,,,,,155.0,155.0,155.0,155.0,155.0,
olive health & travel clinic,210.0,210.0,210.0,210.0,210.0,210.0,210.0,210.0,210.0,210.0,210.0,210.0,210.0,,,,,,210.0
"olive health & travel clinic, using north london laboratories ltd",,,,,,,,,,,,,,210.0,210.0,210.0,210.0,210.0,
one scientic ltd,,196.0,,,,,,,,,,,,,,,,,
one scientific ltd,,,196.0,196.0,196.0,196.0,,,159.0,159.0,159.0,159.0,159.0,,,,,,159.0
"one scientific ltd, using oncologica",,,,,,,,,,,,,,159.0,159.0,159.0,159.0,159.0,
one scientific ltd.,,,,,,,159.0,159.0,,,,,,,,,,,
one5 health,250.0,280.0,280.0,280.0,280.0,280.0,250.0,250.0,250.0,250.0,250.0,270.0,270.0,,,,,,270.0
"one5 health, using circular1 health, oncologica, salient bio",,,,,,,,,,,,,,270.0,270.0,270.0,270.0,270.0,
optimized body & mind,159.0,159.0,159.0,159.0,160.0,160.0,90.0,67.5,67.5,67.5,25.0,90.0,90.0,,,,,,85.0
"optimized body & mind, using nonacus & oncologica",,,,,,,,,,,,,,30.0,30.0,30.0,30.0,30.0,
optipharm pharmacy,179.0,179.0,179.0,179.0,179.0,179.0,159.0,159.0,159.0,159.0,159.0,159.0,159.0,,,,,,129.0
"optipharm pharmacy, using bgi",,,,,,,,,,,,,,159.0,159.0,159.0,159.0,159.0,
orchard clinic / orchard blood,,,,,,,,,,160.0,160.0,160.0,160.0,,,,,,160.0
"orchard clinic / orchard blood, using the doctors laboratory, circular 1",,,,,,,,,,,,,,160.0,160.0,160.0,160.0,160.0,
oscartech uk,155.0,155.0,155.0,155.0,155.0,155.0,147.0,147.0,139.0,139.0,139.0,139.0,139.0,,,,,,139.0
"oscartech uk, using oncologica and medical diagnosis",,,,,,,,,,,,,,139.0,139.0,139.0,139.0,139.0,
outcome diagnostics,169.0,169.0,169.0,169.0,169.0,169.0,,,,,,,,,,,,,
outcome diagnostics (outcomedx),,,,,,,,55.0,45.0,160.0,18.0,119.0,119.0,,,,,,119.0
"outcome diagnostics (outcomedx), using oncologica, dante labs",,,,,,,,,,,,,,119.0,119.0,119.0,119.0,119.0,
outcome diagnostics t/a 123 tests,,,,,,,55.0,,,,,,,,,,,,
oxford covid tests,,200.0,200.0,200.0,200.0,200.0,200.0,200.0,200.0,200.0,200.0,200.0,200.0,,,,,,
pall mall medical (manchester) limited,,,,,,,,,,,,,,,,,,,159.0
"pall mall medical (manchester) limited, using randox",,,,,,,,,,,,,,159.0,159.0,159.0,159.0,159.0,
pcr labs,250.0,250.0,250.0,250.0,250.0,250.0,250.0,250.0,250.0,250.0,250.0,250.0,250.0,,,,,,250.0
"pcr labs, using salient bio, oncologica",,,,,,,,,,,,,,250.0,250.0,250.0,250.0,250.0,
"pcrtravel ltd london, using medical diagnosis",,,,,,,,,,,,,,119.0,119.0,119.0,119.0,119.0,
pct healthcare,175.0,175.0,175.0,175.0,175.0,175.0,175.0,175.0,,,,,,,,,,,
"pct healthcare t/a peak pharmacy, manor pharmacy, cox-robinson pharmacy",,,,,,,,,175.0,175.0,175.0,175.0,175.0,,,,,,175.0
"pct healthcare t/a peak pharmacy, manor pharmacy, cox-robinson pharmacy, using randox",,,,,,,,,,,,,,175.0,175.0,175.0,175.0,175.0,
pennfields pharmacy,155.0,155.0,155.0,155.0,155.0,155.0,155.0,155.0,155.0,155.0,155.0,155.0,155.0,,,,,,155.0
"pennfields pharmacy, using nonacus",,,,,,,,,,,,,,155.0,155.0,155.0,155.0,155.0,
peplobio,,,,,,,,,,,119.0,119.0,119.0,,,,,,119.0
"peplobio, using peplobio",,,,,,,,,,,,,,119.0,119.0,119.0,119.0,119.0,
pexpo diagnostic,,,,,,,,,,,,,,,,,,,40.0
"pexpo diagnostic, using salient bio",,,,,,,,,,,,,,40.0,40.0,40.0,40.0,40.0,
pexpo diagnostics,210.0,210.0,210.0,210.0,210.0,210.0,167.0,75.0,75.0,75.0,150.0,150.0,150.0,,,,,,
pharmacy led clinic,,,,,,,,155.0,155.0,155.0,155.0,155.0,155.0,,,,,,155.0
"pharmacy led clinic, using nonacus,",,,,,,,,,,,,,,155.0,155.0,155.0,155.0,155.0,
pharmasuite,170.0,170.0,170.0,170.0,170.0,170.0,170.0,170.0,170.0,170.0,170.0,170.0,170.0,,,,,,170.0
"pharmasuite, using salient bio",,,,,,,,,,,,,,170.0,170.0,170.0,170.0,170.0,
pharmesthetics ltd,,,,175.0,175.0,175.0,175.0,175.0,175.0,175.0,175.0,175.0,175.0,,,,,,
pharmesthetics ltd (t/a http://www.samedayclinic.co.uk),,,,,,,,,,,,,,,,,,,155.0
"pharmesthetics ltd, using oncologica, medical diagnosis ltd",,,,,,,,,,,,,,175.0,175.0,175.0,175.0,175.0,
physiofunction,198.0,198.0,198.0,198.0,198.0,198.0,198.0,198.0,198.0,198.0,198.0,198.0,198.0,,,,,,198.0
"physiofunction, using 20/30 labs",,,,,,,,,,,,,,198.0,198.0,198.0,198.0,198.0,
physiowork therapy uk ltd,,,,,,,,,,,,,,,,,,,199.0
pillhub-feltham pharmacy,,,,,,,,,,,,,,,,,,,79.95
polaris medical services ltd,,,185.0,185.0,185.0,185.0,185.0,185.0,185.0,185.0,185.0,185.0,185.0,,,,,,185.0
"polaris medical services ltd, using randox laboratories",,,,,,,,,,,,,,185.0,185.0,185.0,185.0,185.0,
premier clinic ltd,,130.0,130.0,130.0,130.0,130.0,130.0,130.0,130.0,130.0,130.0,130.0,130.0,,,,,,130.0
"premier clinic ltd, using alphabiolabs",,,,,,,,,,,,,,130.0,130.0,130.0,130.0,130.0,
private gp clinic,210.0,210.0,210.0,210.0,210.0,210.0,210.0,210.0,210.0,210.0,210.0,210.0,210.0,,,,,,210.0
"private gp clinic, using oncologica",,,,,,,,,,,,,,210.0,210.0,210.0,210.0,210.0,
private gp services uk ltd,,,,,,,,,99.0,,,,,,,,,,
private gp teddington,250.0,250.0,250.0,,,,,,,,,,,,,,,,
private harley street clinic,,,,250.0,250.0,250.0,120.0,120.0,120.0,120.0,120.0,120.0,120.0,,,,,,169.0
"private harley street clinic, using randox, salient",,,,,,,,,,,,,,120.0,120.0,120.0,120.0,120.0,
private-testing-providers london cloudapps digital refresh,,,,,,,,,,,,225.0,225.0,,,,,,
project olive lindfield limited,,,,,,,,,,,,,,,,,,,110.0
"project olive lindfield limited, using oncologica uk ltd",,,,,,,,,,,,,,110.0,110.0,110.0,110.0,110.0,
project screen by prenetics,164.0,164.0,164.0,164.0,164.0,164.0,154.0,154.0,154.0,154.0,154.0,154.0,154.0,,,,,,154.0
"project screen by prenetics, using anglia dna",,,,,,,,,,,,,,154.0,154.0,154.0,154.0,154.0,
protein technologies ltd / rapiditydx,,,,,,,99.0,99.0,99.0,99.0,99.0,99.0,99.0,,,,,,99.0
"protein technologies ltd / rapiditydx, using oncologica and circular1",,,,,,,,,,,,,,99.0,99.0,99.0,99.0,99.0,
protein technologies ltd t/a as rapiditydx,,185.0,,,,,,,,,,,,,,,,,
proviris solutions,,,,,,,,,,,,,,,,,,,118.0
"proviris solutions, using anglia dna services",,,,,,,,,,,,,,118.0,118.0,118.0,118.0,118.0,
pt diagnostics,,,,,,,,,,,,,,,,,,,175.0
"pt diagnostics, using the doctors laboratory ltd (tdl), medical diagnosis uk ltd.",,,,,,,,,,,,,,175.0,175.0,175.0,175.0,175.0,
pulmonics,200.0,200.0,200.0,200.0,200.0,200.0,200.0,200.0,200.0,200.0,180.0,160.0,160.0,,,,,,160.0
"pulmonics, using nonacus; the scientists laboratory",,,,,,,,,,,,,,160.0,160.0,160.0,160.0,160.0,
pulteney pharmacy,,,,,,,,,,,,,,,,,,,169.0
pureflo health ltd,,,210.0,210.0,210.0,210.0,210.0,210.0,210.0,210.0,210.0,210.0,210.0,,,,,,210.0
"pureflo health ltd, using the doctors laboratory, oncologica, concepto clinic",,,,,,,,,,,,,,210.0,210.0,210.0,210.0,210.0,
pyramid pharmacy,200.0,200.0,200.0,200.0,200.0,200.0,,,,,,,,,,,,,
pyramid pharmacy bermondsey,,220.0,220.0,220.0,220.0,220.0,220.0,220.0,220.0,220.0,,,,,,,,,
pyramid pharmacy woolwich,,,,,,,199.0,199.0,199.0,199.0,199.0,199.0,199.0,,,,,,
pyser testing,,,,,,,234.0,234.0,234.0,234.0,234.0,234.0,234.0,,,,,,125.0
queen anne street medical centre,,,,,,,,,250.0,250.0,250.0,250.0,250.0,,,,,,250.0
"queen anne street medical centre, using randox laboratories ltd",,,,,,,,,,,,,,250.0,250.0,250.0,250.0,250.0,
quest medical,,,,,,,,,,,,,,,,,,,20.0
quick clinics,169.0,169.0,169.0,99.0,99.0,99.0,84.5,73.0,63.5,63.5,7.5,149.0,149.0,,,,,,82.0
"quick clinics, using everything genetic, oncologica",,,,,,,,,,,,,,24.0,24.0,24.0,24.0,24.0,
quick meds,,,,,,,195.0,195.0,195.0,195.0,195.0,195.0,195.0,,,,,,
quick meds using labmedexpert,,,,,195.0,195.0,,,,,,,,,,,,,
qured,198.0,198.0,198.0,198.0,198.0,198.0,174.0,174.0,174.0,150.0,150.0,150.0,150.0,,,,,,138.0
"qured, using oncologica",,,,,,,,,,,,,,150.0,150.0,150.0,150.0,150.0,
rainbow labs,160.0,145.0,145.0,145.0,120.0,120.0,120.0,120.0,120.0,120.0,120.0,120.0,120.0,,,,,,120.0
"rainbow labs, using everything genetic, dante",,,,,,,,,,,,,,120.0,120.0,120.0,120.0,120.0,
ramss,200.0,,,,,,,,,,,,,,,,,,
ramss limited,,240.0,240.0,240.0,240.0,240.0,232.0,232.0,232.0,232.0,216.0,216.0,216.0,,,,,,216.0
"ramss limited, using randox",,,,,,,,,,,,,,216.0,216.0,216.0,216.0,216.0,
randox health airport testing,,,,,,,,86.0,86.0,86.0,86.0,86.0,86.0,,,,,,86.0
"randox health airport testing, using randox laboratories",,,,,,,,,,,,,,86.0,86.0,86.0,86.0,86.0,
randox health liverpoolone,,,,,,,,,,,,,,,,,,,43.0
"randox health liverpoolone, using randox laboratories",,,,,,,,,,,,,,43.0,43.0,43.0,43.0,43.0,
randox health london limited,,,,,,,,120.0,120.0,120.0,120.0,120.0,120.0,,,,,,120.0
"randox health london limited, using randox laboratories",,,,,,,,,,,,,,120.0,120.0,120.0,120.0,120.0,
randox laboratories,120.0,120.0,120.0,120.0,120.0,120.0,,,,,,,,,,,,,
randox laboratories ltd,,,,,,,86.0,86.0,86.0,86.0,86.0,86.0,86.0,,,,,,86.0
"randox laboratories ltd, using randox laboratories ltd",,,,,,,,,,,,,,86.0,86.0,86.0,86.0,86.0,
rapid covid testing,160.0,160.0,160.0,,,,,,,,,,,,,,,,
rapid health test,,199.0,199.0,199.0,199.0,199.0,199.0,199.0,199.0,199.0,199.0,199.0,199.0,,,,,,179.0
"rapid health test, using oncologica, salient bio, yourgene health",,,,,,,,,,,,,,179.0,179.0,179.0,179.0,179.0,
rapid pcr,178.0,178.0,178.0,178.0,178.0,178.0,178.0,178.0,178.0,178.0,178.0,178.0,178.0,,,,,,178.0
"rapid pcr, using labmedx",,,,,,,,,,,,,,178.0,178.0,178.0,178.0,178.0,
rapiditydx,185.0,,,,,,,,,,,,,,,,,,
rb health and safety solutions ltd,,,,,,,195.0,195.0,195.0,195.0,195.0,195.0,195.0,,,,,,195.0
"rb health and safety solutions ltd, using randox laboratories",,,,,,,,,,,,,,195.0,195.0,195.0,195.0,195.0,
rb healthcare ltd,,,,,,,,,,,,195.0,195.0,,,,,,220.0
"rb healthcare ltd, using randox laboratories",,,,,,,,,,,,,,220.0,220.0,220.0,220.0,220.0,
reading fit to fly,,,,,,,,,,99.0,,,,,,,,,
reading fit to fly/oxford road clinics ltd,,,,,,,,,,,119.0,119.0,119.0,,,,,,119.0
"reading fit to fly/oxford road clinics ltd, using nonacus laboratories",,,,,,,,,,,,,,119.0,119.0,119.0,119.0,119.0,
recovery4life,,,,,,,145.0,145.0,145.0,145.0,145.0,145.0,145.0,,,,,,145.0
"recovery4life, using randox",,,,,,,,,,,,,,145.0,145.0,145.0,145.0,145.0,
red 1 response,,,,,,,,,,,,,,,,,,,155.99
"red 1 response, using randox laboratories",,,,,,,,,,,,,,155.99,155.99,155.99,155.99,155.99,
remedi health,250.0,250.0,250.0,250.0,250.0,250.0,250.0,250.0,250.0,250.0,250.0,250.0,250.0,,,,,,250.0
"remedi health, using oncologica,",,,,,,,,,,,,,,250.0,250.0,250.0,250.0,250.0,
remedys pharmacy,,,170.0,170.0,170.0,170.0,170.0,170.0,170.0,170.0,,,,,,,,,
research consultancy and health ltd,175.0,175.0,175.0,175.0,175.0,175.0,175.0,175.0,175.0,175.0,175.0,175.0,175.0,,,,,,175.0
"research consultancy and health ltd, using nonacus, salient bio",,,,,,,,,,,,,,175.0,175.0,175.0,175.0,175.0,
reviv uk,199.0,199.0,199.0,199.0,199.0,199.0,199.0,199.0,199.0,199.0,199.0,199.0,199.0,,,,,,199.0
"reviv uk, using circular1",,,,,,,,,,,,,,199.0,199.0,199.0,199.0,199.0,
rightangled,210.0,210.0,210.0,210.0,210.0,210.0,210.0,210.0,210.0,210.0,,,,,,,,,
rivahealth,,,,,,,,,60.0,60.0,,,,,,,,,
roc health services,,,,,,,,,,,400.0,400.0,400.0,,,,,,250.0
"roc health services, using source bioscience",,,,,,,,,,,,,,400.0,400.0,400.0,400.0,400.0,
roc private clinic,,,,,,,,,,,,,,,,,,,250.0
"roc private clinic, using source bioscience",,,,,,,,,,,,,,140.0,140.0,140.0,140.0,140.0,
rosalyns medical and wellbeing clinic,,,,,,,,,,,,,,,,,,,198.0
rosalyns medical and wellbeing clinic,198.0,198.0,198.0,198.0,198.0,198.0,198.0,198.0,198.0,198.0,198.0,198.0,198.0,,,,,,
"rosalyns medical and wellbeing clinic, using nonacus",,,,,,,,,,,,,,198.0,198.0,198.0,198.0,198.0,
roshni clinic,175.0,175.0,175.0,175.0,175.0,175.0,175.0,175.0,175.0,175.0,175.0,175.0,175.0,,,,,,175.0
"roshni clinic, using oncologica",,,,,,,,,,,,,,175.0,175.0,175.0,175.0,175.0,
rt diagnostics,,98.0,98.0,98.0,91.0,91.0,,,,,,,,,,,,,
same day clinic,115.0,115.0,,,,,,,,,,,,,,,,,
samedaydoctor,290.0,290.0,,,,,,,,,,,,,,,,,
samedaydoctor canary wharf,,,290.0,290.0,290.0,290.0,290.0,290.0,290.0,290.0,,,,,,,,,
samedaydoctor city clinic,290.0,290.0,290.0,290.0,290.0,290.0,290.0,290.0,290.0,290.0,200.0,200.0,200.0,,,,,,200.0
"samedaydoctor city clinic, using randox",,,,,,,,,,,,,,200.0,200.0,200.0,200.0,200.0,
samedaydoctor manchester,290.0,290.0,290.0,290.0,290.0,290.0,200.0,200.0,200.0,200.0,200.0,200.0,200.0,,,,,,200.0
"samedaydoctor manchester, using oncologica, randox",,,,,,,,,,,,,,200.0,200.0,200.0,200.0,200.0,
saunders pharmacy,,,,,,,,,,,219.0,219.0,219.0,,,,,,219.0
"saunders pharmacy, using tpp laboratory molecular (uniplex/multiplex)",,,,,,,,,,,,,,219.0,219.0,219.0,219.0,219.0,
scotnursing & medical services (snms),,,,,,,,,,160.0,160.0,160.0,160.0,,,,,,160.0
"scotnursing & medical services (snms), using tdl test to release and nonacus/ everything genetic day 2&8",,,,,,,,,,,,,,160.0,160.0,160.0,160.0,160.0,
screen4,150.0,150.0,120.0,120.0,120.0,120.0,105.0,105.0,60.0,60.0,105.0,105.0,105.0,,,,,,105.0
"screen4, using oncologica",,,,,,,,,,,,,,105.0,105.0,105.0,105.0,105.0,
sevenoaks gp t/a the private gp clinic,,,,240.0,240.0,240.0,240.0,240.0,240.0,240.0,240.0,240.0,240.0,,,,,,240.0
"sevenoaks gp t/a the private gp clinic, using randox, the doctors laboratory (tdl) pathology",,,,,,,,,,,,,,240.0,240.0,240.0,240.0,240.0,
shakib&neale limitd (107 harley street),,,,,,,,150.0,150.0,,,,,,,,,,
shantys pharmacy,230.0,230.0,230.0,230.0,230.0,230.0,230.0,230.0,230.0,230.0,230.0,215.0,215.0,,,,,,215.0
"shantys pharmacy, using salient bio",,,,,,,,,,,,,,215.0,215.0,215.0,215.0,215.0,
sirkka networks limited,135.0,135.0,135.0,135.0,135.0,135.0,135.0,135.0,135.0,135.0,135.0,135.0,135.0,,,,,,135.0
"sirkka networks limited, using alphabiolabs, oncologica, salientbio, tdl (ttr)",,,,,,,,,,,,,,135.0,135.0,135.0,135.0,135.0,
site lt,,180.0,120.0,120.0,120.0,120.0,130.0,130.0,,,130.0,130.0,130.0,,,,,,130.0
"site lt, using source bioscience",,,,,,,,,,,,,,130.0,130.0,130.0,130.0,130.0,
skc occupational health,250.0,250.0,,,,,,,,,,,,,,,,,
skc occupational health oxford,,,190.0,190.0,190.0,190.0,190.0,190.0,190.0,190.0,190.0,190.0,190.0,,,,,,190.0
"skc occupational health oxford, using nationwide pathology",,,,,,,,,,,,,,190.0,190.0,190.0,190.0,190.0,
sloane square medical,325.0,325.0,325.0,325.0,325.0,325.0,325.0,325.0,325.0,325.0,275.0,275.0,275.0,,,,,,275.0
"sloane square medical, using circular1",,,,,,,,,,,,,,275.0,275.0,275.0,275.0,275.0,
sloane street testing,245.0,245.0,245.0,245.0,245.0,245.0,245.0,245.0,245.0,245.0,245.0,245.0,245.0,,,,,,149.0
"sloane street testing, using circular1 health",,,,,,,,,,,,,,245.0,245.0,245.0,245.0,245.0,
solice health ltd,,,,210.0,210.0,210.0,210.0,210.0,210.0,210.0,210.0,210.0,210.0,,,,,,210.0
"solice health ltd, using randox",,,,,,,,,,,,,,210.0,210.0,210.0,210.0,210.0,
solihull health check clinic,,,,210.0,210.0,210.0,210.0,210.0,210.0,210.0,210.0,210.0,210.0,,,,,,210.0
"solihull health check clinic, using nonacus",,,,,,,,,,,,,,210.0,210.0,210.0,210.0,210.0,
somdoc ltd / home2lab,,,,,,,179.0,179.0,179.0,179.0,179.0,179.0,179.0,,,,,,179.0
"somdoc ltd / home2lab, using randox / salient",,,,,,,,,,,,,,179.0,179.0,179.0,179.0,179.0,
sorcha biotech,,,,,,,130.0,130.0,130.0,130.0,130.0,130.0,130.0,,,,,,
source bioscience,120.0,120.0,120.0,120.0,120.0,120.0,120.0,120.0,120.0,120.0,120.0,120.0,120.0,120.0,120.0,120.0,120.0,120.0,120.0
south west london covid 19 testing centre,,,,230.0,230.0,230.0,199.0,199.0,199.0,199.0,199.0,199.0,199.0,,,,,,199.0
"south west london covid 19 testing centre, using salient bio, circular 1",,,,,,,,,,,,,,199.0,199.0,199.0,199.0,199.0,
south west london covid-19 centre,230.0,230.0,230.0,230.0,230.0,230.0,,,,,,,,,,,,,
southdowns private healthcare,220.0,220.0,220.0,220.0,220.0,220.0,220.0,220.0,220.0,220.0,220.0,220.0,220.0,,,,,,220.0
"southdowns private healthcare, using salient bio",,,,,,,,,,,,,,220.0,220.0,220.0,220.0,220.0,
sterling testing,,,,95.0,95.0,95.0,80.0,75.0,64.995,119.995,169.99,169.99,169.99,,,,,,169.99
"sterling testing, using oncologica",,,,,,,,,,,,,,169.99,169.99,169.99,169.99,169.99,
summerfield healthcare,199.0,199.0,199.0,199.0,199.0,199.0,199.0,199.0,199.0,199.0,199.0,199.0,199.0,,,,,,199.0
"summerfield healthcare, using nationwide pathology",,,,,,,,,,,,,,199.0,199.0,199.0,199.0,199.0,
sussex healthcare solutions ltd,,,,,,,,,120.0,,,,,,,,,,
synlab,185.0,185.0,165.0,165.0,165.0,165.0,165.0,165.0,165.0,165.0,165.0,165.0,165.0,,,,,,165.0
"synlab, using your gene",,,,,,,,,,,,,,165.0,165.0,165.0,165.0,165.0,
t consultants,165.0,,,,,,,,,,,,,,,,,,
t consultants ltd,,150.0,150.0,145.0,145.0,145.0,145.0,145.0,145.0,145.0,140.0,140.0,140.0,,,,,,135.0
"t consultants ltd, using nonacus",,,,,,,,,,,,,,135.0,135.0,135.0,135.0,135.0,
"t/a nash travel, tourism and transport services ltd",,,,,,,,,174.99,174.99,174.99,174.99,174.99,,,,,,174.99
"t/a nash travel, tourism and transport services ltd, using nonacus (ukas 22262) and manufacturing everything genetics ltd",,,,,,,,,,,,,,174.99,174.99,174.99,174.99,174.99,
tac healthcare group,,,,,,,,,,,188.0,188.0,188.0,,,,,,188.0
"tac healthcare group, using anglia dna services",,,,,,,,,,,,,,188.0,188.0,188.0,188.0,188.0,
tamsel (uk) ltd,,,130.0,130.0,130.0,130.0,130.0,130.0,130.0,130.0,130.0,130.0,130.0,,,,,,
test assurance group,,,,,,,,,165.0,165.0,165.0,165.0,165.0,,,,,,165.0
"test assurance group, using source bioscience",,,,,,,,,,,,,,165.0,165.0,165.0,165.0,165.0,
test for now ltd,,,,,,,,,,,,165.0,165.0,,,,,,
"test for now, using oncologica, salient bio",,,,,,,,,,,,,,169.0,169.0,169.0,169.0,169.0,
test to you,,,,,,,250.0,250.0,250.0,250.0,250.0,250.0,250.0,,,,,,280.0
"test to you, using 20/30 labs ltd",,,,,,,,,,,,,,280.0,280.0,280.0,280.0,280.0,
testing for all,105.0,99.0,99.0,99.0,99.0,99.0,99.0,99.0,99.0,99.0,99.0,99.0,99.0,,,,,,89.0
"testing for all, using nonacus & dante",,,,,,,,,,,,,,95.0,95.0,95.0,95.0,95.0,
testngo,,,,,,,,,,,,,,,,,,,120.0
the bridge clinic,,,,,,,120.0,120.0,120.0,120.0,120.0,120.0,120.0,,,,,,80.0
"the bridge clinic, using the doctors laboratory",,,,,,,,,,,,,,120.0,120.0,120.0,120.0,120.0,
the city & travel clinic,,,,,,,,,,,159.99,159.99,159.99,,,,,,159.99
"the city & travel clinic, using medical diagnosis & the regenerative clinic",,,,,,,,,,,,,,159.99,159.99,159.99,159.99,159.99,
the clinic mk ltd,,,168.0,168.0,168.0,168.0,168.0,168.0,168.0,168.0,168.0,168.0,168.0,,,,,,168.0
"the clinic mk ltd, using randox",,,,,,,,,,,,,,168.0,168.0,168.0,168.0,168.0,
the express clinic,200.0,200.0,200.0,200.0,200.0,200.0,200.0,200.0,200.0,200.0,200.0,200.0,200.0,,,,,,200.0
"the express clinic, using nl clinic and salient bio",,,,,,,,,,,,,,200.0,200.0,200.0,200.0,200.0,
the guildhall practice,199.0,199.0,199.0,199.0,199.0,199.0,199.0,199.0,199.0,199.0,199.0,199.0,199.0,,,,,,199.0
"the guildhall practice, using labmedexpert, randox, source bio,",,,,,,,,,,,,,,199.0,199.0,199.0,199.0,199.0,
the health clinic by ar,179.0,179.0,179.0,179.0,179.0,179.0,179.0,179.0,179.0,179.0,140.0,140.0,140.0,,,,,,
the health clinic by ar limited,,,,,,,,,,,,,,,,,,,119.0
"the health clinic by ar, using biograd",,,,,,,,,,,,,,140.0,140.0,140.0,140.0,140.0,
the health suite,199.0,199.0,199.0,199.0,199.0,199.0,165.0,165.0,137.5,137.5,99.0,148.0,148.0,,,,,,148.0
"the health suite, using nationwide pathology, oncologica, labmedexperts",,,,,,,,,,,,,,148.0,148.0,148.0,148.0,148.0,
the hove practice,,,275.0,275.0,275.0,275.0,275.0,275.0,275.0,275.0,270.0,270.0,270.0,,,,,,270.0
"the hove practice, using salient bio",,,,,,,,,,,,,,270.0,270.0,270.0,270.0,270.0,
the london general practice,260.0,260.0,260.0,260.0,260.0,260.0,260.0,260.0,260.0,260.0,260.0,260.0,260.0,,,,,,260.0
"the london general practice, using the regenerative clinic",,,,,,,,,,,,,,260.0,260.0,260.0,260.0,260.0,
the mayfair gp clinic,575.0,575.0,,,,,575.0,575.0,575.0,575.0,575.0,575.0,575.0,,,,,,
"the mayfair gp clinic, using oncologica",,,,,,,,,,,,,,575.0,575.0,575.0,575.0,575.0,
the medic clinic,195.0,195.0,195.0,195.0,195.0,195.0,195.0,195.0,195.0,195.0,195.0,195.0,195.0,,,,,,195.0
"the medic clinic, using oncologica, tdl",,,,,,,,,,,,,,195.0,195.0,195.0,195.0,195.0,
the melton clinic,,,199.0,199.0,199.0,199.0,199.0,199.0,199.0,199.0,199.0,199.0,199.0,,,,,,169.0
"the melton clinic, using nationwide, nonacus, alphabiolabs",,,,,,,,,,,,,,169.0,169.0,169.0,169.0,169.0,
the montague clinic,200.0,200.0,200.0,200.0,200.0,200.0,200.0,200.0,165.0,165.0,165.0,99.0,99.0,,,,,,99.0
"the montague clinic, using salient bio, medical diagnosis, oncologica",,,,,,,,,,,,,,99.0,99.0,99.0,99.0,99.0,
the new foscote hospital,,,,,,,,150.0,150.0,150.0,150.0,150.0,150.0,,,,,,275.0
"the new foscote hospital, using randox",,,,,,,,,,,,,,275.0,275.0,275.0,275.0,275.0,
the palace gate practice limited,,195.0,195.0,195.0,195.0,195.0,195.0,195.0,195.0,195.0,195.0,195.0,195.0,,,,,,250.0
"the palace gate practice limited, using circular 1 health",,,,,,,,,,,,,,250.0,250.0,250.0,250.0,250.0,
the pharmacy at mayfair and clinic,250.0,250.0,250.0,250.0,250.0,250.0,250.0,250.0,250.0,250.0,250.0,250.0,250.0,,,,,,250.0
"the pharmacy at mayfair and clinic, using circular1, halo",,,,,,,,,,,,,,250.0,250.0,250.0,250.0,250.0,
the regenerative clinic,220.0,220.0,220.0,220.0,220.0,220.0,149.0,149.0,149.0,,149.0,,,,,,,,149.0
"the regenerative clinic, using yourgene",,,,,,,,,,,,,,149.0,149.0,149.0,149.0,149.0,
the travel health clinic,165.0,165.0,165.0,165.0,165.0,165.0,165.0,165.0,165.0,165.0,165.0,159.99,159.99,,,,,,159.99
"the travel health clinic, using salient bio, nonacus",,,,,,,,,,,,,,159.99,159.99,159.99,159.99,159.99,
the travel vaccine room,,,,,,,,,,,,,,,,,,,149.99
the walcote practice,230.0,230.0,230.0,230.0,230.0,230.0,230.0,230.0,230.0,230.0,230.0,230.0,230.0,,,,,,230.0
"the walcote practice, using nationwide pathology",,,,,,,,,,,,,,230.0,230.0,230.0,230.0,230.0,
the wellness people ltd,,,,,,,220.0,220.0,220.0,220.0,220.0,220.0,220.0,,,,,,250.0
"the wellness people ltd, using circular 1 health",,,,,,,,,,,,,,250.0,250.0,250.0,250.0,250.0,
the whitehall clinic,300.0,300.0,300.0,300.0,300.0,300.0,300.0,300.0,300.0,300.0,300.0,300.0,300.0,,,,,,300.0
"the whitehall clinic, using oncologica",,,,,,,,,,,,,,300.0,300.0,300.0,300.0,300.0,
thechemistlive.co.uk,180.0,180.0,180.0,180.0,180.0,180.0,180.0,180.0,180.0,180.0,180.0,180.0,180.0,,,,,,
top health clinic,220.0,220.0,220.0,220.0,220.0,220.0,220.0,220.0,220.0,220.0,220.0,220.0,220.0,,,,,,220.0
"top health clinic, using salient bio",,,,,,,,,,,,,,220.0,220.0,220.0,220.0,220.0,
totley pharmacy ltd,,,,,,,,,,,,,,,,,,,190.0
tower bridge wellness pharmacy,249.0,249.0,249.0,249.0,249.0,249.0,249.0,249.0,249.0,249.0,249.0,249.0,249.0,,,,,,249.0
"tower bridge wellness pharmacy, using salient bio",,,,,,,,,,,,,,249.0,249.0,249.0,249.0,249.0,
tp healthcare services,190.0,190.0,,,,,,,,,,,,,,,,,
tp healthcare services limited,,170.0,,,,,,,,,,,,,,,,,
tp healthcare services ltd,,,165.0,165.0,165.0,165.0,165.0,135.0,135.0,135.0,135.0,135.0,135.0,,,,,,135.0
"tp healthcare services ltd, using oncologica and salient bio",,,,,,,,,,,,,,135.0,135.0,135.0,135.0,135.0,
travel centre,195.0,195.0,195.0,195.0,195.0,195.0,,,,,,,,,,,,,
travel centre clapham,,,,,,,195.0,195.0,180.0,180.0,165.0,,,,,,,,
travel centre clapham ltd,,,,,95.0,95.0,160.0,160.0,160.0,160.0,,170.0,170.0,,,,,,170.0
"travel centre clapham ltd, using salient bio",,,,,,,,,,,,,,170.0,170.0,170.0,170.0,170.0,
travel klinix,230.0,230.0,230.0,230.0,230.0,230.0,230.0,230.0,230.0,230.0,230.0,,,,,,,,
travel test centre ltd,,,,,,,149.0,149.0,149.0,149.0,149.0,149.0,149.0,,,,,,149.0
"travel test centre ltd, using oncologica uk ltd, everything genetics ltd (nonacus) and london medical laboratory ltd",,,,,,,,,,,,,,149.0,149.0,149.0,149.0,149.0,
treated.com,,,,,,,119.0,119.0,119.0,119.0,,,,,,,,,
trio pharmacy,190.0,190.0,190.0,190.0,190.0,190.0,190.0,190.0,190.0,190.0,190.0,190.0,190.0,,,,,,
tuli health,210.0,210.0,210.0,210.0,210.0,210.0,165.0,165.0,165.0,165.0,165.0,165.0,165.0,,,,,,165.0
"tuli health, using labmedexpert, salient bio",,,,,,,,,,,,,,165.0,165.0,165.0,165.0,165.0,
uk covid test centre,,,,,,,,,,,,,,,,,,,20.0
uk event medics,195.0,195.0,,,,,,,,,,,,,,,,,
uk event medics limited,,190.0,190.0,190.0,190.0,190.0,190.0,190.0,190.0,190.0,,,,,,,,,150.0
uk event medics ltd,,,,,,,150.0,150.0,150.0,150.0,150.0,150.0,150.0,,,,,,
"uk event medics ltd, using salient bio and randox",,,,,,,,,,,,,,150.0,150.0,150.0,150.0,150.0,
uk health testing,,,,,,,160.0,39.99,33.0,24.96,4.95,119.0,119.0,,,,,,98.0
"uk health testing, using circular1 health limited",,,,,,,,,,,,,,22.994999999999997,22.994999999999997,22.994999999999997,22.994999999999997,22.994999999999997,
ukcovidtest,,,,,,,,220.0,186.5,186.5,186.5,186.5,186.5,,,,,,104.0
"ukcovidtest, using randox laboratories limited, nonacus",,,,,,,,,,,,,,181.5,181.5,181.5,181.5,181.5,
vaccination uk ltd,,,,,,,165.0,165.0,165.0,165.0,165.0,165.0,165.0,,,,,,165.0
"vaccination uk ltd, using yourgene",,,,,,,,,,,,,,165.0,165.0,165.0,165.0,165.0,
vanite clinic,210.0,210.0,210.0,210.0,210.0,210.0,210.0,210.0,210.0,210.0,210.0,210.0,210.0,,,,,,130.0
"vanite clinic, using tdl, oncologica",,,,,,,,,,,,,,130.0,130.0,130.0,130.0,130.0,
visithealth limited,,,290.0,290.0,290.0,290.0,290.0,290.0,290.0,290.0,290.0,290.0,290.0,,,,,,290.0
"visithealth limited, using medical diagnosis",,,,,,,,,,,,,,290.0,290.0,290.0,290.0,290.0,
vista pharmacy,,,,,,,,,,,,,,,,,,,139.0
vitacheck,,,,,,,,,,,,190.0,190.0,,,,,,190.0
"vitacheck, using 20/30 lab",,,,,,,,,,,,,,190.0,190.0,190.0,190.0,190.0,
vitox,250.0,250.0,250.0,250.0,250.0,250.0,250.0,250.0,250.0,250.0,250.0,250.0,250.0,,,,,,250.0
"vitox, using london medical laboratory,",,,,,,,,,,,,,,250.0,250.0,250.0,250.0,250.0,
vivo clinic,199.0,238.0,205.7,205.7,205.7,205.7,205.7,205.7,205.7,205.7,205.7,205.7,205.7,,,,,,199.0
"vivo clinic, using randox",,,,,,,,,,,,,,199.0,199.0,199.0,199.0,199.0,
vsm pharmacy,,,,,,,199.0,199.0,199.0,199.0,199.0,159.0,159.0,,,,,,159.0
"vsm pharmacy, using yourgene ltd",,,,,,,,,,,,,,159.0,159.0,159.0,159.0,159.0,
well pharmacy (bestway national chemists ltd),,220.0,220.0,220.0,220.0,220.0,185.0,185.0,185.0,185.0,185.0,185.0,185.0,,,,,,
well pharmacy (bestway national chemists),220.0,,,,,,,,,,,,,,,,,,
west midlands,,,,,,,,,,,155.0,155.0,155.0,,,,,,
weston road pharmacy,155.0,155.0,,,,,,,,,,,,,,,,,155.0
"weston road pharmacy, using nonacus",,,,,,,,,,,,,,155.0,155.0,155.0,155.0,155.0,
westwood pharmacy,269.0,269.0,269.0,269.0,269.0,269.0,269.0,269.0,269.0,269.0,,,,,,,,,
winchester gp,250.0,250.0,250.0,250.0,250.0,250.0,250.0,250.0,250.0,250.0,250.0,250.0,250.0,,,,,,250.0
"winchester gp, using nationwide pathology, salient bio",,,,,,,,,,,,,,250.0,250.0,250.0,250.0,250.0,
"woodsetton pharmacy, using everything genetic ltd with nonacus",,,,,,,,,,,,,,145.0,145.0,145.0,145.0,145.0,
world travel clinic,199.0,199.0,199.0,199.0,199.0,199.0,187.0,187.0,187.0,187.0,170.0,170.0,170.0,,,,,,170.0
"world travel clinic, using oncologica",,,,,,,,,,,,,,170.0,170.0,170.0,170.0,170.0,
worldwide travel health clinic,,179.0,179.0,179.0,179.0,179.0,179.0,179.0,179.0,179.0,179.0,149.0,149.0,,,,,,149.0
"worldwide travel health clinic, using alphabiolabs",,,,,,,,,,,,,,149.0,149.0,149.0,149.0,149.0,
wren healthcare,210.0,210.0,210.0,210.0,210.0,210.0,210.0,210.0,210.0,210.0,210.0,210.0,210.0,,,,,,210.0
"wren healthcare, using oncologica",,,,,,,,,,,,,,210.0,210.0,210.0,210.0,210.0,
"www.covidfittoflytest.co.uk t/a nash travel, tourism and transport services ltd.",,,184.99,,,,174.99,174.99,,,,,,,,,,,
xana medtec,210.0,210.0,210.0,116.0,195.0,195.0,178.0,178.0,178.0,178.0,178.0,,,,,,,,
xana medtec ltd,,,,,,,,,,,,156.0,156.0,,,,,,156.0
"xana medtec ltd, using randox laboratories, em analytical & biograd laboratories",,,,,,,,,,,,,,156.0,156.0,156.0,156.0,156.0,
yakub chemist,190.0,190.0,190.0,190.0,190.0,190.0,190.0,190.0,190.0,190.0,190.0,190.0,190.0,,,,,,190.0
"yakub chemist, using randox",,,,,,,,,,,,,,190.0,190.0,190.0,190.0,190.0,
your doctor film and media,,,,,,,,,175.0,175.0,250.0,250.0,250.0,,,,,,250.0
"your doctor film and media, using oncologica",,,,,,,,,,,,,,250.0,250.0,250.0,250.0,250.0,
your gp circle,170.0,170.0,170.0,170.0,170.0,170.0,170.0,170.0,170.0,170.0,170.0,170.0,170.0,,,,,,170.0
"your gp circle, using nonacus",,,,,,,,,,,,,,170.0,170.0,170.0,170.0,170.0,
your health first,175.0,,,,,,,,,,,,,,,,,,150.0
your health first ltd,,130.0,145.0,145.0,145.0,145.0,145.0,145.0,,,,60.0,60.0,,,,,,
"your health first, using nationwide pathology and your gene",,,,,,,,,,,,,,150.0,150.0,150.0,150.0,150.0,
your private health,209.0,209.0,209.0,209.0,209.0,209.0,210.0,210.0,210.0,210.0,210.0,210.0,210.0,,,,,,172.0
"your private health, using em analytical",,,,,,,,,,,,,,209.0,209.0,209.0,209.0,209.0,
yourhealthfirst clinic,,,,,,,189.0,189.0,189.0,210.0,210.0,210.0,210.0,,,,,,210.0
"yourhealthfirst clinic, using biogroup - oncologica-",,,,,,,,,,,,,,210.0,210.0,210.0,210.0,210.0,
ypchealth,,,,,,,,,,,,175.0,175.0,,,,,,175.0
"ypchealth, using source bioscience",,,,,,,,,,,,,,175.0,175.0,175.0,175.0,175.0,
zava,,,,,,,,,,,,138.0,138.0,,,,,,138.0
"zava, using synlab",,,,,,,,,,,,,,138.0,138.0,138.0,138.0,138.0,
zen healthcare,210.0,210.0,,,,,,,,,,,,,,,,,
zen healthcare (purecare ltd),,,200.0,200.0,200.0,200.0,200.0,200.0,200.0,200.0,200.0,200.0,200.0,,,,,,170.0
"zen healthcare (purecare ltd), using randox",,,,,,,,,,,,,,170.0,170.0,170.0,170.0,170.0,
zoomdoc,210.0,198.0,198.0,198.0,198.0,198.0,,,,,,,,,,,,,
zoomdoc health,,,,,,,198.0,198.0,198.0,198.0,198.0,178.0,178.0,,,,,,178.0
"zoomdoc health, using salient bio",,,,,,,,,,,,,,178.0,178.0,178.0,178.0,178.0,
