company_name,Assignments,email_invalid,phone_invalid,num_matches,num_jumps,max_change,registered_name,is_registered,trustpilot_score,score_category,is_reviewed
29 fleet street ltd,1,False,False,2.0,0.0,0.0,,False,,No Score,False
harley street nurses,1,True,False,4.0,0.0,0.0,harley street nominees limited,True,3.8,3-4,True
treated.com,1,False,False,1.0,1.0,100.0,,False,,No Score,False
test for now ltd,1,True,False,2.0,0.0,0.0,,False,1.9,1-2,True
national covid testing (klinical enterprises ltd),1,True,False,3.0,1.0,86.50088809946716,,False,,No Score,False
"t/a nash travel, tourism and transport services ltd",1,True,False,3.0,1.0,3.669926784960635,,False,,No Score,False
covid mobile health services/remote trauma ld,1,True,False,1.0,0.0,0.0,,False,,No Score,False
harley street nurses ltd,1,True,False,4.0,0.0,0.0,,False,,No Score,False
one scientic ltd,1,True,False,1.0,0.0,0.0,,False,3.7,3-4,True
"www.covidfittoflytest.co.uk t/a nash travel, tourism and transport services ltd.",1,True,False,3.0,1.0,3.669926784960635,,False,,No Score,False
"bansals pharmacy (southend on sea),",1,False,False,3.0,1.0,30.681818181818183,,False,4.4,4-5,True
uk testing arrival centre,1,True,True,1.0,0.0,0.0,,False,,No Score,False
acethetix testing services,1,True,False,3.0,2.0,37.288135593220346,.0001 ace - thetix testing services ltd,True,,No Score,False
one scientific ltd.,1,True,False,2.0,1.0,10.422535211267606,one scientific limited,True,3.3,3-4,True
my local travel clinic,1,True,False,1.0,0.0,0.0,,False,4.3,4-5,True
vitox,1,True,False,1.0,0.0,0.0,vitox ltd,True,,No Score,False
labmedexpert limited,1,True,False,2.0,2.0,42.07650273224044,,False,,No Score,False
medicspot,1,True,False,1.0,0.0,0.0,medic spot limited,True,,No Score,False
dr. shilpa dave private gp teddington,1,False,False,3.0,0.0,0.0,,False,,No Score,False
elite safety clinic,1,True,False,1.0,0.0,0.0,,False,,No Score,False
calder pharmacy & medspa clinic,1,True,False,3.0,2.0,45.0,,False,,No Score,False
1corporate covid tests,1,False,False,4.0,3.0,29.761904761904763,,False,3.3,3-4,True
northend clinic,1,False,False,1.0,2.0,19.597989949748744,north end clinic limited,True,1.9,1-2,True
jace medical,1,True,False,2.0,1.0,44.52214452214452,,False,2.7,2-3,True
covido,1,False,False,1.0,1.0,15.789473684210526,covid office conversions limited,True,,No Score,False
concepto clinic,1,False,False,1.0,1.0,18.867924528301888,,False,3.3,3-4,True
expresstest by cignpost diagnostics,1,True,False,4.0,1.0,27.918781725888326,cignpost diagnostics limited,True,,No Score,False
pharmesthetics ltd,1,False,False,2.0,0.0,0.0,,False,,No Score,False
247hometesting.com,1,True,False,2.0,3.0,80.62015503875969,,False,1.6,1-2,True
"pct healthcare t/a peak pharmacy, manor pharmacy, cox-robinson pharmacy",1,True,False,2.0,1.0,14.285714285714285,,False,3.1,3-4,True
shakib&neale limitd (107 harley street),1,False,False,4.0,1.0,5.799648506151142,,False,4.0,3-4,True
harley medic international,1,False,False,4.0,1.0,61.0062893081761,harley street medicare international ltd,True,3.8,3-4,True
andres pharmacy,1,True,False,2.0,2.0,56.29820051413882,,False,,No Score,False
the mayfair gp clinic,1,True,False,2.0,0.0,0.0,the mayfair skin clinic limited,True,4.7,4-5,True
chb medical,1,True,False,3.0,1.0,33.33333333333333,chb medical limited,True,,No Score,False
lord's pharmacy,1,True,False,1.0,1.0,2.380952380952381,,False,2.0,1-2,True
assured screening.com,1,False,False,3.0,1.0,13.262599469496026,,False,,No Score,False
@covid19 health clinics limited,1,False,False,3.0,1.0,9.017496635262454,,False,3.8,3-4,True
+001 expert covid testing uk,1,False,False,5.0,1.0,550.0,,False,3.1,3-4,True
121 pure testing,1,True,False,1.0,0.0,0.0,just pure testing ltd,True,,No Score,False
herts,1,False,True,1.0,0.0,0.0,herts property management ltd,True,,No Score,False
000 book a travel test,1,False,False,2.0,0.0,0.0,,False,2.1,2-3,True
brunswick hygiene,1,False,False,2.0,2.0,31.543624161073826,,False,4.4,4-5,True
arrival testing,1,True,False,1.0,0.0,0.0,,False,3.7,3-4,True
my express testing uk,1,False,False,5.0,0.0,0.0,,False,,No Score,False
12-14 pharmacy,1,False,False,1.0,0.0,0.0,,False,,No Score,False
ypchealth,1,False,False,1.0,0.0,0.0,,False,4.8,4-5,True
10 hs linknurse clinic london,1,False,False,1.0,1.0,100.0,,False,,No Score,False
express testing,1,False,False,9.0,1.0,63.11324234599779,,False,,No Score,False
randox laboratories ltd,1,True,False,2.0,0.0,0.0,,False,,No Score,False
medinow,1,True,False,1.0,0.0,0.0,,False,4.6,4-5,True
london screening centre,1,True,False,1.0,1.0,100.0,london screening centre holdings limited,True,,No Score,False
me360 testing services,1,False,False,3.0,2.0,20.13422818791946,,False,,No Score,False
fakir chemist,1,True,False,1.0,0.0,0.0,,False,4.0,3-4,True
nl clinic,1,True,True,2.0,1.0,19.24119241192412,nl clinic camden ltd,True,,No Score,False
your private health,1,False,False,1.0,2.0,35.714285714285715,,False,4.8,4-5,True
covid19 health clinics limited,1,False,False,3.0,1.0,9.017496635262454,active health clinics limited,True,,No Score,False
cryo express,1,False,False,1.0,0.0,0.0,,False,,No Score,False
midland health,1,True,False,1.0,1.0,18.994413407821227,midland healthcare limited,True,4.0,3-4,True
ace-thetix,1,True,False,4.0,2.0,48.38709677419355,.0001 ace - thetix testing services ltd,True,,No Score,False
leeds covid testing ltd,0,False,False,4.0,7.0,120.58823529411764,ais covid testing ltd,True,,No Score,False
new street pharmacy,1,False,False,2.0,1.0,5.013192612137203,grove street pharmacy limited,True,,No Score,False
al-shadhilli ltd,1,False,False,1.0,0.0,0.0,,False,4.4,4-5,True
.001my express testing,1,False,False,5.0,0.0,0.0,,False,3.9,3-4,True
global covid19 testing,1,False,False,2.0,3.0,24.13793103448276,,False,,No Score,False
jdoc medical linited (t/a jdoc365),1,False,False,5.0,1.0,12.195121951219512,,False,,No Score,False
15 minute covid test,1,True,False,2.0,1.0,30.0,,False,3.7,3-4,True
1rapid clinics,1,False,False,1.0,4.0,13.548387096774196,,False,2.2,2-3,True
mayfair doctors,1,True,False,1.0,1.0,8.695652173913043,mayfair doctors limited,True,3.4,3-4,True
chase lodge hospital,1,True,False,1.0,0.0,0.0,chase lodge hospital pharmacy ltd,True,3.35,3-4,True
klinical enterprises ltd t/a national covid testing,1,True,False,3.0,1.0,167.1232876712329,,False,,No Score,False
pyser testing,1,False,False,1.0,1.0,46.58119658119658,,False,3.3,3-4,True
private gp clinic,1,True,False,4.0,1.0,3.3057851239669422,private gp clinic llp,True,3.3,3-4,True
roc private clinic,1,False,False,4.0,1.0,18.976545842217483,the belvedere private clinic limited,True,1.9,1-2,True
alphamedicol ltd.,1,False,False,2.0,0.0,0.0,,False,,No Score,False
insta care solutions limited,1,True,False,1.0,0.0,0.0,instant care solutions limited,True,4.0,3-4,True
00 harley medic international,1,False,False,4.0,1.0,61.0062893081761,,False,4.4,4-5,True
harveyrhys clinic,1,True,False,1.0,0.0,0.0,,False,,No Score,False
evolve medical,1,True,False,2.0,0.0,0.0,evolve medical aesthetics limited,True,3.0,2-3,True
samedaydoctor manchester,1,True,False,2.0,1.0,31.03448275862069,,False,4.1,4-5,True
clear diagnostics ltd,1,False,False,4.0,2.0,17.980422462648125,clearsky medical diagnostics ltd,True,3.2,3-4,True
a yct medlabs,1,True,False,1.0,0.0,0.0,,False,,No Score,False
moore medical practice,1,False,False,2.0,0.0,0.0,john moore dental practice limited,True,4.9,4-5,True
london medical concierge,1,True,False,2.0,0.0,0.0,belmont medical concierge london ltd,True,,No Score,False
london covid testing,1,False,False,2.0,1.0,4.5662100456621,,False,4.7,4-5,True
me360 healthcare ltd t/a me360 testing services,1,False,False,3.0,2.0,20.13422818791946,,False,,No Score,False
daya pharmacy,1,True,False,2.0,2.0,64.66431095406361,,False,,No Score,False
1 corporate covid tests,1,False,False,4.0,3.0,29.761904761904763,,False,3.3,3-4,True
london elite health,1,True,False,1.0,0.0,0.0,,False,4.7,4-5,True
tuli health,1,True,False,1.0,1.0,21.428571428571427,pink tulip health and beauty care limited,True,,No Score,False
everything genetic limited,1,True,False,4.0,3.0,79.70153918274866,,False,,No Score,False
leeds covid testing,1,False,False,3.0,1.0,6.249999999999994,,False,,No Score,False
easy testing ltd,1,False,False,2.0,1.0,12.436548223350254,,False,,No Score,False
zen healthcare,1,False,False,4.0,2.0,42.75,zen healthcare services ltd,True,,,
pyramid pharmacy,1,False,False,4.0,1.0,24.43324937027708,,False,,No Score,False
chelsea pharmacy medical clinic,1,False,False,2.0,1.0,2.0408163265306123,,False,,No Score,False
0+g16 covid testing,0,False,False,4.0,4.0,395.0,,False,2.9,2-3,True
occupational health bristol,1,True,False,1.0,3.0,412.9520389843549,abel occupational health resolutions ltd,True,,No Score,False
calder pharmacy & medspa clinic notting hill,1,True,False,3.0,2.0,45.0,,False,,No Score,False
epistem,1,True,False,1.0,0.0,0.0,,False,2.1,2-3,True
private gp services uk ltd,1,True,False,1.0,0.0,0.0,private gp services (uk) limited,True,,No Score,False
healthwork ltd,1,True,False,2.0,0.0,0.0,,False,,No Score,False
nottinghamshire,1,True,False,1.0,0.0,0.0,nottinghamshire county council ,True,,No Score,False
minton treharne & davies laboratories limited,1,True,False,2.0,2.0,26.31578947368421,,False,,No Score,False
nhl pharmacy,1,True,True,7.0,1.0,9.789343246592312,,False,,No Score,False
halo verify,1,True,True,1.0,1.0,10.674157303370784,,False,4.4,4-5,True
the guildhall practice,1,False,False,1.0,0.0,0.0,friends of the guildhall c.i.c.,True,,No Score,False
remedys pharmacy,1,True,False,2.0,0.0,0.0,,False,,No Score,False
masters (uk) limited t/a nechells pharmacy and masters pharmacy,1,False,False,4.0,1.0,6.666666666666667,,False,,No Score,False
pt diagnostics,1,True,True,6.0,3.0,42.18009478672986,cignpost diagnostics limited,True,,No Score,False
test for now,1,True,False,2.0,0.0,0.0,,False,4.3,4-5,True
g16 covid testing,0,False,False,4.0,4.0,395.0,alpha biolaboratories covid-19 testing limited,True,,No Score,False
northway clinic,1,False,False,1.0,0.0,0.0,,False,3.4,3-4,True
the new foscote hospital,1,True,False,1.0,1.0,83.33333333333334,,False,4.4,4-5,True
uk event medics ltd,1,True,False,2.0,0.0,0.0,uk event medics limited,True,,No Score,False
abicare health solutions,1,False,False,3.0,4.0,241.33333333333331,,False,2.8,2-3,True
ambulance services 24 ltd,1,False,False,1.0,0.0,0.0,,False,,No Score,False
protein technologies ltd t/a as rapiditydx,1,True,False,2.0,0.0,0.0,,False,,No Score,False
masters pharmacy,1,False,False,4.0,1.0,6.666666666666667,,False,3.7,3-4,True
doctors clinic group,1,True,False,1.0,1.0,9.58904109589041,,False,,No Score,False
lifecrest ltd trading as (lifecrest medical laboratory),1,True,False,2.0,0.0,0.0,lifecrest trading ltd,True,4.2,4-5,True
pulteney pharmacy,1,False,False,1.0,0.0,0.0,,False,,No Score,False
enoura medical (af aesthetics),1,False,False,2.0,0.0,0.0,,False,2.1,2-3,True
rosalynâ€™s medical and wellbeing clinic,1,False,False,2.0,0.0,0.0,,False,3.2,3-4,True
chelsea medical,1,True,False,2.0,0.0,0.0,chelsea medics llp,True,,No Score,False
zoomdoc,1,True,False,2.0,2.0,26.595744680851062,zoomdoctor limited,True,,,
1 covclinics,0,True,False,1.0,9.0,324.975,,False,3.4,3-4,True
mk18 private medical practice,1,False,False,2.0,0.0,0.0,kings hill private medical practice limited,True,,No Score,False
mlp,1,True,False,1.0,1.0,700.40020010005,mlp wealth management ltd,True,,No Score,False
woodsetton pharmacy,1,False,False,2.0,1.0,4.10958904109589,,False,,No Score,False
+247 travel tests,1,False,False,2.0,3.0,70.93023255813954,,False,2.7,2-3,True
101 covid travel clinic,1,True,False,3.0,2.0,97.35099337748343,,False,4.5,4-5,True
rb healthcare ltd,1,False,False,2.0,1.0,15.485564304461944,r.b. healthcare properties limited,True,,No Score,False
myhealthcare clinic,1,True,False,1.0,1.0,35.714285714285715,,False,2.7,2-3,True
church pharmacy weybridge,1,True,False,2.0,0.0,0.0,,False,2.9,2-3,True
a hasu diagnostics,1,False,False,1.0,0.0,0.0,,False,,No Score,False
coyne medical ltd,1,False,False,3.0,0.0,0.0,,False,,No Score,False
101 testing,0,False,False,2.0,5.0,412.0,,False,3.5,3-4,True
1 nhl pharmacy,1,True,False,2.0,1.0,13.636363636363637,,False,,No Score,False
genesis support (t/a fit to fly uk),1,True,False,2.0,2.0,72.72727272727273,,False,,No Score,False
midland covid testing,1,True,False,3.0,1.0,13.42952275249722,,False,,No Score,False
c & h esher limited (t/a central pharmacy),1,False,False,1.0,0.0,0.0,,False,,No Score,False
clear diagnostics,1,False,True,3.0,1.0,21.861924686192477,clearsky medical diagnostics ltd,True,4.7,4-5,True
advisa  medica,1,True,False,3.0,2.0,32.72727272727273,,False,2.5,2-3,True
04 medical testing,0,True,False,7.0,6.0,209.375,4 medical testing limited,True,3.4,3-4,True
me360 healthcare limited t/a me360 testing services,1,False,False,3.0,2.0,20.13422818791946,,False,,No Score,False
leigh broadway pharmacy (elm road),1,False,False,2.0,2.0,64.66431095406361,,False,2.7,2-3,True
covid-19 travel clinic,1,True,True,4.0,3.0,73.67346938775509,,False,3.5,3-4,True
nivha laboratory services ltd.,1,True,False,3.0,1.0,4.878048780487799,c4l laboratory services ltd,True,3.1,3-4,True
south west london covid 19 testing centre,1,False,False,2.0,3.0,18.09523809523809,,False,3.8,3-4,True
avery labs,1,True,False,1.0,0.0,0.0,,False,,No Score,False
4 medical testing,0,True,False,7.0,6.0,209.375,j2 medical testing uk ltd,True,3.4,3-4,True
testngo,1,True,False,1.0,0.0,0.0,,False,,No Score,False
expert medicals,0,True,False,2.0,4.0,400.3573981415297,expert medicolegal limited,True,4.5,4-5,True
tp healthcare services ltd,1,False,False,3.0,1.0,22.857142857142858,tp healthcare ltd,True,,No Score,False
258 postal racoo screening ltd,1,True,False,1.0,1.0,48.48484848484848,,False,,No Score,False
covid testing laboratories ltd,1,True,False,4.0,3.0,41.37931034482759,,False,,No Score,False
nechells pharmacy and masters pharmacy,1,False,False,4.0,1.0,6.666666666666667,,False,3.4,3-4,True
ghosh medical group,1,True,False,3.0,1.0,54.3076923076923,,False,,No Score,False
the wellness people ltd,1,True,False,1.0,1.0,13.636363636363637,the wellness people ltd,True,4.9,4-5,True
first medical consultants,1,True,False,3.0,2.0,7.035175879396985,,False,4.0,3-4,True
ukcovidtest,1,False,False,2.0,3.0,42.69972451790633,,False,,No Score,False
t consultants,1,False,False,3.0,2.0,5.604719764011799,tinworth consultants ab ,True,3.2,3-4,True
sloane street testing,1,True,False,1.0,1.0,39.18367346938776,,False,3.5,3-4,True
harley street dr,0,False,False,5.0,6.0,306.1224489795918,dr q london harley street ltd,True,,No Score,False
cignpost diagnostics,1,True,False,4.0,1.0,27.918781725888326,cignpost diagnostics limited,True,3.9,3-4,True
medical and rescue - london and lhr,1,True,False,3.0,0.0,0.0,medical and rescue ltd,True,,No Score,False
https://private-testing-providers.london.cloudapps.digital/refresh-cache?id=750482,1,True,False,2.0,0.0,0.0,,False,,No Score,False
rainbow labs,1,True,False,1.0,3.0,17.24137931034483,,False,3.4,3-4,True
mdna life sciences (uk) ltd,1,False,False,2.0,1.0,100.0,,False,,No Score,False
arrival test centre,1,True,True,1.0,1.0,775.0,,False,2.9,2-3,True
claret diagnostics ltd,1,True,False,4.0,2.0,19.228817858954848,,False,,No Score,False
arrival diagnostics,1,True,False,1.0,0.0,0.0,,False,2.9,2-3,True
123 clinics,0,True,False,2.0,5.0,1096.7871485943776,,False,,No Score,False
nutraceuticals laboratory london limited,1,True,False,1.0,1.0,80.95238095238095,,False,2.5,2-3,True
i-gen testing limited,1,True,False,2.0,4.0,70.40816326530613,,False,,No Score,False
harper medical ltd,1,False,False,2.0,0.0,0.0,harper medical technology limited,True,,No Score,False
physiofunction,1,True,False,1.0,0.0,0.0,physiofunction (supplies) ltd,True,3.2,3-4,True
concierge medical practice,1,False,True,3.0,0.0,0.0,,False,3.4,3-4,True
acorn occupational health ltd,1,True,True,2.0,2.0,8.235294117647058,,False,,No Score,False
thechemistlive.co.uk,1,False,False,1.0,0.0,0.0,,False,,No Score,False
caliber medical services,1,True,False,2.0,0.0,0.0,,False,,No Score,False
the bridge clinic,1,True,False,1.0,1.0,33.33333333333333,,False,,No Score,False
quest medical,1,False,False,2.0,0.0,0.0,quest medical development ltd,True,,No Score,False
004medical testing,0,True,False,7.0,6.0,209.375,,False,3.4,3-4,True
1 st class testing,1,False,False,4.0,2.0,88.18181818181819,,False,2.1,2-3,True
medi-swift,1,True,False,1.0,0.0,0.0,mediswift international health services uk limited,True,,No Score,False
corona testing,1,True,False,2.0,1.0,95.26627218934912,,False,1.8,1-2,True
easy testing,1,False,False,2.0,1.0,12.436548223350254,cfstestnondesg testing,True,,No Score,False
solihull health check clinic,1,True,False,1.0,0.0,0.0,,False,4.4,4-5,True
knightsbridge pharmacy,1,False,False,1.0,0.0,0.0,,False,,No Score,False
001 covid test,0,True,False,2.0,8.0,166.66666666666669,,False,2.0,1-2,True
south west london covid-19 centre,1,False,False,1.0,0.0,0.0,,False,3.6,3-4,True
medic testing,1,True,False,2.0,3.0,33.33333333333333,4 medical testing limited,True,,No Score,False
good egg medical limited,1,True,False,3.0,3.0,44.11764705882353,,False,3.2,3-4,True
your health first ltd,1,True,False,2.0,3.0,59.32203389830508,yourhealthfirst clinic ltd,True,,No Score,False
tamsel (uk) ltd,1,False,False,1.0,0.0,0.0,,False,,No Score,False
.medical covid test,1,False,False,4.0,3.0,275.0,,False,,No Score,False
eurofins forensic services ltd,1,True,False,3.0,2.0,233.67037411526783,,False,,No Score,False
london medical laboratory,1,True,False,3.0,2.0,35.50295857988166,mobile medical laboratory london limited,True,,No Score,False
tac healthcare group,1,True,False,1.0,0.0,0.0,,False,,No Score,False
bristol travel clinic,1,True,False,1.0,0.0,0.0,,False,4.4,4-5,True
pharmasuite,1,True,False,1.0,0.0,0.0,,False,,No Score,False
blindspot global ltd,1,True,False,2.0,3.0,72.22222222222221,blindspot ltd,True,4.0,3-4,True
global health travel clinic - longcross surrey,1,True,False,2.0,0.0,0.0,global health travel clinic ltd,True,,No Score,False
vsm pharmacy,1,False,False,1.0,1.0,20.100502512562816,,False,,No Score,False
0ptimized body & mind,0,False,False,3.0,8.0,183.3333333333333,,False,3.3,3-4,True
1 alpha express testing,1,False,False,4.0,1.0,72.41189047520518,,False,3.6,3-4,True
private gp teddington,1,False,False,3.0,0.0,0.0,,False,,No Score,False
the travel health clinic,1,False,False,7.0,2.0,14.552530898907373,the travel and health clinic llp,True,,No Score,False
abg covic ltd,1,True,False,1.0,1.0,16.901408450704224,,False,3.2,3-4,True
gpdq ltd,1,False,False,2.0,0.0,0.0,,False,4.3,4-5,True
church pharmacy,1,True,False,2.0,0.0,0.0,,False,4.5,4-5,True
dante labs,1,False,False,1.0,1.0,27.58620689655172,,False,,No Score,False
reviv uk,1,True,False,1.0,0.0,0.0,reviv uk ltd,True,,No Score,False
duality health,1,False,False,1.0,0.0,0.0,applied duality ltd,True,,No Score,False
pureflo health ltd,1,True,False,1.0,0.0,0.0,,False,,No Score,False
healthwork,1,True,False,2.0,0.0,0.0,healthwork group limited,True,,No Score,False
@001 alpha express testing,1,False,False,4.0,1.0,72.41189047520518,,False,3.9,3-4,True
westwood pharmacy,1,True,False,1.0,0.0,0.0,,False,,No Score,False
samedaydoctor,1,True,False,4.0,1.0,31.03448275862069,samedaydoctor city limited,True,,No Score,False
travel centre clapham,1,True,False,3.0,2.0,4.615384615384616,,False,,No Score,False
.001expert tms limited,0,False,False,3.0,7.0,2304.6092184368736,,False,3.1,3-4,True
004 medical testing,0,True,False,7.0,6.0,209.375,4 medical testing limited,True,3.4,3-4,True
mayfield clinic,1,True,False,1.0,0.0,0.0,the mayfield clinic limited,True,,No Score,False
calder pharmacy & medspa clinic of notting hill,1,True,False,3.0,2.0,45.0,,False,,No Score,False
bansals pharmacy,1,True,False,3.0,1.0,30.681818181818183,,False,,No Score,False
everwell chinese medical centre ltd,1,False,False,3.0,1.0,27.12933753943218,arborvitae chinese medical centre ltd.,True,2.0,1-2,True
rapiditydx,1,True,True,4.0,0.0,0.0,,False,,No Score,False
1affordabletest.com,1,True,False,3.0,2.0,55.13910850891064,,False,2.7,2-3,True
pyramid pharmacy woolwich,1,False,False,3.0,1.0,21.602787456445995,,False,,No Score,False
newcastle premier health,1,True,False,1.0,0.0,0.0,,False,,No Score,False
london screening street,1,True,False,1.0,0.0,0.0,,False,,No Score,False
c & h esher ltd,1,False,True,2.0,0.0,0.0,,False,,No Score,False
118 testing,0,True,False,3.0,5.0,412.0,,False,,No Score,False
travel centre,1,True,False,3.0,2.0,4.615384615384616,travelcentre (clapham) limited,True,,No Score,False
tp healthcare services limited,1,False,False,4.0,1.0,23.943661971830984,tp healthcare ltd,True,,No Score,False
0000covid 19 private test ltd,1,True,False,3.0,1.0,22.115577889447238,covid private tests limited,True,,No Score,False
everythinggeneticlimited,1,False,False,3.0,2.0,82.53968253968253,,False,3.1,3-4,True
01st class testing,1,False,False,4.0,2.0,88.18181818181819,,False,2.1,2-3,True
yourhealthfirst clinic,1,True,False,1.0,1.0,11.11111111111111,,False,4.8,4-5,True
consultant clinic,0,True,False,1.0,5.0,12.903225806451612,consultant clinic birmingham ltd,True,,No Score,False
afforable tfnow,1,True,False,1.0,1.0,745.0,,False,,No Score,False
kings medical centre,1,True,False,3.0,1.0,27.12933753943218,kings house medical centre limited,True,,No Score,False
collingwood health,1,True,False,1.0,1.0,10.582010582010582,collingwood healthcare solutions ltd,True,4.6,4-5,True
chronomics,1,False,False,1.0,1.0,2.857142857142857,,False,,No Score,False
alexandru livinschi (t/a gat c-19),1,False,False,1.0,0.0,0.0,,False,4.6,4-5,True
corona-testing,1,True,False,2.0,1.0,95.26627218934912,,False,3.3,3-4,True
1 harley medic international,1,False,False,4.0,1.0,61.0062893081761,,False,4.4,4-5,True
iqdoctor,1,False,False,1.0,2.0,25.833333333333336,,False,2.7,2-3,True
edgcare private community family doctors,1,True,False,1.0,0.0,0.0,,False,,No Score,False
optipharm pharmacy,1,True,False,1.0,2.0,18.867924528301888,,False,,No Score,False
london corona test centre,1,True,False,2.0,3.0,31.31868131868132,,False,4.4,4-5,True
mobihealth international,1,False,False,1.0,1.0,54.054054054054056,,False,4.9,4-5,True
travel centre clapham ltd,1,True,False,3.0,2.0,4.615384615384616,,False,4.9,4-5,True
outcome diagnostics,0,False,False,3.0,4.0,561.1111111111111,,False,4.4,4-5,True
mhf medical concierge,1,False,False,3.0,1.0,33.20964749536178,,False,3.1,3-4,True
dr tim lebens,1,False,False,1.0,1.0,5.748275862068971,,False,,No Score,False
summerfield healthcare,1,True,False,1.0,0.0,0.0,summerfields healthcare limited,True,,No Score,False
queen anne street medical centre,1,False,False,2.0,1.0,20.8,,False,,No Score,False
remedi health,1,True,False,1.0,0.0,0.0,,False,,No Score,False
baseline medicine,1,True,False,1.0,1.0,31.746031746031743,,False,2.6,2-3,True
.expert doctors,0,True,False,3.0,9.0,1081.081081081081,expert doctors ltd,True,3.0,2-3,True
easter pharmacy,1,True,False,4.0,1.0,6.666666666666667,,False,,No Score,False
laser and light,1,False,False,1.0,0.0,0.0,laser and light kent ltd,True,,No Score,False
dna workplace,1,False,False,1.0,4.0,60.83333333333333,,False,4.3,4-5,True
ingleton pharmacy,1,True,False,1.0,0.0,0.0,,False,4.0,3-4,True
.0001 ace-thetix,1,True,False,3.0,2.0,48.38709677419355,,False,,No Score,False
everything genetic ltd,1,False,False,4.0,3.0,79.70153918274866,,False,,No Score,False
jdoc medical limited (t/a jdoc365),1,False,False,5.0,1.0,12.195121951219512,,False,,No Score,False
covid testing laboraratories,1,True,False,4.0,3.0,41.37931034482759,,False,4.5,4-5,True
anglia dna services,0,True,False,1.0,5.0,55.55555555555556,,False,4.3,4-5,True
1west end medical practice uk,1,True,False,3.0,0.0,0.0,west end medical practice (uk) ltd,True,,No Score,False
msi clinics,0,True,False,3.0,5.0,350.0,,False,3.9,3-4,True
121 covicall,0,True,False,1.0,5.0,577.2727272727273,,False,,No Score,False
travel 19,1,False,False,2.0,1.0,14.87550542668652,devonways travel (1982) limited,True,,No Score,False
pcrtravel ltd london,1,True,False,1.0,3.0,609.5238095238095,,False,,No Score,False
eurofins forensic services,1,True,False,3.0,2.0,233.67037411526783,,False,2.0,1-2,True
west midlands,1,False,False,5.0,1.0,6.502242152466364,west midlands anaesthesia ltd,True,,No Score,False
xana medtec,1,False,False,2.0,3.0,68.10344827586206,,False,3.2,3-4,True
hampshire travel clinic,1,False,False,1.0,0.0,0.0,,False,4.0,3-4,True
heart lung centre,1,False,False,1.0,0.0,0.0,,False,,No Score,False
private-testing-providers london cloudapps digital refresh,1,True,False,2.0,0.0,0.0,,False,1.8,1-2,True
the regenerative clinic,1,True,False,1.0,1.0,32.27272727272727,the regenerative clinic ltd,True,3.8,3-4,True
future health technologies,1,True,False,2.0,2.0,163.1578947368421,,False,2.9,2-3,True
247 travel tests,1,False,False,2.0,3.0,70.93023255813954,uk travel tests ltd,True,2.7,2-3,True
oxford covid tests,1,True,False,2.0,1.0,18.181818181818183,,False,,No Score,False
+44 covid test,0,False,False,4.0,5.0,74.74747474747475,,False,1.5,1-2,True
london medical laboratory / private coronavirus tests,1,True,False,3.0,2.0,35.50295857988166,,False,,No Score,False
@harley street nurses (t/a harley street nurses ltd),1,True,False,4.0,0.0,0.0,,False,4.3,4-5,True
atropa blood clinic,1,False,False,1.0,0.0,0.0,,False,4.6,4-5,True
randox health airport testing,1,True,False,1.0,0.0,0.0,,False,3.3,3-4,True
covid test,0,True,False,42.0,11.0,127.08333333333331,covid testing laboratories limited,True,,No Score,False
assured screening,1,False,False,3.0,1.0,13.262599469496026,,False,,No Score,False
local pcr,1,True,False,1.0,1.0,7.142857142857142,,False,4.7,4-5,True
gpdq,1,False,False,2.0,0.0,0.0,,False,3.5,3-4,True
mediscan diagnostic services,1,True,False,1.0,0.0,0.0,,False,,No Score,False
sussex healthcare solutions ltd,1,True,True,2.0,2.0,67.79661016949152,,False,,No Score,False
harper institute ltd,1,False,False,1.0,0.0,0.0,,False,,No Score,False
my private chemist,1,False,False,1.0,2.0,62.5,,False,,No Score,False
your gp circle,1,False,False,1.0,0.0,0.0,,False,,No Score,False
the pharmacy at mayfair and clinic,1,False,False,1.0,0.0,0.0,,False,,No Score,False
dr. wayne cotrell & co.,1,True,False,2.0,0.0,0.0,,False,,No Score,False
family medics,1,True,False,1.0,1.0,20.100502512562816,your family medics limited,True,3.2,3-4,True
abicare health solutions ltd (riva health),1,False,False,3.0,4.0,241.33333333333331,,False,,No Score,False
sorcha biotech,1,True,False,1.0,0.0,0.0,,False,4.4,4-5,True
dgc health ltd,1,True,False,2.0,1.0,12.0,,False,4.6,4-5,True
*everything genetic ltd,1,False,False,3.0,3.0,30.696670076145026,,False,,No Score,False
future health technologies limited,1,False,False,2.0,2.0,163.1578947368421,,False,4.0,3-4,True
scotnursing & medical services (snms),1,True,False,2.0,0.0,0.0,scotnursing & medical services limited,True,,No Score,False
the whitehall clinic,1,True,False,1.0,0.0,0.0,,False,,No Score,False
123covidtests,1,False,False,2.0,1.0,550.0,,False,1.4,1-2,True
travel klinix,1,True,False,1.0,0.0,0.0,,False,,No Score,False
goodbody clinic,1,True,False,1.0,0.0,0.0,,False,,No Score,False
future healthcare ltd,1,True,False,2.0,1.0,15.485564304461944,future healthcare limited,True,,No Score,False
covid test hub,1,False,False,2.0,1.0,45.2513966480447,,False,,No Score,False
oscartech uk,1,True,False,1.0,1.0,10.32258064516129,oscartechno limited,True,1.4,1-2,True
covid travel clinics,1,True,False,4.0,3.0,67.10526315789474,,False,,No Score,False
fit2fly24/7 ltd,1,True,False,1.0,1.0,29.403459230497702,,False,4.7,4-5,True
123 covid labs,1,False,False,1.0,2.0,650.0,,False,2.8,2-3,True
the medic clinic,1,False,False,1.0,0.0,0.0,,False,,No Score,False
roshni clinic,1,True,False,1.0,0.0,0.0,,False,,No Score,False
elements medical,1,True,False,2.0,2.0,33.035714285714285,four elements medical services ltd,True,,No Score,False
protein technologies ltd / rapiditydx,1,True,False,3.0,0.0,0.0,,False,,No Score,False
recovery4life,1,True,False,1.0,0.0,0.0,recovery 4 life limited,True,,No Score,False
af aesthetics (enoura medical),1,False,False,2.0,1.0,30.869565217391305,,False,,No Score,False
1  harley medic international,1,False,False,4.0,1.0,61.0062893081761,,False,4.4,4-5,True
john bell & croyden,1,False,False,1.0,0.0,0.0,,False,,No Score,False
confirm testing,0,False,False,2.0,6.0,295.0,,False,4.1,4-5,True
heathrow medical services llp,1,True,False,3.0,1.0,17.098445595854923,,False,2.5,2-3,True
worldwide travel health clinic,1,True,False,4.0,2.0,14.716846173950124,,False,,No Score,False
vivo clinic,1,True,False,1.0,2.0,19.597989949748744,vivo clinic birmingham limited,True,,No Score,False
.004 medical testing,0,True,False,7.0,6.0,209.375,j2 medical testing uk ltd,True,3.4,3-4,True
winchester gp,1,True,False,1.0,0.0,0.0,winchester & weywood inc ,True,4.9,4-5,True
bestway national chemists t/a well pharmacy ltd,1,True,False,1.0,0.0,0.0,bestway national chemists limited,True,3.7,3-4,True
0001travelscreening,1,False,False,1.0,0.0,0.0,,False,,No Score,False
outcome diagnostics t/a 123 tests,1,False,False,2.0,0.0,0.0,,False,,No Score,False
001expert covid testing uk,1,False,False,5.0,1.0,550.0,,False,3.1,3-4,True
pct healthcare,1,True,False,2.0,1.0,14.285714285714285,pct healthcare limited,True,,No Score,False
confirm testing limited,0,False,False,2.0,6.0,295.0,,False,4.6,4-5,True
1 stop covid shop,0,True,True,1.0,11.0,775.0,1 stop covid testing ltd,True,1.6,1-2,True
covguard premium,1,True,False,2.0,2.0,6.097560975609756,,False,,No Score,False
d&a screening ltd,1,False,False,1.0,1.0,6.711409395973154,,False,,No Score,False
midland covid testing limited,1,True,True,4.0,1.0,6.063193851409053,ais covid testing ltd,True,,No Score,False
t consultants ltd,1,False,False,2.0,2.0,11.11111111111111,independant training and education consultants ltd,True,,No Score,False
the walcote practice,1,True,False,1.0,0.0,0.0,,False,,No Score,False
107 harley street,1,False,False,5.0,1.0,15.617128463476076,,False,,No Score,False
randox laboratories,1,True,False,2.0,0.0,0.0,,False,,No Score,False
medical logistics / samedaycoronavirustests.com,1,True,False,3.0,0.0,0.0,,False,3.1,3-4,True
rb health and safety solutions ltd,1,True,False,1.0,0.0,0.0,,False,,No Score,False
rivahealth,1,True,False,1.0,0.0,0.0,riva health and beauty limited,True,,No Score,False
nationwide pathology limited,1,True,False,2.0,2.0,23.423423423423426,,False,,No Score,False
weston road pharmacy,1,True,False,1.0,0.0,0.0,,False,,No Score,False
heald green pharmacy,1,True,False,2.0,1.0,2.702702702702702,,False,,No Score,False
expert covid testing uk,1,False,False,5.0,1.0,550.0,,False,3.1,3-4,True
medical,0,True,False,73.0,6.0,76.8172888015717,medical synergies ltd,True,,No Score,False
blue horizon medicals,1,True,False,2.0,1.0,19.55056179775281,,False,,No Score,False
visithealth limited,1,True,False,1.0,0.0,0.0,,False,,No Score,False
southdowns private healthcare,1,False,False,1.0,0.0,0.0,,False,,No Score,False
mdx healthcare ltd t/a medix,1,True,False,2.0,2.0,69.74358974358974,,False,,No Score,False
covid test centre,1,False,False,3.0,1.0,27.247191011235948,,False,,No Score,False
pharmesthetics ltd (t/a http://www.samedayclinic.co.uk),1,False,False,2.0,0.0,0.0,,False,3.3,3-4,True
medicines online ltd,0,True,False,2.0,8.0,245.00000000000003,,False,3.1,3-4,False
100 covid clear,0,False,False,2.0,9.0,3495.959595959596,,False,3.1,3-4,True
north devon travel clinic,1,False,True,1.0,3.0,64.1025641025641,south devon travel clinic ltd,True,,No Score,False
vanite clinic,1,True,False,3.0,1.0,21.7032967032967,,False,,No Score,False
midlands ultrasound and medical services,1,True,False,2.0,1.0,30.23255813953488,,False,4.0,3-4,True
pulmonics,1,False,False,1.0,1.0,20.0,,False,,No Score,False
expert doctors,0,True,False,3.0,9.0,1081.081081081081,expert doctors ltd,True,3.9,3-4,True
well pharmacy (bestway national chemists ltd),1,True,False,2.0,1.0,15.909090909090908,,False,4.3,4-5,True
"cheltenham, west midlands & worcester travel clinics",1,False,True,2.0,0.0,0.0,,False,3.3,3-4,True
biolab london ltd,1,False,False,1.0,0.0,0.0,,False,4.9,4-5,True
black and banton,1,True,False,1.0,0.0,0.0,black & banton occupational and physical health limited,True,3.0,2-3,True
healthclic,1,False,False,11.0,2.0,14.428473177441548,healthclick ltd,True,,No Score,False
minton treharne & davies laboratories,1,True,False,2.0,2.0,26.31578947368421,,False,2.5,2-3,True
expert tms limited,0,False,False,3.0,7.0,2304.6092184368736,,False,,No Score,False
msh medical,1,True,False,4.0,1.0,44.48669201520912,msh medical spa holding ltd,True,3.9,3-4,True
medical logistics,1,True,False,3.0,0.0,0.0,medical logistics ltd,True,3.1,3-4,True
affinity health,1,True,False,1.0,0.0,0.0,affinity health ltd,True,,No Score,False
covid clear clinic,1,False,False,1.0,0.0,0.0,,False,3.5,3-4,True
ramss limited,1,False,False,2.0,1.0,1.818181818181818,,False,3.4,3-4,True
covguard,1,True,False,2.0,2.0,6.097560975609756,,False,,No Score,False
coronafocus by oncologica uk,1,False,False,2.0,2.0,20.0,,False,,No Score,False
sloane square medical,1,True,False,2.0,1.0,4.3478260869565215,,False,,No Score,False
dr mo private clinic,1,False,False,5.0,1.0,16.373239436619713,blackwater private clinic ltd,True,,No Score,False
candarin medical,1,True,False,2.0,1.0,24.88888888888889,,False,,No Score,False
good egg medical,1,True,False,3.0,3.0,44.11764705882353,,False,3.2,3-4,True
js biomedical ltd,1,False,False,2.0,1.0,12.5,jsm biomedical services ltd,True,,No Score,False
mayfair pharmacy,1,False,False,1.0,0.0,0.0,,False,3.4,3-4,True
covid testing laboratories,1,True,False,4.0,3.0,41.37931034482759,,False,3.1,3-4,True
118testing,1,True,True,2.0,3.0,363.3333333333333,,False,,No Score,False
optimized body &  mind,0,False,False,3.0,8.0,183.3333333333333,,False,,No Score,False
randox health london limited,1,True,False,1.0,0.0,0.0,,False,,No Score,False
corporate covid tests,1,False,False,4.0,3.0,29.761904761904763,,False,2.8,2-3,True
flow living medi-care services,1,True,True,1.0,1.0,10.526315789473683,,False,,No Score,False
uk covid test centre,1,False,False,3.0,1.0,27.247191011235948,,False,,No Score,False
london nutrition doctor,1,False,False,1.0,0.0,0.0,,False,4.5,4-5,True
ctm (nhs t&t),1,True,False,1.0,1.0,20.0,,False,1.7,1-2,True
29 fleet street ltd t/a fleet street clinic,1,False,False,2.0,0.0,0.0,,False,,No Score,False
kyl healthcare services limited t/as the honeybee private nurse clinic,1,True,False,3.0,0.0,0.0,,False,3.1,3-4,True
the mayfair gp,1,True,False,2.0,0.0,0.0,,False,,No Score,False
guildhall pharmacy,1,True,False,1.0,0.0,0.0,,False,3.7,3-4,True
atruchecks,1,True,False,1.0,2.0,57.60869565217392,,False,4.6,4-5,True
"cheltenham, worcester and west midlands travel clinics",1,False,True,3.0,0.0,0.0,,False,4.9,4-5,True
fit2fly test ltd,1,True,False,1.0,0.0,0.0,,False,,No Score,False
solice health ltd,1,False,False,1.0,0.0,0.0,,False,,No Score,False
mdna life sciences,1,False,True,2.0,1.0,100.0,advent life sciences llp,True,,No Score,False
doctor driver assessment ltd,0,True,False,1.0,5.0,135.78165190054298,,False,4.5,4-5,True
zava,1,False,False,1.0,0.0,0.0,,False,4.8,4-5,True
empire medicines ltd t/a empire pharmacy,1,True,False,1.0,0.0,0.0,,False,,No Score,False
my express testing,1,False,False,5.0,0.0,0.0,,False,2.5,2-3,True
samedaydoctor city clinic,1,True,False,2.0,1.0,31.03448275862069,,False,,No Score,False
research consultancy and health ltd,1,False,False,2.0,1.0,12.0,,False,,No Score,False
katalyst laboratories,1,True,False,1.0,0.0,0.0,,False,,No Score,False
fusion pharmacy,1,False,False,2.0,1.0,8.433734939759036,,False,4.7,4-5,True
#nomad travel,1,True,False,3.0,2.0,74.74747474747475,,False,3.1,3-4,True
live covid testing,0,False,False,2.0,11.0,165.95744680851064,,False,4.1,4-5,True
rapid health test,1,False,False,1.0,1.0,10.050251256281408,,False,,No Score,False
"dr wayne cottrell, private gp canary wharf",1,True,False,2.0,1.0,7.476635514018691,,False,,No Score,False
"c & h esher ltd t/a central pharmacy, esher",1,False,False,2.0,0.0,0.0,,False,4.9,4-5,True
pyramid pharmacy bermondsey,1,False,False,3.0,1.0,24.369747899159663,,False,,No Score,False
crown laboratories ltd,1,True,False,1.0,1.0,127.27272727272728,,False,,No Score,False
01 harley street,1,True,False,4.0,1.0,5.799648506151142,harley street breast clinics ltd,True,3.8,3-4,True
red 1 response,1,False,False,1.0,1.0,14.109878838387068,,False,,No Score,False
skc occupational health oxford,1,True,False,2.0,0.0,0.0,,False,,No Score,False
assuredscreening.com,1,False,False,3.0,1.0,13.262599469496026,,False,,No Score,False
the melton clinic,1,True,False,2.0,1.0,19.24119241192412,,False,,No Score,False
centennial medical care,1,True,False,2.0,1.0,35.21739130434783,,False,4.3,4-5,True
"covid fit to fly tes t/a nash travel, tourism and transport services ltd.",1,True,False,3.0,1.0,3.669926784960635,,False,2.0,1-2,True
3a covid testing limited,1,False,False,4.0,1.0,51.30674002751031,ais covid testing ltd,True,,No Score,False
premier clinic ltd,1,True,False,1.0,0.0,0.0,premier clinical care ltd,True,,No Score,False
orchard clinic / orchard blood,1,True,False,1.0,0.0,0.0,,False,1.4,1-2,True
nph group,1,True,False,1.0,0.0,0.0,,False,,No Score,False
occupational health prime,1,True,False,1.0,0.0,0.0,abbey meads occupational health services limited,True,,No Score,False
01pcrtravel london,1,True,False,2.0,1.0,645.0,,False,,No Score,False
the clinic mk ltd,1,True,False,1.0,0.0,0.0,,False,3.2,3-4,True
alphabiolabs,1,False,True,1.0,4.0,100.0,,False,,No Score,False
1 health hub,0,False,False,3.0,9.0,805.7398630858346,,False,,No Score,False
bupa occupational health ltd.,1,True,False,2.0,0.0,0.0,,False,,No Score,False
top health clinic,1,True,False,3.0,1.0,13.397790055248624,,False,,No Score,False
healthium clinics,0,True,False,2.0,5.0,350.0,,False,,No Score,False
proviris solutions,1,True,True,1.0,1.0,18.62711864406779,,False,,No Score,False
objective health ltd,1,True,False,1.0,0.0,0.0,objective: health limited,True,3.6,3-4,True
dochq.co.uk,1,True,False,1.0,0.0,0.0,,False,2.8,2-3,True
fitnessgenes,1,False,False,1.0,2.0,6.289308176100629,,False,,No Score,False
coyne medical,1,False,False,3.0,0.0,0.0,,False,,No Score,False
nivha laboratory services ltd,1,True,False,3.0,1.0,4.878048780487799,c4l laboratory services ltd,True,2.6,2-3,True
heathrow medical services,1,True,False,3.0,1.0,17.098445595854923,,False,3.4,3-4,True
pexpo diagnostic,1,True,False,2.0,3.0,100.0,,False,,No Score,False
em analytical ltd,1,True,False,1.0,0.0,0.0,,False,,No Score,False
abicare health,1,False,False,3.0,4.0,241.33333333333331,abicare health solutions ltd,True,3.2,3-4,True
fit to fly uk,1,True,False,2.0,2.0,72.72727272727273,fit to fly essex limited,True,,No Score,False
coker chest clinic,1,False,False,1.0,2.0,50.0,,False,3.3,3-4,True
agilis health,1,False,False,1.0,0.0,0.0,,False,,No Score,False
covid 19 private test ltd,1,True,False,3.0,1.0,22.115577889447238,covid private tests limited,True,,No Score,False
healthyaa clinic,1,True,False,6.0,2.0,16.405511811023622,,False,,No Score,False
citydoc medical limited,1,True,False,4.0,3.0,11.842105263157894,,False,,No Score,False
ck doctors covid travel clinics,1,True,False,4.0,3.0,100.9375,,False,,No Score,False
dears pharmacy & travel clinic,1,True,False,1.0,0.0,0.0,,False,2.2,2-3,True
pillhub-feltham pharmacy,1,True,False,2.0,1.0,17.923076923076916,,False,,No Score,False
pharmacy led clinic,1,False,False,1.0,0.0,0.0,,False,3.2,3-4,True
10 harley linknurse clinic london,1,False,False,1.0,0.0,0.0,,False,,No Score,False
0044 covid test,0,False,False,4.0,5.0,74.74747474747475,,False,1.5,1-2,True
zoomdoc health,1,True,False,2.0,2.0,26.595744680851062,,False,,,
biogroup laboratory,1,True,False,1.0,1.0,16.666666666666664,,False,,No Score,False
dajani pharmacy,1,True,False,1.0,0.0,0.0,,False,4.7,4-5,True
1westendmedicalpracticeuk,1,True,False,2.0,1.0,87.16577540106952,,False,,No Score,False
linbury doctors,1,True,False,1.0,0.0,0.0,,False,,No Score,False
hale clinic harley street,0,True,False,3.0,6.0,306.1224489795918,,False,,No Score,False
medical covid test,1,False,False,4.0,3.0,275.0,,False,,No Score,False
dr wayne cottrell,1,True,False,3.0,1.0,5.414012738853508,,False,,No Score,False
site lt,1,True,False,1.0,2.0,33.33333333333333,,False,,No Score,False
zen healthcare (purecare ltd),1,False,False,3.0,2.0,41.77966101694915,,False,,,
mare st clinic,1,True,False,1.0,1.0,15.873015873015872,,False,,No Score,False
global express travel health clinic ltd,1,False,False,4.0,2.0,27.90530012325868,,False,4.4,4-5,True
locaton medical services ltd,1,True,False,3.0,1.0,29.611650485436904,uk independent medical services ltd,True,,No Score,False
home2lab,1,False,False,2.0,1.0,16.094986807387862,,False,3.4,3-4,True
the palace gate practice limited,1,False,False,1.0,1.0,28.205128205128204,,False,,No Score,False
book a travel test,1,False,False,2.0,0.0,0.0,,False,1.9,1-2,True
avicenna health,1,True,False,1.0,1.0,14.285714285714285,avicenna healthcare ltd,True,,No Score,False
harleystreet,0,True,False,11.0,6.0,306.1224489795918,harleystreet - psychotherapist.co.uk limited,True,4.4,4-5,True
01harleystreet,1,True,False,2.0,1.0,395.0,,False,3.8,3-4,True
harleys pharmacy,1,True,False,1.0,0.0,0.0,,False,,No Score,False
olive health & travel clinic,1,False,False,1.0,0.0,0.0,olive health ltd,True,,No Score,False
same day clinic,1,False,False,1.0,0.0,0.0,,False,3.3,3-4,True
atlas medical services ltd,1,True,False,4.0,1.0,27.142857142857142,,False,,No Score,False
uk event medics limited,1,True,False,2.0,1.0,22.07792207792208,uk event medics limited,True,,No Score,False
chhp and ceritific,1,False,False,1.0,0.0,0.0,,False,,No Score,False
longridge travel health clinic,1,True,False,4.0,2.0,18.20472565601129,,False,,No Score,False
global health travel clinic,1,True,False,2.0,0.0,0.0,,False,,No Score,False
everything genetic,1,False,False,5.0,3.0,79.70153918274866,,False,,No Score,False
brunswick hygiene ltd,1,False,False,2.0,2.0,31.543624161073826,,False,,No Score,False
covitests,1,True,False,1.0,0.0,0.0,,False,4.4,4-5,True
iq doctor,1,False,False,1.0,0.0,0.0,,False,,No Score,False
courtfield private practice,1,True,False,1.0,0.0,0.0,,False,2.7,2-3,True
rapid covid testing,1,False,False,2.0,1.0,44.44444444444444,,False,1.8,1-2,True
"cheltenham, worcester & west midlands travel clinics",1,False,True,3.0,0.0,0.0,,False,3.7,3-4,True
physiowork therapy uk ltd,1,False,False,1.0,0.0,0.0,,False,,No Score,False
101 expert doctors,0,True,False,3.0,9.0,1081.081081081081,expert doctors ltd,True,3.0,2-3,True
covid test pick and drop,1,False,False,2.0,1.0,118.4873949579832,,False,,No Score,False
lyca health,1,False,False,1.0,0.0,0.0,lyca health canary wharf limited,True,,No Score,False
0-100 travel 19,1,False,True,2.0,1.0,14.87550542668652,,False,1.4,1-2,True
medical testing,0,True,False,7.0,6.0,209.375,j2 medical testing uk ltd,True,4.1,4-5,True
medical diagnosis,1,False,False,2.0,1.0,30.82706766917293,medical diagnosis and prediction company limited,True,3.4,3-4,True
medplus test,1,True,False,1.0,1.0,41.7989417989418,,False,3.2,3-4,True
biograd diagnostic laboratories,1,True,False,2.0,3.0,100.0,dna diagnostics laboratories limited,True,,No Score,False
peplobio,1,True,False,1.0,0.0,0.0,,False,,No Score,False
better2know,1,True,False,1.0,1.0,43.0622009569378,better2know international limited,True,4.0,3-4,True
the london general practice,1,True,False,1.0,0.0,0.0,the london general practice limited,True,4.7,4-5,True
kurix health,1,False,False,1.0,0.0,0.0,,False,3.1,3-4,True
concierge medical,1,False,False,3.0,0.0,0.0,concierge medical consultancy ltd,True,3.3,3-4,True
247hometesting,1,True,True,2.0,3.0,80.62015503875969,,False,1.6,1-2,True
a1 track&travel,1,True,False,1.0,1.0,105.26315789473684,,False,,No Score,False
nx healthcare,1,True,False,6.0,2.0,39.20353982300885,,False,,No Score,False
sevenoaks gp t/a the private gp clinic,1,True,False,2.0,0.0,0.0,,False,3.4,3-4,True
ambutech pre-hospital care,1,False,False,1.0,0.0,0.0,,False,,No Score,False
acethetix,1,True,False,2.0,0.0,0.0,acethetix testing services online ltd,True,,No Score,False
biotherapy services,1,True,False,1.0,0.0,0.0,,False,3.0,2-3,True
rapid pcr,1,True,False,1.0,0.0,0.0,,False,3.2,3-4,True
audley pharmacy,1,True,False,1.0,1.0,5.88235294117647,,False,,No Score,False
ask chemist,1,False,False,1.0,1.0,19.696969696969692,k's chemists limited,True,4.4,4-5,True
synlab,1,True,False,1.0,1.0,10.81081081081081,synlab uk limited,True,,No Score,False
123tests.co.uk,1,False,False,1.0,3.0,316.66666666666663,,False,1.4,1-2,True
doctap ltd,1,False,False,2.0,2.0,19.73684210526316,,False,1.7,1-2,True
01 ct24 solutions ltd,1,True,False,2.0,3.0,68.0,,False,3.8,3-4,True
chb medical ltd,1,True,False,3.0,1.0,33.33333333333333,chb medical limited,True,,No Score,False
pennfields pharmacy,1,True,False,1.0,0.0,0.0,,False,3.1,3-4,True
quick meds using labmedexpert,1,False,False,3.0,1.0,47.02702702702703,,False,,No Score,False
uk event medics,1,True,False,3.0,1.0,15.887850467289724,uk event medics limited,True,2.9,2-3,True
pexpo diagnostics,1,True,False,3.0,3.0,100.0,,False,3.2,3-4,True
protein technologies t/a rapiditydx,1,True,True,3.0,0.0,0.0,,False,4.1,4-5,True
apollo testing,0,True,False,1.0,5.0,43.82022471910113,,False,,No Score,False
covid test today,1,False,True,2.0,1.0,62.5,,False,,No Score,False
tower bridge wellness pharmacy,1,True,False,1.0,0.0,0.0,,False,4.2,4-5,False
cosmebeaute,1,True,False,1.0,0.0,0.0,,False,2.8,2-3,True
private harley street clinic,1,False,True,2.0,2.0,40.833333333333336,private harley street clinic ltd.,True,4.0,3-4,True
medical and rescue,1,True,False,3.0,0.0,0.0,medical and rescue services ltd,True,3.6,3-4,True
clnq,1,False,False,1.0,0.0,0.0,,False,4.3,4-5,True
nationwide pathology,1,True,False,2.0,2.0,23.423423423423426,,False,,No Score,False
world travel clinic,1,False,False,1.0,2.0,12.060301507537687,,False,,No Score,False
la perla clinic,1,False,False,1.0,0.0,0.0,,False,,No Score,False
arriving uk,1,True,False,2.0,1.0,88.8268156424581,arriving limited,True,4.4,4-5,True
masta,1,False,False,1.0,1.0,7.035175879396985,masta build ltd,True,3.7,3-4,True
biograd diagnostics,1,True,False,2.0,3.0,100.0,,False,,No Score,False
avante health ltd,1,False,False,1.0,0.0,0.0,,False,,No Score,False
msi clinics limited,1,True,False,2.0,1.0,21.03448275862069,,False,,No Score,False
my london pharmacy,1,False,False,1.0,0.0,0.0,,False,4.1,4-5,True
excalibur diagnostics ltd,1,True,False,2.0,1.0,30.8641975308642,excalibur ,True,1.4,1-2,True
"hampstead heath pharmacy, travel health & vaccination clinic",1,False,False,1.0,0.0,0.0,,False,3.8,3-4,True
001 digital health group ltd t/a pharma diagnostics,1,True,False,2.0,2.0,6.422018348623854,,False,,No Score,False
cov19care ltd,1,False,False,2.0,1.0,23.589743589743588,,False,,No Score,False
@01a my express testing,1,False,False,5.0,0.0,0.0,,False,,No Score,False
tp healthcare services,1,False,False,4.0,1.0,23.943661971830984,tp healthcare ltd,True,1.4,1-2,True
screen4,1,True,False,1.0,3.0,42.85714285714285,screen4paws ltd,True,,No Score,False
est-health wellness clinic,1,False,False,1.0,1.0,24.864864864864867,the aesthetic & wellness clinic ltd.,True,2.1,2-3,True
medi-park clinic,1,True,False,1.0,4.0,27.727272727272727,,False,4.5,4-5,True
xana medtec ltd,1,False,False,2.0,3.0,68.10344827586206,,False,,No Score,False
123clinics,0,True,False,2.0,5.0,1096.7871485943776,,False,,No Score,False
nomad travel,1,True,False,3.0,2.0,74.74747474747475,nomad travel (t/a adams travel) ltd,True,,No Score,False
klarity,1,False,False,1.0,0.0,0.0,klarity limited,True,1.6,1-2,True
iq  doctor,1,False,False,1.0,0.0,0.0,,False,,No Score,False
arrivinguk,1,True,False,2.0,1.0,88.8268156424581,,False,,No Score,False
myhealthchecked,1,True,False,1.0,2.0,11.76470588235294,,False,2.7,2-3,True
1 pcrtravel london,1,True,False,2.0,1.0,645.0,,False,,No Score,False
dorset private gp,1,True,False,1.0,2.0,10.0,dorset private medical clinic llp,True,,No Score,False
edgbaston private medical practice,1,False,False,2.0,0.0,0.0,,False,,No Score,False
london vaccination clinic,1,False,False,1.0,0.0,0.0,,False,3.1,3-4,True
covidfly,1,True,False,1.0,3.0,122.5,,False,,No Score,False
sterling testing,0,False,False,1.0,5.0,142.84285714285716,sterling testing limited,True,,No Score,False
1 affordabletest.com,1,True,False,3.0,2.0,55.13910850891064,,False,2.7,2-3,True
001 alpha express testing,1,False,False,4.0,1.0,72.41189047520518,,False,3.6,3-4,True
source bioscience,1,True,False,1.0,0.0,0.0,,False,,No Score,False
hawkes health,1,False,False,1.0,1.0,14.285714285714285,hawkes healthcare limited,True,,No Score,False
doctors covid travel clinics,1,True,False,4.0,3.0,100.9375,,False,,No Score,False
east midlands laser and cosmetic clinic ltd,1,True,False,2.0,1.0,1.2987012987012987,,False,,No Score,False
boots uk,1,False,False,1.0,2.0,9.375,boots uk limited,True,1.9,1-2,True
ais covid testing ltd,0,True,False,3.0,7.0,120.58823529411764,alpha biolaboratories covid-19 testing limited,True,4.4,4-5,True
1st class testing,1,False,False,4.0,2.0,88.18181818181819,peters share class testing ltd,True,2.1,2-3,True
one scientific ltd,1,True,False,2.0,1.0,10.422535211267606,one scientific limited,True,3.3,3-4,True
yakub chemist,1,True,False,1.0,1.0,21.052631578947366,,False,,No Score,False
ct24 solutions ltd,1,True,False,2.0,3.0,68.0,,False,,No Score,False
collinson,1,True,False,1.0,1.0,16.363636363636363,collinson hall ltd,True,,No Score,False
clinicare uk,1,True,False,1.0,1.0,19.047619047619047,a.p clinicare ltd,True,,No Score,False
caxton pharmacy,1,True,False,2.0,1.0,19.565217391304348,,False,4.3,4-5,True
20/30 labs,1,True,False,1.0,2.0,21.105527638190956,,False,3.7,3-4,True
sirkka networks limited,1,True,False,1.0,1.0,5.185185185185185,sunart networks limited,True,,No Score,False
0 covid clear,0,True,True,2.0,9.0,3495.959595959596,covid clear environment ltd,True,,No Score,False
pcr labs,1,True,False,1.0,0.0,0.0,,False,,No Score,False
quick clinics,0,True,False,1.0,10.0,1886.6666666666667,,False,3.9,3-4,True
ihomecare,1,False,False,1.0,0.0,0.0,ihomecarelogistics limited,True,4.0,3-4,True
med24 limited,1,False,False,1.0,1.0,20.0,med24 limited,True,,No Score,False
complete covid tests,1,True,True,2.0,1.0,550.0,,False,,No Score,False
trio pharmacy,1,False,False,1.0,0.0,0.0,,False,,No Score,False
bansals pharmacy (southend on sea),1,False,False,3.0,1.0,30.681818181818183,,False,,No Score,False
now test,1,True,False,1.0,1.0,42.30769230769231,,False,,No Score,False
alphamedicol ltd,1,False,False,2.0,0.0,0.0,,False,3.7,3-4,True
quick meds,1,False,False,2.0,0.0,0.0,quickmeds limited,True,4.2,4-5,True
test assurance group,1,True,False,1.0,0.0,0.0,,False,4.5,4-5,True
flysurance,1,False,False,1.0,1.0,12.82051282051282,,False,3.8,3-4,True
wren healthcare,1,True,False,3.0,2.0,70.5,wren healthcare education limited,True,,No Score,False
covid smart limited,1,True,False,1.0,0.0,0.0,,False,,No Score,False
advisa medica,1,True,False,3.0,2.0,32.72727272727273,,False,,No Score,False
reading fit to fly/oxford road clinics ltd,1,True,False,2.0,0.0,0.0,,False,,No Score,False
new street pharmacy t/a the travel vaccine room,1,False,False,3.0,1.0,2.081324788748362,,False,,No Score,False
north and north west london covid tests,1,False,False,2.0,1.0,46.51162790697674,,False,,No Score,False
totley pharmacy ltd,1,True,False,1.0,0.0,0.0,,False,,No Score,False
roc health services,1,False,False,1.0,2.0,37.5,,False,,No Score,False
travel test centre ltd,1,True,False,1.0,0.0,0.0,,False,4.4,4-5,True
01 health hub,0,False,False,3.0,9.0,805.7398630858346,arts & health hub c.i.c.,True,,No Score,False
@corona tests,1,True,False,1.0,1.0,42.0,,False,,No Score,False
the montague clinic,1,False,False,1.0,3.0,79.7979797979798,,False,,No Score,False
reading fit to fly,1,True,False,2.0,0.0,0.0,,False,,No Score,False
abbeycovidscreening,1,False,False,1.0,0.0,0.0,,False,3.2,3-4,True
doctap,1,False,False,2.0,2.0,19.73684210526316,,False,4.4,4-5,True
test to you,1,True,False,1.0,1.0,12.0,,False,,No Score,False
shantys pharmacy,1,True,False,1.0,1.0,6.521739130434782,,False,,No Score,False
1st class testing ltd,1,False,False,4.0,2.0,88.18181818181819,peters share class testing ltd,True,2.1,2-3,True
044 covid test,0,False,False,4.0,5.0,74.74747474747475,,False,1.5,1-2,True
1west end medical practice uk ltd,1,True,False,3.0,0.0,0.0,west end medical practice (uk) ltd,True,,No Score,False
an sf screening and vaccination service,1,False,False,1.0,0.0,0.0,,False,,No Score,False
coronafocus by oncologica uk ltd (t/a oncologica uk ltd),1,False,False,2.0,2.0,20.0,,False,,No Score,False
1  nomad,1,True,False,2.0,1.0,395.0,,False,3.1,3-4,True
just health,1,True,False,1.0,0.0,0.0,just health limited,True,2.9,2-3,True
the health clinic by ar limited,1,True,False,3.0,1.0,13.843648208469048,,False,,No Score,False
helix services limited also t/a travel test assured,1,False,False,1.0,1.0,5.88235294117647,,False,3.5,3-4,True
medicines online,0,True,False,2.0,8.0,245.00000000000003,,False,,No Score,False
00expert tms limited,0,False,False,3.0,7.0,2304.6092184368736,,False,3.1,3-4,True
the health suite,1,False,False,1.0,4.0,49.494949494949495,,False,,No Score,False
medchecks,1,True,False,1.0,0.0,0.0,,False,,No Score,False
vitacheck,1,True,False,1.0,0.0,0.0,vitacheck health limited,True,,No Score,False
project screen by prenetics,1,False,False,1.0,1.0,6.097560975609756,,False,1.8,1-2,True
coop pharmacy,1,True,False,1.0,1.0,7.663551401869162,,False,,No Score,False
jdoc medical limited,1,False,False,6.0,3.0,11.842105263157894,,False,,No Score,False
well pharmacy (bestway national chemists),1,True,False,2.0,1.0,15.909090909090908,,False,,No Score,False
0044healthtesting,1,True,False,1.0,0.0,0.0,,False,,No Score,False
analysis1,1,True,False,2.0,0.0,0.0,,False,,No Score,False
.0000covid 19 private test ltd,1,True,False,3.0,1.0,22.115577889447238,covid private tests limited,True,,No Score,False
medwyn occupational health,1,True,False,1.0,0.0,0.0,abbey meads occupational health services limited,True,,No Score,False
circular 1 health ltd,1,True,False,1.0,0.0,0.0,,False,4.5,4-5,True
pall mall medical (manchester) limited,1,True,False,2.0,0.0,0.0,,False,,No Score,False
doctorcall limited,1,True,False,1.0,0.0,0.0,,False,,No Score,False
anglo belgravia,1,False,False,1.0,0.0,0.0,,False,3.9,3-4,True
aesthetika clinic,1,False,False,1.0,3.0,8.771929824561402,,False,,No Score,False
isac labs ltd,1,True,False,1.0,0.0,0.0,,False,2.7,2-3,True
fusion radiology,1,True,False,2.0,2.0,14.893617021276595,,False,4.7,4-5,True
randox health liverpoolone,1,True,False,1.0,1.0,28.33333333333333,,False,3.3,3-4,True
check my body health,1,False,False,1.0,2.0,66.66666666666666,,False,,No Score,False
cov19 care,1,False,False,2.0,1.0,23.589743589743588,,False,2.7,2-3,True
polaris medical services ltd,1,True,False,3.0,1.0,41.52542372881356,,False,,No Score,False
your health first,1,True,False,2.0,3.0,59.32203389830508,yourhealthfirst clinic ltd,True,4.5,4-5,True
vista pharmacy,1,False,False,1.0,0.0,0.0,,False,4.6,4-5,True
the hove practice,1,True,False,1.0,1.0,1.818181818181818,,False,,No Score,False
fusion radiology ltd,1,True,False,2.0,2.0,14.893617021276595,,False,3.2,3-4,True
cht,1,True,False,1.0,1.0,14.326647564469914,cht agri limited,True,,No Score,False
saunders pharmacy,1,True,False,2.0,2.0,56.29820051413882,,False,,No Score,False
outcome diagnostics (outcomedx),0,False,False,2.0,4.0,561.1111111111111,,False,4.6,4-5,True
forensic genomics innovation hub ltd,1,True,False,1.0,0.0,0.0,,False,3.8,3-4,True
skc occupational health,1,True,False,2.0,0.0,0.0,,False,3.7,3-4,True
all healthcare,1,False,False,1.0,4.0,61.41732283464568,all healthcare professionals matter too limited,True,,No Score,False
one5 health,1,False,False,1.0,2.0,12.0,,False,,No Score,False
agg coventry ltd ta vantage chemist,1,True,False,1.0,1.0,2.857142857142857,,False,,No Score,False
dr mo private clinic norwich,1,False,False,2.0,0.0,0.0,,False,,No Score,False
vitalclinic,1,False,True,1.0,0.0,0.0,,False,,No Score,False
blindspot global,1,True,False,3.0,2.0,75.0,blindspot ltd,True,,No Score,False
accendolab limited,0,True,False,1.0,5.0,33.33333333333333,,False,,No Score,False
qured,1,False,False,1.0,2.0,24.24242424242424,quredebt limited,True,,No Score,False
the city & travel clinic,1,False,False,1.0,0.0,0.0,,False,3.2,3-4,True
a1 covid testing,0,False,False,7.0,4.0,395.0,alpha biolaboratories covid-19 testing limited,True,,No Score,False
rightangled,1,False,False,1.0,0.0,0.0,right angle design limited,True,,No Score,False
hhh diagnostics,0,True,False,1.0,7.0,1020.816653322658,,False,3.4,3-4,True
00analysis1,1,True,False,2.0,0.0,0.0,,False,,No Score,False
bupa occupational health ltd,1,True,False,2.0,0.0,0.0,,False,,No Score,False
labmedexpert,1,True,False,3.0,2.0,42.21052631578948,labmedexpert administration limited,True,,No Score,False
avante health private gp,1,False,False,1.0,1.0,24.24242424242424,,False,,No Score,False
jdoc medical limited ( t/a jdoc365),1,False,False,5.0,1.0,12.195121951219512,,False,2.9,2-3,True
"c-19 direct uk lab alliance by cambrige clinical laboratories & nonocus, using c-19 direct uk lab alliance by cambrige clinical laboratories & nonocus",1,True,False,2.0,0.0,0.0,cambridge clinical laboratories ltd,True,,No Score,False
"nivha laboratory services ltd, randox",1,True,False,3.0,1.0,4.878048780487799,,False,3.1,3-4,True
3six health,1,True,False,1.0,1.0,9.595959595959595,3six healthcare limited,True,4.4,4-5,True
corona test centre,1,False,False,2.0,3.0,31.31868131868132,,False,1.8,1-2,True
0001ace-thetix,1,True,False,3.0,2.0,48.38709677419355,,False,,No Score,False
dr shilpa dave private gp teddington,1,False,False,3.0,0.0,0.0,,False,,No Score,False
cq doctor,1,True,False,1.0,2.0,11.83431952662722,,False,3.8,3-4,True
digital health group ltd t/a pharma diagnostics,1,True,False,2.0,2.0,6.422018348623854,,False,4.3,4-5,True
your doctor film and media,1,True,False,1.0,1.0,42.85714285714285,,False,,No Score,False
blackburn travel clinic,1,True,False,1.0,2.0,16.666666666666664,,False,1.8,1-2,True
the travel vaccine room,1,False,False,2.0,0.0,0.0,,False,3.2,3-4,True
0+blindspot global,1,True,False,2.0,3.0,72.22222222222221,blindspot ltd,True,3.0,2-3,True
nomad,1,True,False,4.0,2.0,74.74747474747475,,False,,No Score,False
a1 global testing limited,1,False,False,1.0,2.0,10.067789784549298,,False,,No Score,False
1affordabletest,1,True,False,3.0,2.0,55.13910850891064,,False,2.7,2-3,True
001aexpresstesting,1,False,False,2.0,0.0,0.0,,False,3.9,3-4,True
testing for all,1,False,False,1.0,3.0,6.315789473684211,,False,,No Score,False
samedaydoctor canary wharf,1,True,False,2.0,0.0,0.0,canary wharf2 llc ,True,,No Score,False
global express travel health clinic,1,False,False,5.0,2.0,19.548781120780635,,False,,No Score,False
remedys pharmacy w9,1,True,False,2.0,0.0,0.0,,False,3.7,3-4,True
amin pharmacy,1,True,False,6.0,1.0,18.77176015473889,,False,,No Score,False
rt diagnostics,1,True,False,8.0,2.0,17.976653696498055,rsv diagnostics ltd,True,3.3,3-4,True
project olive lindfield limited,1,True,False,1.0,1.0,100.0,,False,1.8,1-2,True
001 expert covid testing uk,1,False,False,5.0,1.0,550.0,,False,3.1,3-4,True
ramss,1,False,False,2.0,1.0,1.818181818181818,,False,,No Score,False
citydoc medical,1,True,False,3.0,3.0,16.25,,False,4.3,4-5,True
barkerhouse pharmacy,1,True,False,1.0,0.0,0.0,,False,4.2,4-5,True
aeromedical consulting uk,1,False,False,2.0,1.0,30.32581453634085,,False,,No Score,False
vaccination uk ltd,1,True,False,1.0,0.0,0.0,vaccination uk limited,True,,No Score,False
1 health hub ltd,0,False,False,3.0,9.0,805.7398630858346,,False,,No Score,False
medic 1 direct,1,False,False,1.0,0.0,0.0,medic 1 direct scotland ltd,True,,No Score,False
mildcare ltd,1,False,False,1.0,0.0,0.0,,False,,No Score,False
alexandru livinschi (t/a bai long ltd),1,False,False,1.0,2.0,9.090909090909092,bai long limited,True,4.7,4-5,True
the express clinic,1,False,False,1.0,0.0,0.0,,False,3.2,3-4,True
the health clinic by ar,1,True,False,3.0,1.0,13.843648208469048,,False,,No Score,False
somdoc ltd / home2lab,1,False,False,2.0,1.0,16.094986807387862,,False,4.4,4-5,True
c19 testing,1,False,False,4.0,3.0,18.48341232227488,c19 testing network limited,True,,No Score,False
effect doctors,1,False,False,1.0,1.0,11.616161616161616,,False,,No Score,False
1010labs,0,True,False,1.0,11.0,900.900900900901,,False,1.3,1-2,True
uk health testing,0,False,False,1.0,9.0,2304.040404040404,,False,,No Score,False
churchill's pharmacy,1,True,False,1.0,0.0,0.0,,False,3.9,3-4,True
covid19 checking,1,False,False,1.0,1.0,22.297142857142862,,False,,No Score,False
i-gen testing,1,True,False,2.0,4.0,70.40816326530613,,False,,No Score,False
eurofins,1,True,False,3.0,2.0,233.67037411526783,eurofins agroscience services limited,True,,No Score,False
optimized body & mind,0,False,False,3.0,8.0,183.3333333333333,,False,4.2,4-5,True
c-19 direct uk lab alliance by cambrige clinical laboratories & nonocus,1,True,False,2.0,0.0,0.0,cambridge clinical laboratories ltd,True,,No Score,False
