,0,1,2,3,4,5,6,7,8,9,10,11,12,13,14,15,16,17,18,19,20,21,22,23,24,25,26,27,28,29,30,31,32,33,company_name
0,,,cheapest,,shocking,false,breach,use,,,,,earlier,,,use,receive,,,appalling,,,,,,,,,,,,,,,#nomad travel
1,,,harder,,,,work,rude,,,,,,,,,,,,,poor,,,,,,,,,,,,,,*everything genetic ltd
2,shame,scam,false,match,match,lost,trusted,poor,working,recognise,over priced,use,,,,,poor,,,,,,,,,,,,,,,,,,+44 covid test
3,,inefficient,,,limited,use,slimy,poor,shoddy,poor,late,answer,answer,,,,,,,,,,,,,,,,,,,,,,.0000covid 19 private test ltd
4,use,appalling,,waiting,waiting,,,bad,registered,,,,thank,,,,,,,,,,,,,,,,,,,,,,.0001 ace-thetix
5,,,,,,,,,,,use,,,,,,,,,,,,,,,,,,,,,,,,.001expert tms limited
6,recommend,horrific,failed,express,lost,delayed,,,shortened,,,,terrible,invalid,disappointed,,poor,avoided,,,,,,,,,,,,,,,,,.001my express testing
7,,,use,available,,,,,,,,,,,,,,,,,,,,,,,,,,,,,,,.004 medical testing
8,,,avoid,,wrong,,,,,,,,,,,,,,,,,,,,,,,,,,,,,,.expert doctors
9,,,deliver,unethical,,,,,recommend,impossible,,,,,,,,,,,,,,,,,,,,,,,,,.medical covid test
10,,worst,stupid,recommend,like,,,,,,,,,,,,,,,,,,,,,,,,,,,,,,0 covid clear
11,never received,fraud,,,,,,,,,,,,,,,missing,work,,,,helpful,,,,,,,,,,,,,0+blindspot global
12,refuses,terrible,awful,working,,respond,cancelled,,,,,,,,,,,,,,,,,,,,,,,,,,,,0+g16 covid testing
13,poor,awful,,,use,,,,,,,,,,,,,,,,,,,,,,,,,,,,,,0-100 travel 19
14,expensive,sensitive,fake,stay away,frustrated,,,,,,,,,,,,,,,,,,,,,,,,,,,,,,00 harley medic international
15,scam,expensive,scam,dishonest,misleading,misleading,available,,false,,,,,,,,,,,,,,,,,,,,,,,,,,000 book a travel test
16,exist,,,,,,,,simpler,,,,,,,,,,,,,,,,,,,,,,,,,,0000covid 19 private test ltd
17,,,,,,,,,,,appalling,wasted,,,,,,,,,,,,,,,,,,,,,,,0001ace-thetix
18,atrocious,error,disconnected,scam,scam,issue,issue,cancelled,issue,avoid,follow,use,,,,,,,,,,,,,,,,,,,,,,,0001travelscreening
19,fake,,amateurish,,,,,,,,,,,,,,,,,,,,,,,,,,,,,,,,001 alpha express testing
20,hesitate,wrong,,,,,,,,,,,,,,,,,,,,,,,,,,,,,,,,,001 covid test
21,bad,horrendous,horrendous,abysmal,process,process,ignored,ignored,ignored,overpriced,avoid,exist,use,conducted,worse,horrible,use,use,use,never,shady,sketchy,poorly,pointless,,,,,,,,,,,001 digital health group ltd t/a pharma diagnostics
22,wrong,,,,,,,,,,,,,,,,,,,,,,,,,,,,,,,,,,001 expert covid testing uk
23,use,appalling,,waiting,waiting,,,bad,registered,,,,thank,,,,,,,,,,,,,,,,,,,,,,001aexpresstesting
24,,,,,,,,,,,use,,,,,,,,,,,,,,,,,,,,,,,,001expert covid testing uk
25,recommend,horrific,failed,express,lost,delayed,,,shortened,,,,terrible,invalid,disappointed,,poor,avoided,,,,,,,,,,,,,,,,,004 medical testing
26,,,use,available,,,,,,,,,,,,,,,,,,,,,,,,,,,,,,,0044 covid test
27,use,appalling,,waiting,waiting,,,bad,registered,,,,thank,,,,,,,,,,,,,,,,,,,,,,0044healthtesting
28,,,,,,,,,,,use,,,,,,,,,,,,,,,,,,,,,,,,004medical testing
29,,,avoid,,wrong,,,,,,,,,,,,,,,,,,,,,,,,,,,,,,00analysis1
30,shame,scam,false,match,match,lost,trusted,poor,working,recognise,over priced,use,,,,,poor,,,,,,,,,,,,,,,,,,00expert tms limited
31,,inefficient,,,limited,use,slimy,poor,shoddy,poor,late,answer,answer,,,,,,,,,,,,,,,,,,,,,,01 ct24 solutions ltd
32,,,avoid,,wrong,,,,,,,,,,,,,,,,,,,,,,,,,,,,,,01 harley street
33,use,appalling,,waiting,waiting,,,bad,registered,,,,thank,,,,,,,,,,,,,,,,,,,,,,01 health hub
34,,,,,,,,,,,use,,,,,,,,,,,,,,,,,,,,,,,,01harleystreet
35,,,,,,,,,crashing,too much money,horrible,bad,,,awful,squarely,,,,,,,,,,,,,,,,,,,01pcrtravel london
36,false,match,match,match,rings off,,,,,,,,,,,,,,,,,,,,,,,,,,,,,,01st class testing
37,inferior,,,,,,,,,,,,,,,,,,,,,,,,,,,,,,,,,,04 medical testing
38,false,match,match,match,rings off,,,,,,,,,,,,,,,,,,,,,,,,,,,,,,044 covid test
39,inferior,,,,,,,,,,,,,,,,,,,,,,,,,,,,,,,,,,0ptimized body & mind
40,cheapest,poor,scammy,missing,missing,work,care,manage,,,,,,,,,,,,,,,,,,,,,,,,,,,1  harley medic international
41,cancelled,precarious,expensive,,,,,,,,,,,,,,,,,,,,,,,,,,,,,,,,1  nomad
42,,,avoid,,wrong,,,,,,,,,,,,,,,,,,,,,,,,,,,,,,1 affordabletest.com
43,shame,scam,false,match,match,lost,trusted,poor,working,recognise,over priced,use,,,,,poor,,,,,,,,,,,,,,,,,,1 alpha express testing
44,,inefficient,,,limited,use,slimy,poor,shoddy,poor,late,answer,answer,,,,,,,,,,,,,,,,,,,,,,1 corporate covid tests
45,cheapest,,,,faulty,answers,,,,,,,,,,,,,,,,,,,,,,,,,,,,,1 covclinics
46,,,,,,,,,,,,,,,,,,,,,,,,,,,,,,,,,,,1 harley medic international
47,exist,,,,,,,,simpler,,,,,,,,,,,,,,,,,,,,,,,,,,1 health hub
48,,,,,,,,,,,appalling,wasted,,,,,,,,,,,,,,,,,,,,,,,1 health hub ltd
49,,,cheapest,,shocking,false,breach,use,,,,,earlier,,,use,receive,,,appalling,,,,,,,,,,,,,,,1 nhl pharmacy
50,,,harder,,,,work,rude,,,,,,,,,,,,,poor,,,,,,,,,,,,,,1 pcrtravel london
51,fit,deserted,rubbish,,,,,,,,,,,,,,,,,,,,,,,,,,,,,,,,1 st class testing
52,terrible,scandalous,return,identify,disgrace,use,,,,,,,,,,,,,,,,,,,,,,,,,,,,,1 stop covid shop
53,hesitate,wrong,,,,,,,,,,,,,,,,,,,,,,,,,,,,,,,,,10 harley linknurse clinic london
54,use,use,messy,stuck,stuck,impatient,,,,,,,,,,,,,,,,,,,,,,,,,,,,,10 hs linknurse clinic london
55,exist,,,,,,,,simpler,,,,,,,,,,,,,,,,,,,,,,,,,,100 covid clear
56,,,,,,,,,,,appalling,wasted,,,,,,,,,,,,,,,,,,,,,,,101 covid travel clinic
57,cheapest,poor,scammy,missing,missing,work,care,manage,,,,,,,,,,,,,,,,,,,,,,,,,,,101 expert doctors
58,cancelled,precarious,expensive,,,,,,,,,,,,,,,,,,,,,,,,,,,,,,,,101 testing
59,fake,activated,terrible,unacceptable,,disgraceful,irrelevant,use,,,,,,,,,,,,,,,,,,,,,,,,,,,1010labs
60,unsupported,use,show up,overpriced,show up,slow,failed,answer,positive,,reasonable,corrupt,,,,,,,,,,,,,,,,,,,,,,,107 harley street
61,,,,,,,,,,,,,,,,,,,,,,,,,,,,,,,,,,,118 testing
62,shady,,,,,,,,,,,,,,,,,,,,,,,,,,,,,,,,,,118testing
63,,,provide,help,fake,came up,came up,avoid,crumpled,missed,incorrect,wasted,,,,,,,,,,,,,,,,,,,,,,,12-14 pharmacy
64,,,deliver,unethical,,,,,recommend,impossible,,,,,,,,,,,,,,,,,,,,,,,,,121 covicall
65,,worst,stupid,recommend,like,,,,,,,,,,,,,,,,,,,,,,,,,,,,,,121 pure testing
66,use,appalling,denied,unreliable,least professional,scam,,scam,,,,,,,,,,,,,,,,,,,,,,,,,,,123 clinics
67,wrong,arrive,waiting,hard to fill,match,negative,terrible,appalling,appalling,fulfill,shocking,,,,,,,,,,,,,,,,,,,,,,,,123 covid labs
68,avoid,misleading,,,,,,,,,,,,,,,,,,,,,,,,,,,,,,,,,123clinics
69,avoid,provide,,work,,fraudulent,unattainable,,,,,,,,,,,,,,,,,,,,,,,,,,,,123covidtests
70,disgusting,gone bust,disgraceful,lack,incompetent,poor,,wasted,ripped off,incompetent,scam,worst,terrible,,,,,,,,,,,,,,,,,,,,,,123tests.co.uk
71,,,,,,,,,,,,,,,,,,,,,,,,,,,,,,,,,,,15 minute covid test
72,fit,deserted,rubbish,,,,,,,,,,,,,,,,,,,,,,,,,,,,,,,,1affordabletest
73,terrible,scandalous,return,identify,disgrace,use,,,,,,,,,,,,,,,,,,,,,,,,,,,,,1affordabletest.com
74,fit,deserted,rubbish,,,,,,,,,,,,,,,,,,,,,,,,,,,,,,,,1corporate covid tests
75,terrible,scandalous,return,identify,disgrace,use,,,,,,,,,,,,,,,,,,,,,,,,,,,,,1rapid clinics
76,use,use,messy,stuck,stuck,impatient,,,,,,,,,,,,,,,,,,,,,,,,,,,,,1st class testing
77,cheapest,poor,scammy,missing,missing,work,care,manage,,,,,,,,,,,,,,,,,,,,,,,,,,,1st class testing ltd
78,cancelled,precarious,expensive,,,,,,,,,,,,,,,,,,,,,,,,,,,,,,,,1west end medical practice uk
79,cheapest,poor,scammy,missing,missing,work,care,manage,,,,,,,,,,,,,,,,,,,,,,,,,,,1west end medical practice uk ltd
80,cancelled,precarious,expensive,,,,,,,,,,,,,,,,,,,,,,,,,,,,,,,,1westendmedicalpracticeuk
81,,,,,,,,,,,,,,,,,,,,,,,,,,,,,,,,,,,20/30 labs
82,,crashed,,,submit,nightmare,fake,,,,,,,,,,,,,,,,,,,,,,,,,,,,247 travel tests
83,disconcerting,,stressful,commend,,terrible,arrived,,,,,,,,,,,,,,,,,,,,,,,,,,,,247hometesting
84,worst,scammers,scammers,,,,,disgrace,,,,,bad,,,,,,,,,,,,,,,,,,,,,,247hometesting.com
85,,,,useless,annoyed,problems,problems,,,,,,,uncomfortable,,,,scammer,high,,,,,,,,,,,,,,,,258 postal racoo screening ltd
86,worst,scammers,scammers,,,,,disgrace,,,,,bad,,,,,,,,,,,,,,,,,,,,,,29 fleet street ltd
87,,,,useless,annoyed,problems,problems,,,,,,,uncomfortable,,,,scammer,high,,,,,,,,,,,,,,,,29 fleet street ltd t/a fleet street clinic
88,,,,,,,,,,,,,,,,,,,,,,,,,,,,,,,,,,,3a covid testing limited
89,,,,,,,,,,,,,,,,,,,,,,,,,,,,,,,,,,,3six health
90,,,avoid,,wrong,,,,,,,,,,,,,,,,,,,,,,,,,,,,,,4 medical testing
91,recommend,horrific,failed,express,lost,delayed,,,shortened,,,,terrible,invalid,disappointed,,poor,avoided,,,,,,,,,,,,,,,,,@01a my express testing
92,,,use,available,,,,,,,,,,,,,,,,,,,,,,,,,,,,,,,@corona tests
93,lack,appalling,,,,,,,,,,,,,,,,,,,,,,,,,,,,,,,,,@covid19 health clinics limited
94,low,poor,,,,,,,,,,,,,,,,premium,,,,,,,,,,,,,,,,,@harley street nurses (t/a harley street nurses ltd)
95,,,,,,,confusing,stupid,,,,,,,,,,,,,,,,,,,,,,,,,,,a hasu diagnostics
96,reliable,incomplete,,useless,,,,,,,,,,,,,,,,,,,,,,,,,,,,,,,a1 covid testing
97,wrong,frustrating,,,failed,,,,,,,great,take days,,,,,,,,,,,,,,,,,,,,,,a1 global testing limited
98,reliable,incomplete,,useless,,,,,,,,,,,,,,,,,,,,,,,,,,,,,,,a1 track&travel
99,wrong,frustrating,,,failed,,,,,,,great,take days,,,,,,,,,,,,,,,,,,,,,,abbeycovidscreening
100,reliable,incomplete,,useless,,,,,,,,,,,,,,,,,,,,,,,,,,,,,,,abg covic ltd
101,wrong,frustrating,,,failed,,,,,,,great,take days,,,,,,,,,,,,,,,,,,,,,,abicare health
102,,,,touch,frustrated,avoid,,,,,,,,terrible,,,,,,,,,,,,,,,,,,,,,abicare health solutions
103,disorganised,poor,received,work,received,use,use,,rude,bad,,,,,,,,,,,,,,,,,,,,,,,,,abicare health solutions ltd (riva health)
104,,,,,,,,,,,,,,,,,,,,,,,,,,,,,,,,,,,accendolab limited
105,,,,,,,,,,,,,,,,,,,,,,,,,,,,,,,,,,,ace-thetix
106,,,,,,,,,,,,,,,,,,,,,,,,,,,,,,,,,,,acethetix
107,,,,,,,,,,,,,,,,,,,,,,,,,,,,,,,,,,,acethetix testing services
108,,,,,,,,,,,,,,,,,,,,,,,,,,,,,,,,,,,acorn occupational health ltd
109,,,,,,,,,,,,,,,,,,,,,,,,,,,,,,,,,,,advisa  medica
110,,,,,,bad,,,lost,,,,,,,,,,,,,,,,,,,,,,,,,,advisa medica
111,,,,,,,,,,shocking,,,,,,,,,,,,,,,,,,,,,,,,,aeromedical consulting uk
112,,,,,,,,,,,,,,,,,,,,,,,,,,,,,,,,,,,aesthetika clinic
113,mixed up,,,,,,,,,,,,,,,,,,,,,,,,,,,,,,,,,,af aesthetics (enoura medical)
114,,,,,,poor,useless,,,,,,,,,,,,,,,,,,,,,,,,,,,,affinity health
115,,,,,,,,,,,,,,,,,,,,,,,,,,,,,,,,,,,afforable tfnow
116,,,,,,,,,,,,,,,,,,,,,,,,,,,,,,,,,,,agg coventry ltd ta vantage chemist
117,scam,,,,,,,,,,,,,,,,,,,,,,,,,,,,,,,,,,agilis health
118,,,,,,,,,,,,,,,,,,,,,,,,,,,,,,,,,,,ais covid testing ltd
119,,,,,,,useless,collapse,useless,collapse,honeypot,,,,,,,,,,,,,,,,,,,,,,,,al-shadhilli ltd
120,,,,,late,,,,,,,,,,,,,,,,,,,,,,,,,,,,,,alexandru livinschi (t/a bai long ltd)
121,,,,,,,useless,collapse,useless,collapse,honeypot,,,,,,,,,,,,,,,,,,,,,,,,alexandru livinschi (t/a gat c-19)
122,,,,,late,,,,,,,,,,,,,,,,,,,,,,,,,,,,,,all healthcare
123,,,,,,,,,,,,,,,,,,,,,,,,,,,,,,,,,,,alphabiolabs
124,,,,,,,,,,,,,,,,,,,,,,,,,,,,,,,,,,,alphamedicol ltd
125,,,,,,,,,,,,,,,,,,,,,,,,,,,,,,,,,,,alphamedicol ltd.
126,,,,,,,,,,,,,,,,,,,,,,,,,,,,,,,,,,,ambulance services 24 ltd
127,,,,,problems,,,,,,,,,,,,,,,,,,,,,,,,,,,,,,ambutech pre-hospital care
128,,,terrible,liar,,,,,,,,,,,,,,,,,,,,,,,,,,,,,,,amin pharmacy
129,,,,,confusing,rushed,,,cheap,,,,,,,,,,,,,,,,,,,,,,,,,,an sf screening and vaccination service
130,trust,cost,fraudulent,,,terrible,easy,,,,,,poor,,,confusing,,,,,,,,,,,,,,,,,,,andres pharmacy
131,trust,,cancelled,,,,,,,,,,,,,,,,,,,,,,,,,,,,,,,,anglia dna services
132,,,,,bad,,poor,,,,,,,,,,,,,,,,,,,,,,,,,,,,anglo belgravia
133,,,,delayed,,lack,lack,disgrace,,shocked,,,,,,,,,,,,,,,,,,,,,,,,,apollo testing
134,wrong,impressed,pointless,avoid,,,,,,,,,,,,,,,,,,,,,,,,,,,,,,,arrival diagnostics
135,,,,frustrated,,,,,,high,,,,small,,,,,,difficult,difficult,,,,,,,,,,,,,,arrival test centre
136,,expensive,terrible,,,,,,,,,,,,,,,,,,,,,,,,,,,,,,,,arriving uk
137,,,,,negative,,,,,,,,,,,,,,,,,,,,,,,,,,,,,,arrivinguk
138,,,,,,,,,,,,,,,,,,,,,,,,,,,,,,,,,,,ask chemist
139,never received,fraud,,,,,,,,,,,,,,,missing,work,,,,helpful,,,,,,,,,,,,,assured screening
140,refuses,terrible,awful,working,,respond,cancelled,,,,,,,,,,,,,,,,,,,,,,,,,,,,assured screening.com
141,never received,fraud,,,,,,,,,,,,,,,missing,work,,,,helpful,,,,,,,,,,,,,assuredscreening.com
142,refuses,terrible,awful,working,,respond,cancelled,,,,,,,,,,,,,,,,,,,,,,,,,,,,atlas medical services ltd
143,buy,,,,,collected,use,,,,,,,,,,,,,,,,,,,,,,,,,,,,atropa blood clinic
144,scam,lost,avoid,scam,scam,lousy,poor,,missing,missing,,,,,,,,,,,,,,,,,,,,,,,,,atruchecks
145,bad,angry,,complaints,,,,,,,,,,,,,,,,,,,,,,,,,,,,,,,audley pharmacy
146,,unprofessional,wrong,rude,,,,,,,,,,,,,,,,,,,,,,,,,,,,,,,avante health ltd
147,useless,appalling,,,fail,inaccurate,wrong,poorly,complaints,terrible,,,,,,,,,,,,,,,,,,,,,,,,,avante health private gp
148,poor,offer,poor,,recommend,bad,forced,scam,scam,respond,shameful,late,helpful,misleading,added,poor,,,,,,,,,,,,,,,,,,,avery labs
149,useless,appalling,,,fail,inaccurate,wrong,poorly,complaints,terrible,,,,,,,,,,,,,,,,,,,,,,,,,avicenna health
150,poor,offer,poor,,recommend,bad,forced,scam,scam,respond,shameful,late,helpful,misleading,added,poor,,,,,,,,,,,,,,,,,,,bansals pharmacy
151,,,,,poor,ridiculous,,,,,easy,,irrelevant,,,,,,,,,,,,,,,,,,,,,,bansals pharmacy (southend on sea)
152,,broken,,delayed,tricky,slower,,,,,,,,,,,,,,,,,,,,,,,,,,,,,"bansals pharmacy (southend on sea),"
153,,,,,poor,ridiculous,,,,,easy,,irrelevant,,,,,,,,,,,,,,,,,,,,,,barkerhouse pharmacy
154,,broken,,delayed,tricky,slower,,,,,,,,,,,,,,,,,,,,,,,,,,,,,baseline medicine
155,,,,,,,,,,,terrible,awful,recommend,poor,unreactive,,good,,,,,,,,,,,,,,,,,,bestway national chemists t/a well pharmacy ltd
156,,,,,,,,,,,,,,,,,,,,,,,,,,,,,,,,,,,better2know
157,,arrived,,,,,awful,,,,,,,,,,,,,,,,,,,,,,,,,,,,biograd diagnostic laboratories
158,sketchy,,,,,,,,,,,,,,,,,,,,,,,,,,,,,,,,,,biograd diagnostics
159,,arrived,,,,,awful,,,,,,,,,,,,,,,,,,,,,,,,,,,,biogroup laboratory
160,sketchy,,,,,,,,,,,,,,,,,,,,,,,,,,,,,,,,,,biolab london ltd
161,,mucous,delaying,rude,horrible,blaming,,,,,,,,,,,,,,,,,,,,,,,,,,,,,biotherapy services
162,,acceptable,,,,,,,,,,,,,,,,,,,,,,,,,,,,,,,,,black and banton
163,,,,,,,disgraceful,,,,,,,,,,,,,,,,,,,,,,,,,,,,blackburn travel clinic
164,,,,,,,order,,,,,,,,,,,,,,,,,,,,,,,,,,,,blindspot global
165,,,,,,,,,,,,,,,,,,,,,,,,,,,,,,,,,,,blindspot global ltd
166,waiting,hard to fill,match,negative,,,,,,,,,,,,,,,,,,,,,,,,,,,,,,,blue horizon medicals
167,,,,,,,,,,,,,,,,,,,,,,,,,,,,,,,,,,,book a travel test
168,,,,,,,,,,,,,,,,,,,,,,,,,,,,,,,,,,,boots uk
169,,,,,,,,,,,,,,,,,,,,,,,,,,,,,,,,,,,bristol travel clinic
170,,,,,,,,,,,,,,,,,,,,,,,,,,,,,,,,,,,brunswick hygiene
171,shady,,,,,,,,,,,,,,,,,,,,,,,,,,,,,,,,,,brunswick hygiene ltd
172,,,provide,help,fake,came up,came up,avoid,crumpled,missed,incorrect,wasted,,,,,,,,,,,,,,,,,,,,,,,bupa occupational health ltd
173,,,,,,disappointed,,,,,,,,,,,,,,,,,,,,,,,,,,,,,bupa occupational health ltd.
174,,,,,,,,,,,,,,,,,,,,,,,,,,,,,,,,,,,c & h esher limited (t/a central pharmacy)
175,,,,,,,,recommend,recommend,recommend,,,,,,,,,,,,,,,,,,,,,,,,,c & h esher ltd
176,postponed,postponed,,,,,,hesitate,hesitate,,,,,,,,,,,,,,,,,,,,,,,,,,"c & h esher ltd t/a central pharmacy, esher"
177,rude,missing,missing,missing,,,shocked,regret,,,,,,,,,,,,,,,,,,,,,,,,,,,c-19 direct uk lab alliance by cambrige clinical laboratories & nonocus
178,,,,painful,,,,,,,,,,,,,tired,pedantic,,,,,,,,,,,,,,,,,"c-19 direct uk lab alliance by cambrige clinical laboratories & nonocus, using c-19 direct uk lab alliance by cambrige clinical laboratories & nonocus"
179,rude,directional,over,,,rip off,,,disgusting,disgusting,,,,,,,,,,,,,,,,,,,,,,,,,c19 testing
180,lack,exorbitant,ridiculous,,,,,,,,,,,,,,,,,,,,,,,,,,,,,,,,calder pharmacy & medspa clinic
181,,,,,,,,,,,,,,,,,,,,,,,,,,,,,,,,,,,calder pharmacy & medspa clinic notting hill
182,,,,,,,,,,,,,,,,,,,,,,,,,,,,,,,,,,,calder pharmacy & medspa clinic of notting hill
183,,,use,lost,stay away,terrible,ridiculous,useful,,terrible,,terrible,recommended,,,,,,,,,,,,,,,,,,,,,,caliber medical services
184,dreadful,failed,buy,use,,exorbitant,,ruining,use,,,,,,,,,,,,,,,,,,,,,,,,,,candarin medical
185,,,use,lost,stay away,terrible,ridiculous,useful,,terrible,,terrible,recommended,,,,,,,,,,,,,,,,,,,,,,caxton pharmacy
186,dreadful,failed,buy,use,,exorbitant,,ruining,use,,,,,,,,,,,,,,,,,,,,,,,,,,centennial medical care
187,,,,,,,,,,,,,,,,,,,,,,,,,,,,,,,,,,,chase lodge hospital
188,,,,,,disgusting,,,,,,,,,,,,,,,,,,,,,,,,,,,,,chb medical
189,horrible,missed,use,false,use,failed,,,limited,,,,,useless,,,,,,,,,,,,,,,,,,,,,chb medical ltd
190,,,,,,,,,,,,,,,,,,,,,,,,,,,,,,,,,,,check my body health
191,waste of,waste of,use,joke,unsatisfactory,impossible,,appalling,unprofessional,,use,missed,,,,,,,,,,,,,,,,,,,,,,,chelsea medical
192,quarantine,silence,use,waste,bad,complete,good enough,waste,little,,,,,,,,,,,,,,,,,,,,,,,,,,chelsea pharmacy medical clinic
193,waste of,waste of,use,joke,unsatisfactory,impossible,,appalling,unprofessional,,use,missed,,,,,,,,,,,,,,,,,,,,,,,"cheltenham, west midlands & worcester travel clinics"
194,quarantine,silence,use,waste,bad,complete,good enough,waste,little,,,,,,,,,,,,,,,,,,,,,,,,,,"cheltenham, worcester & west midlands travel clinics"
195,use,use,messy,stuck,stuck,impatient,,,,,,,,,,,,,,,,,,,,,,,,,,,,,"cheltenham, worcester and west midlands travel clinics"
196,poor,poor,,shoddy,horrible,,horrendous,,,,reflect well,joke,answer,working,blatent,answer,late,avoid,,,,,,,,,,,,,,,,,chhp and ceritific
197,terrible,unreliable,awful,answer,use,,,,,,,,,,,,,,,,,,,,,,,,,,,,,,chronomics
198,bad,produce,produce,,,,,,,,,,,,,,,,,,,,,,,,,,,,,,,,cht
199,bad,produce,produce,,,,,,,,,,,,,,,,,,,,,,,,,,,,,,,,church pharmacy
200,,bad,,,,,,,,,,,,,,,,,,,,,,,,,,,,,,,,,church pharmacy weybridge
201,bad,horrendous,horrendous,abysmal,process,process,ignored,ignored,ignored,overpriced,avoid,exist,use,conducted,worse,horrible,use,use,use,never,shady,sketchy,poorly,pointless,,,,,,,,,,,churchill's pharmacy
202,wrong,,,,,,,,,,,,,,,,,,,,,,,,,,,,,,,,,,cignpost diagnostics
203,shady,,,,,,,,,,,,,,,,,,,,,,,,,,,,,,,,,,circular 1 health ltd
204,,,provide,help,fake,came up,came up,avoid,crumpled,missed,incorrect,wasted,,,,,,,,,,,,,,,,,,,,,,,citydoc medical
205,,,,,,,,,,,,,,,,,,,,,,,,,,,,,,,,,,,citydoc medical limited
206,,,,,,downside,,,,work,,,,,,,,,,,,,,,,,,,,,,,,,ck doctors covid travel clinics
207,,,,,,distressing,,,,,,,,,,,,,,,,,,,,,,,,,,,,,claret diagnostics ltd
208,,,,terrible,,,,,,,,,,,,,,,,,,,,,,,,,,,,,,,clear diagnostics
209,,,,,,,,,,,,,,,,,,,,,,,,,,,,,,,,,,,clear diagnostics ltd
210,,,,,,,,,crashing,too much money,horrible,bad,,,awful,squarely,,,,,,,,,,,,,,,,,,,clinicare uk
211,worst,pathetic,avoid,,left,bad,,,,,,,,,,,,,,,,,,,,,,,,,,,,,clnq
212,avoid,worst,,,,,avoid,bad,,,,,,,,,,,,,,,,,,,,,,,,,,,coker chest clinic
213,,,,dead,,,,,,,bad,lost,fuming,difficult,,,,,,,,,,,,,,,,,,,,,collingwood health
214,,,,,,,,,,,,,,,,,,,,,,,,,,,,,,,,,,,collinson
215,,poor,,,,blamed,,,,,,,,,,,,,,negative,,,,,,,,,,,,,,,complete covid tests
216,,,,,,poor,praise,,,,,,,,,,,,,,,,,,,,,,,,,,,,concepto clinic
217,,,,,,,wrong,,,,,,,,,,,,,,,,,,,,,,,,,,,,concierge medical
218,,,,,,,,,,,,,,,,,,,,,,,,,,,,,,,,,,,concierge medical practice
219,,,,,,,wrong,,,,,,,,,,,,,,,,,,,,,,,,,,,,confirm testing
220,,,,,,,,,,,,,,,,,,,,,,,,,,,,,,,,,,,confirm testing limited
221,help,,,unprofessional,awful,ignored,joke,help,stay away,,,appalling,,,,,,,,,,,,,,,,,,,,,,,consultant clinic
222,,,,,,,,,,,,,,,,,,,,,,,,,,,,,,,,,,,coop pharmacy
223,,problems,,misled,,,,,,,,,,,,,,,,,,,,,,,,,,,,,,,corona test centre
224,,,,,,,,awful,,,,,,,,,,,,,,,,,,,,,,,,,,,corona testing
225,incompetent,worst,terrible,,,,,,scam,runny,covid,bad,dishonest,,,,,,,,,,,,,,,,,,,,,,corona-testing
226,answer,use,,sceptical,,never,,annoyed,,,disgusting,,awful,buzzing,terrible,dreadful,unacceptable,effective,good,,,,,,,,,,,,,,,,coronafocus by oncologica uk
227,shady,,,,,,,,,,,,,,,,,,,,,,,,,,,,,,,,,,coronafocus by oncologica uk ltd (t/a oncologica uk ltd)
228,,,provide,help,fake,came up,came up,avoid,crumpled,missed,incorrect,wasted,,,,,,,,,,,,,,,,,,,,,,,corporate covid tests
229,late,help,poor,unclear,worse,stay away,,,,incompetent,,,,,,,,,,,,,,,,,,,,,,,,,cosmebeaute
230,,,,,,,,cancelled,non existant,,consider,late,late,mistake,response,joke,,stupid,,,bad,,,,,,,,,,,,,,courtfield private practice
231,late,help,poor,unclear,worse,stay away,,,,incompetent,,,,,,,,,,,,,,,,,,,,,,,,,cov19 care
232,,,,,,,,cancelled,non existant,,consider,late,late,mistake,response,joke,,stupid,,,bad,,,,,,,,,,,,,,cov19care ltd
233,late,help,poor,unclear,worse,stay away,,,,incompetent,,,,,,,,,,,,,,,,,,,,,,,,,covguard
234,,,,,,,,cancelled,non existant,,consider,late,late,mistake,response,joke,,stupid,,,bad,,,,,,,,,,,,,,covguard premium
235,buy,scam,waste,took ages,work,dreadful,deliver,wrong,misleading,misleading,,use,,,,,,,,,,,,,,,,,,,,,,,covid 19 private test ltd
236,invalid,angry,expired,dishonest,,refused,refused,appalling,hideous,use,,,wait hours,wrong,took ages to be delivered,poor,took ages to be delivered,,,,,,,,,,,,,,,,,,covid clear clinic
237,buy,scam,waste,took ages,work,dreadful,deliver,wrong,misleading,misleading,,use,,,,,,,,,,,,,,,,,,,,,,,"covid fit to fly tes t/a nash travel, tourism and transport services ltd."
238,invalid,angry,expired,dishonest,,refused,refused,appalling,hideous,use,,,wait hours,wrong,took ages to be delivered,poor,took ages to be delivered,,,,,,,,,,,,,,,,,,covid mobile health services/remote trauma ld
239,use,appalling,,waiting,waiting,,,bad,registered,,,,thank,,,,,,,,,,,,,,,,,,,,,,covid smart limited
240,,,,,,,,,,,use,,,,,,,,,,,,,,,,,,,,,,,,covid test
241,,,deliver,unethical,,,,,recommend,impossible,,,,,,,,,,,,,,,,,,,,,,,,,covid test centre
242,,worst,stupid,recommend,like,,,,,,,,,,,,,,,,,,,,,,,,,,,,,,covid test hub
243,answer,avoid,,cheap,trash,shameful,scam,scam,scam,,,,,,,,,,,,,,,,,,,,,,,,,,covid test pick and drop
244,,busy,bad,busy,unhelpful,recommend,fraudulent,,,,,,,,,,,,,,,,,,,,,,,,,,,,covid test today
245,use,appalling,,waiting,waiting,,,bad,registered,,,,thank,,,,,,,,,,,,,,,,,,,,,,covid testing laboraratories
246,,,,,,,,,,,use,,,,,,,,,,,,,,,,,,,,,,,,covid testing laboratories
247,recommend,horrific,failed,express,lost,delayed,,,shortened,,,,terrible,invalid,disappointed,,poor,avoided,,,,,,,,,,,,,,,,,covid testing laboratories ltd
248,,,use,available,,,,,,,,,,,,,,,,,,,,,,,,,,,,,,,covid travel clinics
249,,,,,,,order,,,,,,,,,,,,,,,,,,,,,,,,,,,,covid-19 travel clinic
250,,,,,,,,,,,,,,,,,,,,,,,,,,,,,,,,,,,covid19 checking
251,answered,,,,,,,,,,,,,,,,,,,,,,,,,,,,,,,,,,covid19 health clinics limited
252,,,,,,dissapointed,poor,stressful,,exactly as advertised,,,,,,,,,,,,,,,,,,,,,,,,,covidfly
253,,,,,,,,,,,,,,,,,,,,,,,,,,,,,,,,,,,covido
254,missed,missed,use,use,complaints,complaints,,,,recommend,,,,,,uncertainty,,,,,recommend,,,,,,,,,,,,,,covitests
255,,,,,,,,,,,,,,,,,,,,,,,,,,,,,,,,,,,coyne medical
256,,,,,,,,,,,,,unprofessional,,,,,,,,,,,,,,,,,,,,,,coyne medical ltd
257,,,,,,,,,,,,,,,,,,,,,,,,,,,,,,,,,,,cq doctor
258,,,,,,,,,,,,,,,,,,,,,,,,,,,,,,,,,,,crown laboratories ltd
259,,,,,,,,,,,,,,,,,,,,,,,,,,,,,,,,,,,cryo express
260,,,,,,use,adequate,,,,,,,,,,,,,,,,,,,,,,,,,,,,ct24 solutions ltd
261,,,,,,,,,,late,,,,,,,,,,,,,,,,,,,,,,,,,ctm (nhs t&t)
262,,,,,,use,adequate,,,,,,,,,,,,,,,,,,,,,,,,,,,,d&a screening ltd
263,,,,,,,,,,late,,,,,,,,,,,,,,,,,,,,,,,,,dajani pharmacy
264,appalling,,,,,,,,,,,,,,,,,,,,,,,,,,,,,,,,,,dante labs
265,poor,awful,,,use,,,,,,,,,,,,,,,,,,,,,,,,,,,,,,daya pharmacy
266,answered,,,,,,,,,,,,,,,,,,,,,,,,,,,,,,,,,,dears pharmacy & travel clinic
267,,,,,,dissapointed,poor,stressful,,exactly as advertised,,,,,,,,,,,,,,,,,,,,,,,,,dgc health ltd
268,,,recommended,,,,,,,,,,,,,,,,,,,,,,,,,,,,,,,,digital health group ltd t/a pharma diagnostics
269,,,,,,,,,,hesitate,,,,,,,,,,,,,,,,,,,,,,,,,dna workplace
270,terrible,,,,,,,,,,,,,,,,,,,,,,,,,,,,,,,,,,dochq.co.uk
271,terrible,,,,,,,,,,,,,,,,,,,,,,,,,,,,,,,,,,doctap
272,terrible,trust,,,,,,,,,,,,,,,,,thank,,,,,,,,,,,,,,,,doctap ltd
273,,,,,,missed,worst,processed,,hell,,,,,,,,,,,,,,,,,,,,,,,,,doctor driver assessment ltd
274,use,mad,delays,,,,,good,confusing,confusing,clear,,,,,,,,,,,,,,,,,,,,,,,,doctorcall limited
275,,,dreadful,,reliable,,,,,,,,,,,,,,,,,,,,,,,,,,,,,,doctors clinic group
276,,,,,,,,,,,,,,,,,,,,,,,,,,,,,,,,,,,doctors covid travel clinics
277,exist,,,,,,,,simpler,,,,,,,,,,,,,,,,,,,,,,,,,,dorset private gp
278,,,,,,,,,,,appalling,wasted,,,,,,,,,,,,,,,,,,,,,,,dr mo private clinic
279,,,,,,,,,,,,,,,,,,,,,,,,,,,,,,,,,,,dr mo private clinic norwich
280,lack,appalling,,,,,,,,,,,,,,,,,,,,,,,,,,,,,,,,,dr shilpa dave private gp teddington
281,lack,appalling,,,,,,,,,,,,,,,,,,,,,,,,,,,,,,,,,dr tim lebens
282,,,,,,,,,poor,,complaints,rubbish,dismissive,busy,busy,,friendliness,,,,,,,,,,,,,,,,,,dr wayne cottrell
283,poor,bad,,,,,,,,,,,,,,,,,,,,,,,,,,,,,,,,,"dr wayne cottrell, private gp canary wharf"
284,false,match,match,match,rings off,,,,,,,,,,,,,,,,,,,,,,,,,,,,,,dr. shilpa dave private gp teddington
285,inferior,,,,,,,,,,,,,,,,,,,,,,,,,,,,,,,,,,dr. wayne cotrell & co.
286,,,,,,,,,,,,,,,,,,,,,,,,,,,,,,,,,,,duality health
287,back,,lost,lost,bad,,,,,,,,,,,,,,,,,,,,,,,,,,,,,,east midlands laser and cosmetic clinic ltd
288,horrible,,delayed,misleading,understand,,,,,,,,,,,,,,,,,,,,,,,,,,,,,,easter pharmacy
289,terrible,terrible,disappointed,,strange,awful,strange,cancelled,,,,,,,,,,,,,,,,,,,,,,,,,,,easy testing
290,shocking,,,,,poor,,,,,wrong,,,,,,,,,,,,,,,,,,,,,,,,easy testing ltd
291,,released,responsive,,good,hard,available,,lack,,,,difficult,,competitively priced,stressful,,,,,,,,,,,,,,,,,,,edgbaston private medical practice
292,,,,full,,poor,,,,,,,trust,trust,trust,,,,,,,,,,,,,,,,,,,,edgcare private community family doctors
293,,released,responsive,,good,hard,available,,lack,,,,difficult,,competitively priced,stressful,,,,,,,,,,,,,,,,,,,effect doctors
294,,,,full,,poor,,,,,,,trust,trust,trust,,,,,,,,,,,,,,,,,,,,elements medical
295,difficult,,,,,,,,,,,,,,,,,,,,,,,,,,,,,,,,,,elite safety clinic
296,,,,,,,,,,,,,,,,,,,,,,,,,,,,,,,,,,,empire medicines ltd t/a empire pharmacy
297,difficult,,,,,,,,,,,,,,,,,,,,,,,,,,,,,,,,,,enoura medical (af aesthetics)
298,,,,,,,,,,,,,,,,,,,,,,,,,,,,,,,,,,,epistem
299,difficult,,,,,,,,,,,,,,,,,,,,,,,,,,,,,,,,,,est-health wellness clinic
300,,,,,,,,,,,,,,,,,,,,,,,,,,,,,,,,,,,eurofins
301,misleading,abrupt,abrupt,abrupt,rude,,,,,,,,,,,,,,,,,,,,,,,,,,,,,,eurofins forensic services
302,,,,,,,,,,,,,,,,,,,,,,,,,,,,,,,,,,,eurofins forensic services ltd
303,misleading,abrupt,abrupt,abrupt,rude,,,,,,,,,,,,,,,,,,,,,,,,,,,,,,everwell chinese medical centre ltd
304,,,,,,,,,,,,,,,,,,,,,,,,,,,,,,,,,,,everything genetic
305,misleading,abrupt,abrupt,abrupt,rude,,,,,,,,,,,,,,,,,,,,,,,,,,,,,,everything genetic limited
306,,,,,,,,,,,,,,,,,,,,,,,,,,,,,,,,,,,everything genetic ltd
307,horrible,poor,faulty,fit properly,horrible,wasted,,issue,,,bad,,take forever,,,praise,,,wrong,,,,,,,,,,,,,,,,everythinggeneticlimited
308,,,,,worst,doctap,doctap,recommend,,,,,,,,,,,,,,,,,,,,,,,,,,,evolve medical
309,,,,,,down,,available,crashing,,poor,,,wrong,blocked,poor,shame,awful,slow,,,,,,,,,,,,,,,,excalibur diagnostics ltd
310,,,,,,,impossible,,,,,avoid,awful,incorrect,,,,arrived,arrived,arrived,,,,,,,,,,,,,,,expert covid testing uk
311,use,buy,fraud,stay away,disaster,avoid,issue,avoid,terrible,return,nonexistent,,,,,,,,,,,,,,,,,,,,,,,,expert doctors
312,use,,use,joke,never received,replied,horrible,use,use,,,,,,,,,,,,,,,,,,,,,,,,,,expert medicals
313,,,wrong,incorrect,,,,,,,connect,connect,,,,,,,,,,,,,,,,,,,,,,,expert tms limited
314,cancelled,,useless,,,,,,,better,,,,,,,,,,,,,,,,,,,,,,,,,express testing
315,,,wrong,incorrect,,,,,,,connect,connect,,,,,,,,,,,,,,,,,,,,,,,expresstest by cignpost diagnostics
316,cancelled,,useless,,,,,,,better,,,,,,,,,,,,,,,,,,,,,,,,,fakir chemist
317,avoid,,,fake,incomplete,incomplete,,,,,,,,,,,,,concerned,,,missing,,,,,,,,,,,,,family medics
318,avoid,work,,,,,,,,,delayed,,,,,,,,,,,,,,,,,,,,,,,,first medical consultants
319,,,bad,,,,,,,issue,,less,crap,slow,pricy,,,,,,,,,,,,,,,,,,,,fit to fly uk
320,,,,,,,,,,,,,,,,,,,,,,,,,,,,,,,,,,,fit2fly test ltd
321,,,,,,,,,,,,,,,,,,,,,,,,,,,,,,,,,,,fit2fly24/7 ltd
322,,,,,,,,,,,,,,,,,,,,,,,,,,,,,,,,,,,fitnessgenes
323,,,,,,,,,,,,,,,,,,,,,,,,,,,,,,,,,,,flow living medi-care services
324,,,,,,,,,,,,,,,,,,,,,,,,,,,,,,,,,,,flysurance
325,,,,,,,,,,,,,,,,,,,,,,,,,,,,,,,,,,,forensic genomics innovation hub ltd
326,,,,,,,,,,,,,,,,,,,,,,,,,,,,,,,,,,,fusion pharmacy
327,,,,,,,,,,,,,,,,,,,,,,,,,,,,,,,,,,,fusion radiology
328,1 star,terrible,dreadful,wrong,pointless,furnished,,joke,,,,,,,,,,,,,,,,,,,,,,,,,,,fusion radiology ltd
329,,,,,,disappointed,,,,,,,,,,,,,,,,,,,,,,,,,,,,,future health technologies
330,identify,horrible,,closed,avoid,running,contemptuous,ignore,proper,poorly served,,,,miss,,fit,,,,,,,,,,,,,,,,,,,future health technologies limited
331,,,,,hard,,,,,,,,,,,,,,,,,,,,,,,,,,,,,,future healthcare ltd
332,,,,,,,,,,,,,,,,,,,,,,,,,,,,,,,,,,,g16 covid testing
333,,,,,,,competitive,,,,,,dreadful,minuscule,coughing,,,use,premium,,,,,,,,,,,,,,,,genesis support (t/a fit to fly uk)
334,poor,terrible,,,joke,avoid,avoid,worst,shambolic,,,,,,,,,,,rip-off,,,,,,,,,,,,,,,ghosh medical group
335,back,,lost,lost,bad,,,,,,,,,,,,,,,,,,,,,,,,,,,,,,global covid19 testing
336,back,,lost,lost,bad,,,,,,,,,,,,,,,,,,,,,,,,,,,,,,global express travel health clinic
337,,,,,,,,,,negative,,,,,,,,,,,,,,,,,,,,,,,,,global express travel health clinic ltd
338,,,,,,,,,,,,,,,,,,,,,,,,,,,,,,,,,,,global health travel clinic
339,,,,chaotic,rude,unhelpful,expensive,poor,,,,,,,,,,,,,,,,,,,,,,,,,,,global health travel clinic - longcross surrey
340,,,avoid,,wrong,,,,,,,,,,,,,,,,,,,,,,,,,,,,,,good egg medical
341,,,,,,,,worse,bad,,,,,,,,,,,,,,,,,,,,,,,,,,good egg medical limited
342,scammer,non-existent,recommend,unacceptable,use,,,,,,,,,,,,,,,,,,,,,,,,,,,,,,goodbody clinic
343,,,,,,,,worse,bad,,,,,,,,,,,,,,,,,,,,,,,,,,gpdq
344,scammer,non-existent,recommend,unacceptable,use,,,,,,,,,,,,,,,,,,,,,,,,,,,,,,gpdq ltd
345,,,closed,inconsistent,,non existent,,,failed,unhelpful,,pathetic,,,,,,,,,,,,,,,,,,,,,,,guildhall pharmacy
346,,,,,,,,,,,,,,,,,,,,,,,,,,,,,,,,,,,hale clinic harley street
347,,,,,,,,,,,problems,problems,,,,,,,,,,,,,,,,,,,,,,,halo verify
348,,,,,,,,,,,,,,,,,discrepancy,,,,,,,,,,,,,,,,,,hampshire travel clinic
349,awful,come back,results,worst,,,,,,,,,,,,,,,,,,,,,,,,,,,,,,,"hampstead heath pharmacy, travel health & vaccination clinic"
350,hurt,fake,stay away,abuse,traumatising,inhumane,fraud,,fake,problems,,scams,bent,atrocious,chased,chased,,,,,,,,,,,,,,,,,,,harley medic international
351,,bad,,,,,,,,,,,,,,,,,,,,,,,,,,,,,,,,,harley street dr
352,,,,waste of,,,,,,,anxious,,,,,,,,,,,,,,,,,,,,,,,,harley street nurses
353,,,,,,,,,,,,,,,,,,,,,,,,,,,,,,,,,,,harley street nurses ltd
354,,,,waste of,,,,,,,anxious,,,,,,,,,,,,,,,,,,,,,,,,harleys pharmacy
355,,,,,,,,,,,,,,,,,,,,,,,,,,,,,,,,,,,harleystreet
356,awful,buy,impossible,,,,,,,,,,,,,,,,,,,,,,,,,,,,,,,,harper institute ltd
357,,,,,messed up,,,,,,,,,,,,,,,,,,,,,,,,,,,,,,harper medical ltd
358,,,,,,,,,,,,,,,,,,,,,,,,,,,,,,,,,,,harveyrhys clinic
359,,,,,messed up,,,,,,,,,,,,,,,,,,,,,,,,,,,,,,hawkes health
360,,,,,,,,,,,,,,,,,,,,,,,,,,,,,,,,,,,heald green pharmacy
361,recommend,horrific,failed,express,lost,delayed,,,shortened,,,,terrible,invalid,disappointed,,poor,avoided,,,,,,,,,,,,,,,,,healthclic
362,,,use,available,,,,,,,,,,,,,,,,,,,,,,,,,,,,,,,healthium clinics
363,recommend,horrific,failed,express,lost,delayed,,,shortened,,,,terrible,invalid,disappointed,,poor,avoided,,,,,,,,,,,,,,,,,healthwork
364,,,use,available,,,,,,,,,,,,,,,,,,,,,,,,,,,,,,,healthwork ltd
365,awful,buy,impossible,,,,,,,,,,,,,,,,,,,,,,,,,,,,,,,,healthyaa clinic
366,,,,,rude,,,,,,,,,,,,,bad,bad,worse,,,,,,,,,,,,,,,heart lung centre
367,,,,,,,,,,,,,,,,,,,,,,,,,,,,,,,,,,,heathrow medical services
368,,,,,,,,,,terrible,,,,,,,,,,,,,,,,,,,,,,,,,heathrow medical services llp
369,good,,,,,,,,,,,,,,,,,,,,,,,,,,,,,,,,,,helix services limited also t/a travel test assured
370,proper,,user friendly,,,use,argumentative,,caring,attracted,attracted,rude,cheapest,,,,,,,,,,,,,,,,,,,,,,herts
371,proper,,user friendly,,,use,argumentative,,caring,attracted,attracted,rude,cheapest,,,,,,,,,,,,,,,,,,,,,,hhh diagnostics
372,back,,lost,lost,bad,,,,,,,,,,,,,,,,,,,,,,,,,,,,,,home2lab
373,,,nonexistent,terrible,horrible,outrageous,,,,,,,,,,,,,,,,,,,,,,,,,,,,,https://private-testing-providers.london.cloudapps.digital/refresh-cache?id=750482
374,thank,,,,,,,stuck,scam,,contaminated,,,,,,,,,,,,,,,,,,,,,,,,i-gen testing
375,,,cheapest,,shocking,false,breach,use,,,,,earlier,,,use,receive,,,appalling,,,,,,,,,,,,,,,i-gen testing limited
376,,,harder,,,,work,rude,,,,,,,,,,,,,poor,,,,,,,,,,,,,,ihomecare
377,,,cheapest,,shocking,false,breach,use,,,,,earlier,,,use,receive,,,appalling,,,,,,,,,,,,,,,ingleton pharmacy
378,,,harder,,,,work,rude,,,,,,,,,,,,,poor,,,,,,,,,,,,,,insta care solutions limited
379,forced,upsetting,disgraceful,avoid,wrong,well run,,,,,,,,,,,,,,,,,,,,,,,,,,,,,iq  doctor
380,shameless,incompetent,abysmal,repetition,dithered,sorry,,,disgrace,pointless,work,fails,inadequate,,nonsense,nonsense,,,guaranteeing,unfit,avoided,inadequate,misleading,awful,wrong,trust,,refused,guarantee,,failed,incorrect,poor,,iq doctor
381,back,,lost,lost,bad,,,,,,,,,,,,,,,,,,,,,,,,,,,,,,iqdoctor
382,,,,,,,,,,,,,,,,,,,,,,,,,,,,,,,,,,,isac labs ltd
383,cheapest,,,,faulty,answers,,,,,,,,,,,,,,,,,,,,,,,,,,,,,jace medical
384,,,,,,,,,,,,,,,,,,,,,,,,,,,,,,,,,,,jdoc medical limited
385,cheapest,,,,faulty,answers,,,,,,,,,,,,,,,,,,,,,,,,,,,,,jdoc medical limited ( t/a jdoc365)
386,,,,,,,,,,,,,,,,,,,,,,,,,,,,,,,,,,,jdoc medical limited (t/a jdoc365)
387,,,,,,,,,,,,,,,,,,,,,,,,,,,,,,,,,,,jdoc medical linited (t/a jdoc365)
388,,,,,,,,,,,,,,,,,,,,,,,,,,,,,,,,,,,john bell & croyden
389,avoid,provide,,work,,fraudulent,unattainable,,,,,,,,,,,,,,,,,,,,,,,,,,,,js biomedical ltd
390,disgusting,gone bust,disgraceful,lack,incompetent,poor,,wasted,ripped off,incompetent,scam,worst,terrible,,,,,,,,,,,,,,,,,,,,,,just health
391,,,,,,,,,,,,,,,,,,,,,,,,,,,,,,,,,,,katalyst laboratories
392,,,,,,,,,,,,,,,,,,,,,,,,,,,,,,,,,,,kings medical centre
393,,,,,,,,,,,,,,,,,,,,,,,,,,,,,,,,,,,klarity
394,,,,,,,,,,,,,,,,,,,,,,,,,,,,,,,,,,,klinical enterprises ltd t/a national covid testing
395,awful,terrible,,,,,,,,,,,,,,,,,,,,,,,,,,,,,,,,,knightsbridge pharmacy
396,awful,terrible,,,,,,,,,,,,,,,,,,,,,,,,,,,,,,,,,kurix health
397,poor,negative,,,,,,,,,,,,,,,,,,,,,,,,,,,,,,,,,kyl healthcare services limited t/as the honeybee private nurse clinic
398,poor,negative,,,,,,,,,,,,,,,,,,,,,,,,,,,,,,,,,la perla clinic
399,,,,,expensive,busy,,terrible,offer,,down,,,,fatal,,,,,,,,,,,,,,,,,,,,labmedexpert
400,,,,,,,,,,,,,,,,,,,,,,,,,,,,,,,,,,,labmedexpert limited
401,,,,,,,,,,,,,,,,,,,,,,,,,,,,,,,,,,,laser and light
402,,problems,bad,horrible,poor,bad,fake,disrespectful,,poor,deserve,avoid,terrible,real,,,,,,,stressful,,,,,,,,,,,,,,leeds covid testing
403,,,,,,misleading,,,,,problems,,,nicest,cost,cost,cost,,,,,,,,,,,,,,,,,,leeds covid testing ltd
404,bad,stressful,,,,,,,,,,disappointing,rubbish,wrong,cancelled,rubbish,,,,,,,,,,,,,,,,,,,leigh broadway pharmacy (elm road)
405,,never received,,crooked,,,,,,,,shocking,,processed,despatched,rejected,effective,wrong,,,,,,,,,,,,,,,,,lifecrest ltd trading as (lifecrest medical laboratory)
406,late,worth buying,disputing,busy,use,,,,,,,,,,,,,,,,,,,,,,,,,,,,,,linbury doctors
407,use,terrible,work,do their job,busy,scam,foolish,respond,busy,arrive,unreliable,,,,,,,,,,,,,,,,,,,,,,,,live covid testing
408,late,worth buying,disputing,busy,use,,,,,,,,,,,,,,,,,,,,,,,,,,,,,,local pcr
409,use,terrible,work,do their job,busy,scam,foolish,respond,busy,arrive,unreliable,,,,,,,,,,,,,,,,,,,,,,,,locaton medical services ltd
410,late,worth buying,disputing,busy,use,,,,,,,,,,,,,,,,,,,,,,,,,,,,,,london corona test centre
411,use,terrible,work,do their job,busy,scam,foolish,respond,busy,arrive,unreliable,,,,,,,,,,,,,,,,,,,,,,,,london covid testing
412,,,appalling,,,,,poor,,,,,,,,,,,,,,,,,,,,,,,,,,,london elite health
413,,rip off,rip off,,,,,,,,,,,,,,,,,,,,,,,,,,,,,,,,london medical concierge
414,delayed,,recommend,,damaged,,,,,,,,,,negative,,,,,,,,,,,,,,,,,,,,london medical laboratory
415,,,,,,,,,,,,,,,,,,,,,,,,,,,,,,,,,,,london medical laboratory / private coronavirus tests
416,terrible,different,avoid,avoid,,,,,,,worse,messed up,,,,,,,,,,,,,,,,,,,,,,,london nutrition doctor
417,,,,,,awful,confusing,,,,,,,,,,,,,,,,,,,,,,,,,,,,london screening centre
418,,,cancelled,,,,,,,,,,,,,,,,,,,,,,,,,,,,,,,,london screening street
419,,,cancelled,,,,,,,,,,,,,,,,,,,,,,,,,,,,,,,,london vaccination clinic
420,,,issues,invalid,error,inaccurate,,wrong,,,,,,,,,,,,,,,,,,,,,,,,,,,longridge travel health clinic
421,,,unwilling,,vulnerable,use,refused,incorrect,,,,disgusting,shocked,,,,,,,,,,,,,,,,,,,,,,lord's pharmacy
422,,,issues,invalid,error,inaccurate,,wrong,,,,,,,,,,,,,,,,,,,,,,,,,,,lyca health
423,,,unwilling,,vulnerable,use,refused,incorrect,,,,disgusting,shocked,,,,,,,,,,,,,,,,,,,,,,mare st clinic
424,late,worth buying,disputing,busy,use,,,,,,,,,,,,,,,,,,,,,,,,,,,,,,masta
425,use,terrible,work,do their job,busy,scam,foolish,respond,busy,arrive,unreliable,,,,,,,,,,,,,,,,,,,,,,,,masters (uk) limited t/a nechells pharmacy and masters pharmacy
426,,,,,,wrong,,,,,,,,,,,,,,,,,,,,,,,,,,,,,masters pharmacy
427,,,,,,,,damaged,,,badly smashed,,missing,missing,poor,bad,good,,,,,,,,,,,,,,,,,,mayfair doctors
428,,,,,,,,,,,,,,,,,,,,,,,,,,,,,,,,,,,mayfair pharmacy
429,,,,,,,,,,,,,,,,,,,,,,,,,,,,,,,,,,,mayfield clinic
430,poor,cancelled,fraudulent,scam,fraud,,delivered,scam,scam,never,rip-off,exhausting,,,,,,,,,,,,,,,,,,,,,,,mdna life sciences
431,avoid,wrong,wrong,scam,use,terrible,,busy,use,,cancelled,,,,,,,,,,,,,,,,,,,,,,,,mdna life sciences (uk) ltd
432,poor,negative,,,,,,,,,,,,,,,,,,,,,,,,,,,,,,,,,mdx healthcare ltd t/a medix
433,,,,,,,,,,,,,,,,,,,,,,,,,,,,,,,,,,,me360 healthcare limited t/a me360 testing services
434,,,,,,,,,,,,,,,,,,,,,,,,,,,,,,,,,,,me360 healthcare ltd t/a me360 testing services
435,,,,,,disappointing,unhelpful,,,,,,,,,,,,,,,,,,,,,,,,,,,,me360 testing services
436,,poor,use,wrong,,,,,,,,,,,,,,,,,,,,,,,,,,,,,,,med24 limited
437,late,,,,invalid,,expensive,,,,incorrect,,,,,,,,,,,,,,,,,,,,,,,,medchecks
438,bad,,,,,,full,,,,,,,,,,,,,,,,,,,,,,,,,,,,medi-park clinic
439,,,,,,serious,,,,,,,,,,,,,,,,,,,,,,,,,,,,,medi-swift
440,,,,,,,,,,,,,,,,,,,,,,,,,,,,,,,,,,,medic 1 direct
441,terrible,terrible,disappointed,,strange,awful,strange,cancelled,,,,,,,,,,,,,,,,,,,,,,,,,,,medic testing
442,shocking,,,,,poor,,,,,wrong,,,,,,,,,,,,,,,,,,,,,,,,medical
443,,,,,,,,,,incompetence,incompetence,irritating,,,,,,,,,,,,,,,,,,,,,,,medical and rescue
444,,,,,,,,review,review,,,,disappointed,,,,,,,,,,,,,,,,,,,,,,medical and rescue - london and lhr
445,,,,,,,,,,,,,,,,,recommend,recommend,,,,,,,,,,,,,,,,,medical covid test
446,,,currier,,,,,,,,,,,,,,,,,,,,,,,,,,,,,,,,medical diagnosis
447,,,,,,,,,,,,,,,,,recommend,recommend,,,,,,,,,,,,,,,,,medical logistics
448,,,currier,,,,,,,,,,,,,,,,,,,,,,,,,,,,,,,,medical logistics / samedaycoronavirustests.com
449,,,,,,,,,,,,,,,,,,,,,,,,,,,,,,,,,,,medical testing
450,,bad,,like,constantly ringing,,rubbish,rubbish,incorrect,,,,,,,,,,,,,,,,recommend,,,,,,,,,,medicines online
451,,awful,unprofessional,clear,vanished off,,,high,unsightly,,stay away,rude,dreadful,,false,lack,happen,,busy,outrageous,unreliable,,,,,,,,,,,,,,medicines online ltd
452,,,,,,,,,,,,,,,,,,,,,,,,,,,,,,,,,,,medicspot
453,,,,,,,,,,,,,,,,,,,,,,,,,,,,,,,,,,,medinow
454,,badly broken,,,,,,,,,,,over,,unsatisfied,,,,,,,,,,,,,,,,,,,,mediscan diagnostic services
455,disappointed,,,,,,,,,,,,,,,,,,,,,,,,,,,,,,,,,,medplus test
456,use,deliver,pointless,reviewed,waste,,missed,happy,,hassle,awful,recommend,sued,,,,,,,,,,,,,,,,,,,,,,medwyn occupational health
457,,,poor,use,,,dreadful,,struggling,,,,,,,,,,,,,,,,,,,,,,,,,,mhf medical concierge
458,on time,unresponsive,,,,,,,,,,,,,,,,,,,,,,,,,,,,,,,,,midland covid testing
459,problems,scamming,,,,,,,,,,,,,,,,,,,,,,,,,,,,,,,,,midland covid testing limited
460,problems,scamming,,,,,,,,,,,,,,,,,,,,,,,,,,,,,,,,,midland health
461,,,,,,,,,,,,,,,,,praise,,,,,,,,,,,,,,,,,,midlands ultrasound and medical services
462,,,,,,,,worried,,,,,,,,,,,,,,,,,,,,,,,,,,,mildcare ltd
463,,,,,,,,,,,,,,,,,,,,,,,,,,,,,,,,,,,minton treharne & davies laboratories
464,,,,,,,,,,,,,,,,,,,,,,recommending,,,,,,,,,,,,,minton treharne & davies laboratories limited
465,,,poor,,,,,,,,,,,,,,,,,,,,,,,,,,,,,,,,mk18 private medical practice
466,,recommend,operating,,,,,stressful,poor,frustrated,cancelled,worst,,,,,,,,,,,,,,,,,,,,,,,mlp
467,,,,,,,,,,,,,,,,,,,,,,,,,,,,,,,,,,,mobihealth international
468,disappointed,consideration,,,,,,,,,,,,,,,,,,,,,,,,,,,,,,,,,moore medical practice
469,,,,,,,,,,,,,,,,,,,,,,,,,,,,,,,,,,,msh medical
470,,,,,,,,,,,,,,,,,,,,,,,,,,,,,,,,,,,msi clinics
471,expensive,sensitive,fake,stay away,frustrated,,,,,,,,,,,,,,,,,,,,,,,,,,,,,,msi clinics limited
472,scam,expensive,scam,dishonest,misleading,misleading,available,,false,,,,,,,,,,,,,,,,,,,,,,,,,,my express testing
473,,,,,,,,,,,,,,,,,,,,,,,,,,,,,,,,,,,my express testing uk
474,,,,,,,,,,,,,,,,,,,,,,,,,,,,,,,,,,,my local travel clinic
475,littered,terrible,pathetic,,,,,,,,,,,,,,,,,,,,,,,,,,,,,,,,my london pharmacy
476,,,,,,,,,avoid,,,,,,,,,,,,,,,,,,,,,,,,,,my private chemist
477,,,,,,,,,,incorrect,,,,,,,,,,,,,,,,,,,,,,,,,myhealthcare clinic
478,,,,,,,,,,awkward,,,,,,,,,,,,,,,,,,,,,,,,,myhealthchecked
479,,,,,,,,,,,,,,,,,,,,,,,,,,,,,,,,,,,national covid testing (klinical enterprises ltd)
480,,,,,,,,,,,,,,,,,,,,,,,,,,,,,,,,,,,nationwide pathology
481,,,,,,,,,,,,,,,,,,,,,,,,,,,,,,,,,,,nationwide pathology limited
482,,,,,,,,,,,,,,,,,,,,,,,,,,,,,,,,,,,nechells pharmacy and masters pharmacy
483,,,,,,,,,,,,,,,,,,,,,,,,,,,,,,,,,,,new street pharmacy
484,,,,,,,,,,,,,,,,,,,,,,,,,,,,,,,,,,,new street pharmacy t/a the travel vaccine room
485,,,,,trusted,,,,,,,,,,,,,,,,,,,,,,,,,,,,,,newcastle premier health
486,,,,,,,,,,,,,,,,,,,,,,,,,,,,,,,,,,,nhl pharmacy
487,,,,,trusted,,,,,,,,,,,,,,,,,,,,,,,,,,,,,,nivha laboratory services ltd
488,,,,,,,,,,,,,,,,,,,,,,,,,,,,,,,,,,,"nivha laboratory services ltd, randox"
489,,,,,,,,,great,,,,,,,,,,,,,,,,,,,,,,,,,,nivha laboratory services ltd.
490,,,,,,,,,,,,,,,,,,,,,,,,,,,,,,,,,,,nl clinic
491,,,,,,,,,great,,,,,,,,,,,,,,,,,,,,,,,,,,nomad
